Order_ID,Order_Date,Customer_ID,Customer_Segment,Region,City,Sales_Channel,Product_ID,Product_Name,Category,Quantity,Unit_Price,Discount_Percent,Gross_Sales,Discount_Amount,Shipping_Cost,Payment_Fee,Cost_of_Goods,Return_Flag,Return_Quantity,Return_Amount,Net_Revenue,Profit,Profit_Margin,Payment_Method,Order_Status
ORD00001,2024-01-05,C0466,Consumer,West,Mumbai,Website,P013,Coffee Maker,Home & Kitchen,3,4050.06,10.0,12150.18,1215.02,78.75,209.81,7650,False,0,0.0,10935.16,2996.6,27.4,Credit Card,Delivered
ORD00002,2024-03-18,C0216,Consumer,South,Chennai,Website,P008,Fitness Band,Sports,1,2040.22,5.0,2040.22,102.01,65.15,63.59,1200,False,0,0.0,1938.21,609.47,31.44,Debit Card,Delivered
ORD00003,2024-04-18,C0146,Consumer,West,Ahmedabad,Mobile App,P013,Coffee Maker,Home & Kitchen,1,3932.4,5.0,3932.4,196.62,73.74,69.98,2550,False,0,0.0,3735.78,1042.06,27.89,UPI,Delivered
ORD00004,2024-08-30,C0543,Consumer,North,Chandigarh,Marketplace,P017,Notebook Set,Stationery,5,571.69,15.0,2858.45,428.77,81.9,72.22,1300,False,0,0.0,2429.68,975.56,40.15,Debit Card,Delivered
ORD00005,2025-07-03,C0139,Consumer,East,Kolkata,Mobile App,P014,Air Fryer,Home & Kitchen,2,5775.1,10.0,11550.2,1155.02,62.41,332.8,7000,False,0,0.0,10395.18,2999.97,28.86,Credit Card,Delivered
ORD00006,2025-04-03,C0137,Consumer,West,Ahmedabad,Website,P019,Planner,Stationery,3,737.09,5.0,2211.27,110.56,119.16,50.95,960,False,0,0.0,2100.71,970.6,46.2,Debit Card,Delivered
ORD00007,2025-10-26,C0145,Consumer,East,Patna,Mobile App,P014,Air Fryer,Home & Kitchen,1,5625.28,10.0,5625.28,562.53,47.04,133.65,3500,False,0,0.0,5062.75,1382.06,27.3,Net Banking,Delivered
ORD00008,2024-06-07,C0228,Consumer,North,Chandigarh,Website,P001,Wireless Headphones,Electronics,2,1917.63,5.0,3835.26,191.76,137.02,123.68,2100,False,0,0.0,3643.5,1282.8,35.21,Credit Card,Delivered
ORD00009,2025-09-14,C0460,Consumer,West,Surat,Mobile App,P004,Laptop Stand,Electronics,3,1424.72,5.0,4274.16,213.71,105.4,79.37,2550,False,0,0.0,4060.45,1325.68,32.65,UPI,Delivered
ORD00010,2024-07-20,C0436,Corporate,South,Chennai,Website,P013,Coffee Maker,Home & Kitchen,1,4388.49,0.0,4388.49,0.0,84.66,111.04,2550,False,0,0.0,4388.49,1642.79,37.43,Credit Card,Delivered
ORD00011,2024-12-07,C0476,Home Office,North,Chandigarh,Mobile App,P005,Mechanical Keyboard,Electronics,1,2918.88,5.0,2918.88,145.94,55.86,83.37,1650,False,0,0.0,2772.94,983.71,35.48,Net Banking,Delivered
ORD00012,2024-03-27,C0055,Consumer,West,Pune,Marketplace,P014,Air Fryer,Home & Kitchen,1,5526.23,20.0,5526.23,1105.25,42.73,73.88,3500,False,0,0.0,4420.98,804.37,18.19,UPI,Delivered
ORD00013,2025-07-01,C0285,Consumer,North,Jaipur,Marketplace,P013,Coffee Maker,Home & Kitchen,3,4518.9,5.0,13556.7,677.84,158.81,446.99,7650,False,0,0.0,12878.86,4623.06,35.9,UPI,Delivered
ORD00014,2024-07-27,C0526,Consumer,South,Chennai,Mobile App,P018,Premium Pen Set,Stationery,2,907.8,10.0,1815.6,181.56,83.35,24.87,800,False,0,0.0,1634.04,725.82,44.42,COD,Delivered
ORD00015,2024-06-16,C0268,Corporate,South,Bengaluru,Website,P020,Study Table Organizer,Stationery,2,1066.48,5.0,2132.96,106.65,239.35,46.47,900,False,0,0.0,2026.31,840.49,41.48,UPI,Delivered
ORD00016,2025-07-01,C0148,Consumer,West,Surat,Website,P007,Yoga Mat,Sports,3,1261.27,10.0,3783.81,378.38,97.15,91.28,1950,False,0,0.0,3405.43,1267.0,37.21,UPI,Delivered
ORD00017,2024-01-17,C0330,Consumer,South,Bengaluru,Website,P013,Coffee Maker,Home & Kitchen,2,3890.49,15.0,7780.98,1167.15,77.92,174.33,5100,False,0,0.0,6613.83,1261.58,19.07,UPI,Delivered
ORD00018,2024-05-16,C0498,Consumer,North,Delhi,Mobile App,P013,Coffee Maker,Home & Kitchen,2,4078.2,15.0,8156.4,1223.46,169.33,136.3,5100,True,2,6932.94,0.0,-5405.63,0.0,COD,Returned
ORD00019,2024-09-07,C0141,Home Office,North,Chandigarh,Marketplace,P011,Leather Wallet,Accessories,3,1064.27,15.0,3192.81,478.92,163.71,55.76,1650,False,0,0.0,2713.89,844.42,31.11,UPI,Delivered
ORD00020,2024-12-09,C0140,Home Office,East,Kolkata,Marketplace,P019,Planner,Stationery,1,789.68,0.0,789.68,0.0,120.66,12.43,320,False,0,0.0,789.68,336.59,42.62,Net Banking,Delivered
ORD00021,2024-02-23,C0047,Consumer,West,Mumbai,Marketplace,P012,Sunglasses,Accessories,4,1505.16,20.0,6020.64,1204.13,221.05,150.23,3400,False,0,0.0,4816.51,1045.23,21.7,Credit Card,Delivered
ORD00022,2024-05-03,C0038,Consumer,West,Mumbai,Website,P019,Planner,Stationery,3,795.44,10.0,2386.32,238.63,218.62,69.47,960,False,0,0.0,2147.69,899.6,41.89,Net Banking,Delivered
ORD00023,2024-06-18,C0356,Corporate,South,Chennai,Website,P008,Fitness Band,Sports,1,1970.92,0.0,1970.92,0.0,211.92,34.63,1200,False,0,0.0,1970.92,524.37,26.61,UPI,Delivered
ORD00024,2025-02-15,C0572,Corporate,West,Mumbai,Website,P009,Office Backpack,Accessories,1,1850.7,5.0,1850.7,92.54,164.82,39.86,1000,False,0,0.0,1758.16,553.48,31.48,Net Banking,Delivered
ORD00025,2025-04-03,C0570,Consumer,West,Pune,Website,P016,Desk Lamp,Home & Kitchen,3,1295.01,15.0,3885.03,582.75,220.05,113.24,2250,False,0,0.0,3302.28,718.99,21.77,Credit Card,Delivered
ORD00026,2025-07-23,C0527,Consumer,South,Hyderabad,Website,P010,Travel Bag,Accessories,1,2723.47,15.0,2723.47,408.52,243.18,43.31,1450,False,0,0.0,2314.95,578.46,24.99,UPI,Delivered
ORD00027,2024-08-23,C0521,Consumer,West,Mumbai,Website,P007,Yoga Mat,Sports,1,1132.02,5.0,1132.02,56.6,43.86,26.51,650,False,0,0.0,1075.42,355.05,33.02,UPI,Delivered
ORD00028,2024-08-29,C0002,Home Office,North,Delhi,Website,P009,Office Backpack,Accessories,2,1827.3,5.0,3654.6,182.73,102.76,117.02,2000,False,0,0.0,3471.87,1252.09,36.06,Debit Card,Delivered
ORD00029,2024-04-20,C0251,Consumer,North,Lucknow,Marketplace,P001,Wireless Headphones,Electronics,4,1870.35,10.0,7481.4,748.14,49.17,122.77,4200,True,3,5049.94,1683.32,-2688.62,-159.72,UPI,Returned
ORD00030,2024-12-17,C0312,Consumer,East,Patna,Website,P020,Study Table Organizer,Stationery,2,1002.24,0.0,2004.48,0.0,123.06,54.37,900,False,0,0.0,2004.48,927.05,46.25,Debit Card,Delivered
ORD00031,2025-01-05,C0186,Corporate,East,Ranchi,Website,P013,Coffee Maker,Home & Kitchen,1,4449.14,5.0,4449.14,222.46,115.44,113.52,2550,False,0,0.0,4226.68,1447.72,34.25,Credit Card,Cancelled
ORD00032,2024-03-06,C0163,Corporate,South,Hyderabad,Mobile App,P002,Smart Watch,Electronics,1,3029.53,0.0,3029.53,0.0,194.64,85.66,1900,False,0,0.0,3029.53,849.23,28.03,Net Banking,Delivered
ORD00033,2024-06-04,C0367,Home Office,East,Ranchi,Mobile App,P017,Notebook Set,Stationery,2,608.13,5.0,1216.26,60.81,140.78,33.18,520,True,1,577.72,577.73,-116.23,-20.12,Debit Card,Returned
ORD00034,2024-07-03,C0039,Corporate,North,Lucknow,Mobile App,P004,Laptop Stand,Electronics,3,1546.23,15.0,4638.69,695.8,183.48,98.35,2550,False,0,0.0,3942.89,1111.06,28.18,Net Banking,Delivered
ORD00035,2025-08-10,C0345,Consumer,South,Bengaluru,Mobile App,P011,Leather Wallet,Accessories,1,1062.81,10.0,1062.81,106.28,200.69,32.06,550,False,0,0.0,956.53,173.78,18.17,COD,Delivered
ORD00036,2024-10-05,C0365,Home Office,South,Kochi,Website,P006,Running Shoes,Sports,2,3557.93,5.0,7115.86,355.79,137.33,152.75,4200,False,0,0.0,6760.07,2269.99,33.58,Credit Card,Delivered
ORD00037,2025-09-20,C0221,Corporate,West,Surat,Website,P017,Notebook Set,Stationery,1,641.0,15.0,641.0,96.15,113.84,9.28,260,False,0,0.0,544.85,161.73,29.68,UPI,Delivered
ORD00038,2025-06-22,C0156,Consumer,North,Chandigarh,Website,P003,Bluetooth Speaker,Electronics,1,2311.14,5.0,2311.14,115.56,63.58,33.05,1300,False,0,0.0,2195.58,798.95,36.39,Credit Card,Delivered
ORD00039,2024-01-26,C0521,Consumer,South,Kochi,Website,P014,Air Fryer,Home & Kitchen,1,5474.93,0.0,5474.93,0.0,89.4,177.31,3500,False,0,0.0,5474.93,1708.22,31.2,Credit Card,Delivered
ORD00040,2025-10-16,C0419,Corporate,South,Kochi,Mobile App,P008,Fitness Band,Sports,1,1975.14,10.0,1975.14,197.51,161.46,36.41,1200,False,0,0.0,1777.63,379.76,21.36,UPI,Delivered
ORD00041,2024-03-13,C0353,Corporate,West,Mumbai,Mobile App,P001,Wireless Headphones,Electronics,1,1671.07,5.0,1671.07,83.55,249.05,37.98,1050,False,0,0.0,1587.52,250.49,15.78,Credit Card,Delivered
ORD00043,2025-10-15,C0481,Corporate,West,Mumbai,Website,P018,Premium Pen Set,Stationery,1,950.61,15.0,950.61,142.59,64.44,25.33,400,False,0,0.0,808.02,318.25,39.39,Net Banking,Delivered
ORD00044,2024-05-13,C0067,Consumer,South,Kochi,Marketplace,P007,Yoga Mat,Sports,4,1130.73,15.0,4522.92,678.44,106.68,130.93,2600,False,0,0.0,3844.48,1006.87,26.19,Debit Card,Delivered
ORD00045,2025-06-20,C0079,Consumer,East,Ranchi,Marketplace,P004,Laptop Stand,Electronics,1,1618.77,15.0,1618.77,242.82,246.57,27.22,850,False,0,0.0,1375.95,252.16,18.33,UPI,Delivered
ORD00046,2024-09-19,C0080,Consumer,South,Bengaluru,Mobile App,P001,Wireless Headphones,Electronics,1,1712.05,5.0,1712.05,85.6,213.78,48.26,1050,False,0,0.0,1626.45,314.41,19.33,UPI,Delivered
ORD00047,2025-12-31,C0405,Consumer,West,Surat,Mobile App,P015,Electric Kettle,Home & Kitchen,1,1799.81,0.0,1799.81,0.0,66.71,58.12,1050,False,0,0.0,1799.81,624.98,34.72,Debit Card,Delivered
ORD00048,2025-03-11,C0422,Corporate,North,Jaipur,Marketplace,P014,Air Fryer,Home & Kitchen,2,5926.83,0.0,11853.66,0.0,148.87,213.41,7000,False,0,0.0,11853.66,4491.38,37.89,Credit Card,Delivered
ORD00049,2024-07-18,C0505,Corporate,South,Bengaluru,Website,P009,Office Backpack,Accessories,3,1846.17,0.0,5538.51,0.0,44.4,92.18,3000,False,0,0.0,5538.51,2401.93,43.37,UPI,Delivered
ORD00050,2024-11-24,C0463,Corporate,West,Mumbai,Website,P001,Wireless Headphones,Electronics,2,1889.79,0.0,3779.58,0.0,111.04,126.85,2100,False,0,0.0,3779.58,1441.69,38.14,UPI,Delivered
ORD00051,2024-05-03,C0414,Consumer,East,Ranchi,Website,P016,Desk Lamp,Home & Kitchen,5,1508.57,0.0,7542.85,0.0,74.61,133.01,3750,False,0,0.0,7542.85,3585.23,47.53,Net Banking,Delivered
ORD00052,2025-02-10,C0088,Corporate,West,Pune,Mobile App,P018,Premium Pen Set,Stationery,2,954.69,5.0,1909.38,95.47,195.89,56.78,800,False,0,0.0,1813.91,761.24,41.97,Debit Card,Delivered
ORD00053,2025-01-27,C0500,Home Office,North,Jaipur,Mobile App,P008,Fitness Band,Sports,3,2148.17,5.0,6444.51,322.23,68.94,173.02,3600,True,3,6122.28,0.0,-3841.96,0.0,UPI,Returned
ORD00054,2024-02-07,C0188,Consumer,South,Kochi,Website,P013,Coffee Maker,Home & Kitchen,1,4291.72,10.0,4291.72,429.17,196.64,133.8,2550,False,0,0.0,3862.55,982.11,25.43,Net Banking,Delivered
ORD00055,2025-11-15,C0350,Corporate,West,Ahmedabad,Website,P002,Smart Watch,Electronics,1,3430.56,5.0,3430.56,171.53,245.73,59.66,1900,False,0,0.0,3259.03,1053.64,32.33,Credit Card,Delivered
ORD00056,2025-12-10,C0563,Consumer,East,Bhubaneswar,Marketplace,P012,Sunglasses,Accessories,1,1667.97,15.0,1667.97,250.2,68.42,42.57,850,False,0,0.0,1417.77,456.78,32.22,COD,Delivered
ORD00057,2025-09-09,C0414,Consumer,West,Ahmedabad,Website,P005,Mechanical Keyboard,Electronics,1,2814.52,5.0,2814.52,140.73,228.97,41.27,1650,False,0,0.0,2673.79,753.55,28.18,COD,Delivered
ORD00058,2024-07-17,C0426,Consumer,South,Kochi,Website,P015,Electric Kettle,Home & Kitchen,1,1863.36,0.0,1863.36,0.0,183.59,48.26,1050,False,0,0.0,1863.36,581.51,31.21,UPI,Delivered
ORD00059,2024-02-12,C0423,Consumer,South,Bengaluru,Mobile App,P017,Notebook Set,Stationery,1,562.75,15.0,562.75,84.41,206.74,11.93,260,False,0,0.0,478.34,-0.33,-0.07,Net Banking,Delivered
ORD00060,2024-03-08,C0214,Consumer,West,Surat,Marketplace,P006,Running Shoes,Sports,1,3428.28,10.0,3428.28,342.83,59.62,73.5,2100,False,0,0.0,3085.45,852.33,27.62,UPI,Delivered
ORD00061,2025-05-22,C0476,Home Office,South,Bengaluru,Mobile App,P011,Leather Wallet,Accessories,1,1185.1,5.0,1185.1,59.26,78.69,37.02,550,False,0,0.0,1125.84,460.13,40.87,UPI,Delivered
ORD00062,2024-12-31,C0544,Corporate,West,Ahmedabad,Mobile App,P009,Office Backpack,Accessories,3,1678.87,0.0,5036.61,0.0,220.22,158.06,3000,False,0,0.0,5036.61,1658.33,32.93,Debit Card,Delivered
ORD00063,2025-01-29,C0450,Consumer,South,Kochi,Website,P009,Office Backpack,Accessories,2,1781.43,10.0,3562.86,356.29,209.3,102.21,2000,False,0,0.0,3206.57,895.06,27.91,UPI,Delivered
ORD00064,2024-03-06,C0483,Consumer,South,Kochi,Mobile App,P015,Electric Kettle,Home & Kitchen,3,1906.91,10.0,5720.73,572.07,179.65,104.03,3150,False,0,0.0,5148.66,1714.98,33.31,Debit Card,Delivered
ORD00065,2025-08-25,C0354,Consumer,North,Jaipur,Website,P004,Laptop Stand,Electronics,6,1581.47,5.0,9488.82,474.44,157.43,248.48,5100,False,0,0.0,9014.38,3508.47,38.92,Debit Card,Delivered
ORD00066,2024-04-29,C0437,Consumer,North,Chandigarh,Website,P012,Sunglasses,Accessories,1,1492.22,10.0,1492.22,149.22,47.28,35.8,850,False,0,0.0,1343.0,409.92,30.52,Net Banking,Delivered
ORD00067,2024-11-20,C0304,Corporate,East,Patna,Mobile App,P005,Mechanical Keyboard,Electronics,2,2847.98,10.0,5695.96,569.6,187.55,101.24,3300,False,0,0.0,5126.36,1537.57,29.99,UPI,Delivered
ORD00068,2025-08-01,C0492,Corporate,East,Bhubaneswar,Mobile App,P011,Leather Wallet,Accessories,1,1096.84,10.0,1096.84,109.68,98.94,18.89,550,False,0,0.0,987.16,319.33,32.35,UPI,Delivered
ORD00069,2024-07-08,C0136,Consumer,West,Surat,Website,P002,Smart Watch,Electronics,2,2959.19,0.0,5918.38,0.0,134.63,198.79,3800,False,0,0.0,5918.38,1784.96,30.16,Credit Card,Delivered
ORD00070,2025-08-06,C0456,Consumer,South,Bengaluru,Mobile App,P018,Premium Pen Set,Stationery,1,883.27,5.0,883.27,44.16,65.42,19.62,400,False,0,0.0,839.11,354.07,42.2,UPI,Delivered
ORD00071,2025-10-16,C0041,Consumer,East,Patna,Mobile App,P005,Mechanical Keyboard,Electronics,2,2605.77,0.0,5211.54,0.0,42.46,122.16,3300,False,0,0.0,5211.54,1746.92,33.52,Credit Card,Delivered
ORD00072,2024-12-22,C0213,Corporate,South,Hyderabad,Website,P015,Electric Kettle,Home & Kitchen,1,1780.12,5.0,1780.12,89.01,117.95,45.7,1050,False,0,0.0,1691.11,477.46,28.23,Debit Card,Delivered
ORD00073,2025-03-15,C0007,Consumer,West,Surat,Mobile App,P009,Office Backpack,Accessories,1,1854.22,5.0,1854.22,92.71,45.78,44.23,1000,False,0,0.0,1761.51,671.5,38.12,Credit Card,Delivered
ORD00074,2024-12-28,C0448,Corporate,North,Lucknow,Website,P009,Office Backpack,Accessories,1,1699.66,15.0,1699.66,254.95,202.44,49.99,1000,False,0,0.0,1444.71,192.28,13.31,Credit Card,Delivered
ORD00075,2025-01-13,C0343,Consumer,North,Jaipur,Marketplace,P020,Study Table Organizer,Stationery,1,998.22,20.0,998.22,199.64,224.87,21.94,450,False,0,0.0,798.58,101.77,12.74,Debit Card,Delivered
ORD00076,2025-06-03,C0284,Consumer,East,Kolkata,Mobile App,P003,Bluetooth Speaker,Electronics,2,2358.09,0.0,4716.18,0.0,198.47,117.14,2600,False,0,0.0,4716.18,1800.57,38.18,Credit Card,Delivered
ORD00077,2024-08-03,C0407,Consumer,North,Lucknow,Marketplace,P015,Electric Kettle,Home & Kitchen,1,1913.21,20.0,1913.21,382.64,134.15,38.58,1050,False,0,0.0,1530.57,307.84,20.11,COD,Delivered
ORD00078,2025-04-24,C0022,Consumer,South,Hyderabad,Marketplace,P007,Yoga Mat,Sports,1,1246.17,15.0,1246.17,186.93,201.47,29.84,650,False,0,0.0,1059.24,177.93,16.8,Net Banking,Delivered
ORD00079,2024-04-13,C0535,Corporate,North,Jaipur,Website,P007,Yoga Mat,Sports,2,1131.88,10.0,2263.76,226.38,84.33,65.74,1300,False,0,0.0,2037.38,587.31,28.83,UPI,Delivered
ORD00080,2025-07-20,C0027,Consumer,West,Ahmedabad,Mobile App,P011,Leather Wallet,Accessories,2,1124.13,5.0,2248.26,112.41,89.28,44.99,1100,False,0,0.0,2135.85,901.58,42.21,Credit Card,Delivered
ORD00081,2024-02-28,C0471,Consumer,South,Kochi,Mobile App,P005,Mechanical Keyboard,Electronics,1,2577.71,10.0,2577.71,257.77,106.42,39.53,1650,False,0,0.0,2319.94,523.99,22.59,UPI,Delivered
ORD00082,2025-03-03,C0452,Consumer,South,Hyderabad,Marketplace,P013,Coffee Maker,Home & Kitchen,2,4343.17,20.0,8686.34,1737.27,199.82,236.38,5100,False,0,0.0,6949.07,1412.87,20.33,UPI,Delivered
ORD00083,2025-12-23,C0293,Corporate,West,Mumbai,Mobile App,P001,Wireless Headphones,Electronics,2,1717.05,5.0,3434.1,171.7,224.83,63.01,2100,False,0,0.0,3262.4,874.56,26.81,Credit Card,Delivered
ORD00084,2025-12-28,C0263,Consumer,West,Ahmedabad,Website,P018,Premium Pen Set,Stationery,1,830.12,5.0,830.12,41.51,44.06,13.79,400,False,0,0.0,788.61,330.76,41.94,Credit Card,Delivered
ORD00085,2024-01-17,C0182,Consumer,West,Mumbai,Mobile App,P007,Yoga Mat,Sports,1,1187.62,5.0,1187.62,59.38,195.2,21.96,650,False,0,0.0,1128.24,261.08,23.14,Credit Card,Delivered
ORD00086,2025-01-07,C0484,Corporate,North,Chandigarh,Marketplace,P012,Sunglasses,Accessories,1,1593.19,15.0,1593.19,238.98,162.26,47.13,850,False,0,0.0,1354.21,294.82,21.77,Credit Card,Delivered
ORD00087,2024-11-26,C0143,Consumer,North,Jaipur,Website,P002,Smart Watch,Electronics,1,3429.07,10.0,3429.07,342.91,153.15,50.03,1900,False,0,0.0,3086.16,982.98,31.85,Debit Card,Delivered
ORD00088,2025-08-18,C0361,Consumer,North,Jaipur,Website,P012,Sunglasses,Accessories,3,1723.19,10.0,5169.57,516.96,90.82,159.18,2550,False,0,0.0,4652.61,1852.61,39.82,COD,Cancelled
ORD00089,2025-11-29,C0090,Consumer,North,Chandigarh,Website,P010,Travel Bag,Accessories,1,2520.96,5.0,2520.96,126.05,204.08,81.91,1450,False,0,0.0,2394.91,658.92,27.51,Net Banking,Delivered
ORD00090,2025-02-24,C0074,Corporate,South,Kochi,Marketplace,P018,Premium Pen Set,Stationery,4,885.29,20.0,3541.16,708.23,49.43,85.61,1600,False,0,0.0,2832.93,1097.89,38.75,Credit Card,Delivered
ORD00091,2025-11-05,C0359,Home Office,North,Jaipur,Mobile App,P011,Leather Wallet,Accessories,1,1131.6,5.0,1131.6,56.58,191.02,28.24,550,False,0,0.0,1075.02,305.76,28.44,UPI,Delivered
ORD00092,2024-04-18,C0199,Home Office,East,Patna,Marketplace,P011,Leather Wallet,Accessories,1,1166.79,0.0,1166.79,0.0,213.62,18.61,550,False,0,0.0,1166.79,384.56,32.96,Debit Card,Delivered
ORD00093,2024-01-04,C0290,Consumer,East,Patna,Website,P004,Laptop Stand,Electronics,2,1380.35,15.0,2760.7,414.1,87.1,66.32,1700,False,0,0.0,2346.6,493.18,21.02,Net Banking,Delivered
ORD00094,2024-11-01,C0542,Consumer,West,Mumbai,Website,P020,Study Table Organizer,Stationery,2,1044.9,15.0,2089.8,313.47,48.91,36.07,900,False,0,0.0,1776.33,791.35,44.55,UPI,Delivered
ORD00095,2024-04-11,C0191,Consumer,North,Chandigarh,Marketplace,P016,Desk Lamp,Home & Kitchen,6,1363.18,20.0,8179.08,1635.82,187.25,193.3,4500,False,0,0.0,6543.26,1662.71,25.41,COD,Delivered
ORD00096,2025-04-18,C0100,Consumer,South,Kochi,Marketplace,P006,Running Shoes,Sports,2,3248.93,15.0,6497.86,974.68,221.15,102.65,4200,False,0,0.0,5523.18,999.38,18.09,Credit Card,Delivered
ORD00097,2025-07-08,C0458,Consumer,South,Hyderabad,Website,P015,Electric Kettle,Home & Kitchen,1,1738.84,5.0,1738.84,86.94,170.47,35.81,1050,False,0,0.0,1651.9,395.62,23.95,Credit Card,Delivered
ORD00098,2024-02-28,C0033,Consumer,West,Surat,Website,P008,Fitness Band,Sports,6,2077.16,0.0,12462.96,0.0,148.93,231.65,7200,False,0,0.0,12462.96,4882.38,39.18,UPI,Delivered
ORD00099,2024-03-22,C0474,Home Office,North,Delhi,Website,P004,Laptop Stand,Electronics,1,1396.4,10.0,1396.4,139.64,136.18,21.17,850,False,0,0.0,1256.76,249.41,19.85,Debit Card,Delivered
ORD00100,2024-05-13,C0283,Consumer,South,Bengaluru,Mobile App,P017,Notebook Set,Stationery,2,626.14,5.0,1252.28,62.61,50.6,32.78,520,False,0,0.0,1189.67,586.29,49.28,COD,Delivered
ORD00101,2024-03-23,C0420,Corporate,South,Chennai,Website,P012,Sunglasses,Accessories,6,1584.23,0.0,9505.38,0.0,154.84,270.08,5100,False,0,0.0,9505.38,3980.46,41.88,UPI,Delivered
ORD00102,2024-05-30,C0111,Consumer,South,Hyderabad,Website,P019,Planner,Stationery,5,788.76,5.0,3943.8,197.19,82.06,102.42,1600,False,0,0.0,3746.61,1962.13,52.37,Debit Card,Delivered
ORD00103,2025-11-21,C0494,Consumer,North,Delhi,Website,P018,Premium Pen Set,Stationery,2,899.92,0.0,1799.84,0.0,204.64,42.09,800,False,0,0.0,1799.84,753.11,41.84,Debit Card,Delivered
ORD00104,2024-07-23,C0214,Consumer,North,Delhi,Mobile App,P017,Notebook Set,Stationery,3,636.64,10.0,1909.92,190.99,63.19,35.73,780,False,0,0.0,1718.93,840.01,48.87,UPI,Delivered
ORD00105,2025-06-18,C0277,Corporate,South,Chennai,Marketplace,P002,Smart Watch,Electronics,3,3043.26,15.0,9129.78,1369.47,215.96,249.69,5700,False,0,0.0,7760.31,1594.66,20.55,Credit Card,Delivered
ORD00106,2024-10-11,C0239,Corporate,South,Bengaluru,Mobile App,P003,Bluetooth Speaker,Electronics,4,2082.34,5.0,8329.36,416.47,114.4,135.37,5200,False,0,0.0,7912.89,2463.12,31.13,Credit Card,Delivered
ORD00107,2024-07-24,C0247,Consumer,West,Ahmedabad,Website,P018,Premium Pen Set,Stationery,2,906.72,0.0,1813.44,0.0,238.47,52.47,800,False,0,0.0,1813.44,722.5,39.84,COD,Delivered
ORD00108,2024-10-08,C0017,Consumer,West,Mumbai,Mobile App,P008,Fitness Band,Sports,1,2184.89,15.0,2184.89,327.73,82.72,32.59,1200,False,0,0.0,1857.16,541.85,29.18,Credit Card,Delivered
ORD00109,2025-10-20,C0429,Consumer,North,Lucknow,Website,P003,Bluetooth Speaker,Electronics,3,2156.17,5.0,6468.51,323.43,249.41,160.89,3900,False,0,0.0,6145.08,1834.78,29.86,UPI,Delivered
ORD00110,2024-02-09,C0059,Consumer,South,Kochi,Mobile App,P003,Bluetooth Speaker,Electronics,2,2306.66,0.0,4613.32,0.0,180.94,126.45,2600,False,0,0.0,4613.32,1705.93,36.98,UPI,Delivered
ORD00111,2024-08-07,C0442,Home Office,East,Patna,Mobile App,P007,Yoga Mat,Sports,2,1278.3,0.0,2556.6,0.0,56.16,73.94,1300,False,0,0.0,2556.6,1126.5,44.06,Net Banking,Delivered
ORD00112,2025-01-03,C0384,Home Office,North,Delhi,Website,P008,Fitness Band,Sports,1,1995.07,10.0,1995.07,199.51,117.35,42.46,1200,True,1,1795.56,0.0,-1359.81,0.0,UPI,Returned
ORD00113,2024-03-10,C0405,Consumer,East,Patna,Mobile App,P019,Planner,Stationery,1,759.2,0.0,759.2,0.0,249.77,16.35,320,False,0,0.0,759.2,173.08,22.8,Net Banking,Delivered
ORD00114,2024-12-30,C0351,Consumer,West,Mumbai,Website,P010,Travel Bag,Accessories,1,2564.56,5.0,2564.56,128.23,54.56,67.65,1450,False,0,0.0,2436.33,864.12,35.47,Debit Card,Delivered
ORD00115,2025-10-26,C0276,Consumer,North,Lucknow,Marketplace,P013,Coffee Maker,Home & Kitchen,2,4317.46,10.0,8634.92,863.49,237.76,142.58,5100,False,0,0.0,7771.43,2291.09,29.48,Debit Card,Delivered
ORD00116,2024-06-30,C0458,Consumer,North,Delhi,Mobile App,P007,Yoga Mat,Sports,2,1288.5,5.0,2577.0,128.85,124.4,44.25,1300,False,0,0.0,2448.15,979.5,40.01,UPI,Delivered
ORD00117,2025-06-21,C0587,Consumer,North,Chandigarh,Mobile App,P014,Air Fryer,Home & Kitchen,2,5977.44,10.0,11954.88,1195.49,237.56,328.36,7000,False,0,0.0,10759.39,3193.47,29.68,UPI,Delivered
ORD00118,2024-09-24,C0064,Consumer,East,Kolkata,Website,P015,Electric Kettle,Home & Kitchen,1,1703.81,0.0,1703.81,0.0,72.67,32.62,1050,False,0,0.0,1703.81,548.52,32.19,UPI,Delivered
ORD00119,2025-10-11,C0039,Corporate,North,Chandigarh,Mobile App,P009,Office Backpack,Accessories,1,1679.69,5.0,1679.69,83.98,212.7,25.75,1000,False,0,0.0,1595.71,357.26,22.39,Credit Card,Delivered
ORD00120,2025-11-18,C0530,Home Office,South,Kochi,Mobile App,P017,Notebook Set,Stationery,3,586.69,5.0,1760.07,88.0,108.93,40.26,780,False,0,0.0,1672.07,742.88,44.43,UPI,Delivered
ORD00121,2024-08-16,C0390,Corporate,North,Delhi,Mobile App,P001,Wireless Headphones,Electronics,5,1923.01,10.0,9615.05,961.5,70.03,194.63,5250,False,0,0.0,8653.55,3138.89,36.27,UPI,Delivered
ORD00122,2024-06-25,C0349,Consumer,South,Chennai,Marketplace,P016,Desk Lamp,Home & Kitchen,1,1353.84,20.0,1353.84,270.77,238.38,29.46,750,False,0,0.0,1083.07,65.23,6.02,Debit Card,Delivered
ORD00123,2024-08-16,C0497,Consumer,South,Bengaluru,Website,P010,Travel Bag,Accessories,1,2600.53,0.0,2600.53,0.0,155.74,61.8,1450,False,0,0.0,2600.53,932.99,35.88,UPI,Delivered
ORD00124,2024-04-07,C0265,Home Office,West,Surat,Mobile App,P004,Laptop Stand,Electronics,1,1472.96,0.0,1472.96,0.0,213.64,37.55,850,False,0,0.0,1472.96,371.77,25.24,UPI,Delivered
ORD00125,2024-05-28,C0115,Corporate,West,Surat,Marketplace,P009,Office Backpack,Accessories,1,1812.39,10.0,1812.39,181.24,206.84,33.54,1000,False,0,0.0,1631.15,390.77,23.96,UPI,Delivered
ORD00126,2024-07-28,C0447,Home Office,East,Ranchi,Website,P020,Study Table Organizer,Stationery,2,1040.62,15.0,2081.24,312.19,211.66,53.32,900,False,0,0.0,1769.05,604.07,34.15,UPI,Delivered
ORD00127,2025-11-23,C0556,Consumer,North,Jaipur,Marketplace,P011,Leather Wallet,Accessories,1,1097.5,15.0,1097.5,164.62,239.48,16.55,550,False,0,0.0,932.88,126.85,13.6,Debit Card,Delivered
ORD00128,2024-03-10,C0112,Consumer,West,Ahmedabad,Mobile App,P006,Running Shoes,Sports,1,3422.46,10.0,3422.46,342.25,87.52,101.38,2100,False,0,0.0,3080.21,791.31,25.69,Debit Card,Delivered
ORD00129,2024-04-17,C0445,Corporate,West,Surat,Marketplace,P014,Air Fryer,Home & Kitchen,3,5669.35,15.0,17008.05,2551.21,140.24,318.29,10500,False,0,0.0,14456.84,3498.31,24.2,Net Banking,Delivered
ORD00130,2025-08-24,C0166,Corporate,North,Jaipur,Marketplace,P009,Office Backpack,Accessories,2,1777.18,20.0,3554.36,710.87,105.48,56.86,2000,False,0,0.0,2843.49,681.15,23.95,Credit Card,Delivered
ORD00131,2024-09-05,C0526,Consumer,East,Patna,Website,P007,Yoga Mat,Sports,1,1153.02,5.0,1153.02,57.65,126.77,31.24,650,False,0,0.0,1095.37,287.36,26.23,UPI,Delivered
ORD00132,2024-07-05,C0190,Consumer,West,Pune,Website,P006,Running Shoes,Sports,3,3445.8,5.0,10337.4,516.87,182.26,231.46,6300,False,0,0.0,9820.53,3106.81,31.64,Net Banking,Delivered
ORD00133,2025-03-28,C0350,Corporate,North,Jaipur,Website,P011,Leather Wallet,Accessories,1,1134.62,0.0,1134.62,0.0,84.29,36.47,550,False,0,0.0,1134.62,463.86,40.88,Credit Card,Delivered
ORD00134,2024-05-29,C0515,Consumer,East,Ranchi,Mobile App,P006,Running Shoes,Sports,1,3267.11,0.0,3267.11,0.0,43.48,92.24,2100,False,0,0.0,3267.11,1031.39,31.57,UPI,Delivered
ORD00135,2025-06-06,C0597,Corporate,East,Kolkata,Website,P015,Electric Kettle,Home & Kitchen,2,1727.39,5.0,3454.78,172.74,158.91,49.64,2100,True,1,1641.02,1641.02,-667.53,-40.68,Debit Card,Returned
ORD00136,2024-03-12,C0263,Consumer,West,Ahmedabad,Mobile App,P009,Office Backpack,Accessories,1,1906.76,5.0,1906.76,95.34,198.02,29.03,1000,False,0,0.0,1811.42,584.37,32.26,Credit Card,Delivered
ORD00137,2024-08-15,C0431,Consumer,North,Lucknow,Website,P001,Wireless Headphones,Electronics,1,1913.96,0.0,1913.96,0.0,126.37,37.92,1050,False,0,0.0,1913.96,699.67,36.56,Net Banking,Delivered
ORD00138,2025-01-22,C0050,Consumer,North,Chandigarh,Mobile App,P008,Fitness Band,Sports,1,2029.25,10.0,2029.25,202.92,126.35,43.01,1200,False,0,0.0,1826.33,456.97,25.02,Credit Card,Delivered
ORD00139,2024-10-28,C0423,Consumer,East,Patna,Website,P010,Travel Bag,Accessories,2,2799.33,10.0,5598.66,559.87,108.11,143.76,2900,False,0,0.0,5038.79,1886.92,37.45,Credit Card,Delivered
ORD00140,2024-11-11,C0030,Consumer,North,Chandigarh,Mobile App,P007,Yoga Mat,Sports,1,1169.53,15.0,1169.53,175.43,109.71,24.16,650,True,1,994.1,0.0,-783.87,0.0,UPI,Returned
ORD00141,2025-11-18,C0039,Corporate,South,Bengaluru,Mobile App,P001,Wireless Headphones,Electronics,1,1920.17,0.0,1920.17,0.0,190.09,40.07,1050,False,0,0.0,1920.17,640.01,33.33,Debit Card,Delivered
ORD00142,2025-12-29,C0096,Consumer,South,Kochi,Mobile App,P010,Travel Bag,Accessories,4,2730.39,5.0,10921.56,546.08,144.78,221.67,5800,False,0,0.0,10375.48,4209.03,40.57,Debit Card,Delivered
ORD00143,2024-07-24,C0043,Consumer,West,Ahmedabad,Website,P010,Travel Bag,Accessories,1,2431.51,0.0,2431.51,0.0,77.15,84.49,1450,False,0,0.0,2431.51,819.87,33.72,Credit Card,Delivered
ORD00144,2025-09-02,C0532,Home Office,North,Delhi,Website,P007,Yoga Mat,Sports,4,1248.67,5.0,4994.68,249.73,193.35,129.93,2600,False,0,0.0,4744.95,1821.67,38.39,UPI,Delivered
ORD00145,2024-02-21,C0111,Consumer,South,Chennai,Website,P002,Smart Watch,Electronics,2,3063.68,10.0,6127.36,612.74,48.73,137.66,3800,False,0,0.0,5514.62,1528.23,27.71,UPI,Delivered
ORD00146,2024-08-07,C0577,Consumer,East,Ranchi,Mobile App,P002,Smart Watch,Electronics,1,3303.48,10.0,3303.48,330.35,123.15,89.57,1900,False,0,0.0,2973.13,860.41,28.94,Credit Card,Delivered
ORD00147,2024-08-02,C0429,Consumer,West,Surat,Mobile App,P005,Mechanical Keyboard,Electronics,2,2774.03,0.0,5548.06,0.0,210.88,187.58,3300,False,0,0.0,5548.06,1849.6,33.34,COD,Delivered
ORD00148,2025-10-11,C0441,Consumer,South,Bengaluru,Website,P016,Desk Lamp,Home & Kitchen,1,1314.09,0.0,1314.09,0.0,151.29,37.54,750,False,0,0.0,1314.09,375.26,28.56,UPI,Delivered
ORD00149,2025-02-16,C0528,Consumer,North,Lucknow,Mobile App,P003,Bluetooth Speaker,Electronics,2,2092.71,5.0,4185.42,209.27,247.43,85.54,2600,False,0,0.0,3976.15,1043.18,26.24,Credit Card,Delivered
ORD00150,2024-01-19,C0101,Consumer,North,Jaipur,Marketplace,P008,Fitness Band,Sports,2,2079.79,10.0,4159.58,415.96,51.46,101.04,2400,False,0,0.0,3743.62,1191.12,31.82,Credit Card,Delivered
ORD00151,2024-12-29,C0378,Consumer,North,Lucknow,Mobile App,P018,Premium Pen Set,Stationery,1,896.88,10.0,896.88,89.69,213.22,24.83,400,False,0,0.0,807.19,169.14,20.95,Net Banking,Delivered
ORD00152,2024-05-02,C0387,Consumer,West,Surat,Website,P010,Travel Bag,Accessories,2,2622.17,15.0,5244.34,786.65,82.39,89.88,2900,False,0,0.0,4457.69,1385.42,31.08,COD,Delivered
ORD00153,2024-08-13,C0425,Consumer,East,Kolkata,Mobile App,P007,Yoga Mat,Sports,2,1293.99,15.0,2587.98,388.2,69.94,49.81,1300,False,0,0.0,2199.78,780.03,35.46,UPI,Delivered
ORD00154,2025-03-16,C0092,Corporate,South,Hyderabad,Mobile App,P016,Desk Lamp,Home & Kitchen,2,1299.42,5.0,2598.84,129.94,163.42,42.58,1500,False,0,0.0,2468.9,762.9,30.9,Debit Card,Delivered
ORD00155,2024-04-20,C0439,Corporate,South,Hyderabad,Website,P019,Planner,Stationery,2,740.4,10.0,1480.8,148.08,208.87,43.08,640,False,0,0.0,1332.72,440.77,33.07,Debit Card,Delivered
ORD00156,2025-04-27,C0168,Consumer,North,Delhi,Mobile App,P004,Laptop Stand,Electronics,2,1540.61,5.0,3081.22,154.06,115.14,78.67,1700,False,0,0.0,2927.16,1033.35,35.3,UPI,Delivered
ORD00157,2025-04-10,C0088,Corporate,South,Kochi,Website,P004,Laptop Stand,Electronics,2,1480.58,5.0,2961.16,148.06,100.52,42.56,1700,False,0,0.0,2813.1,970.02,34.48,UPI,Delivered
ORD00158,2024-03-15,C0168,Consumer,West,Mumbai,Mobile App,P007,Yoga Mat,Sports,4,1247.97,10.0,4991.88,499.19,77.96,91.54,2600,False,0,0.0,4492.69,1723.19,38.36,UPI,Delivered
ORD00159,2024-02-14,C0021,Consumer,North,Chandigarh,Marketplace,P003,Bluetooth Speaker,Electronics,1,2352.33,5.0,2352.33,117.62,226.1,54.01,1300,False,0,0.0,2234.71,654.6,29.29,Debit Card,Delivered
ORD00160,2025-06-08,C0330,Consumer,West,Mumbai,Marketplace,P018,Premium Pen Set,Stationery,1,943.74,10.0,943.74,94.37,118.53,27.8,400,False,0,0.0,849.37,303.04,35.68,UPI,Delivered
ORD00161,2024-07-01,C0209,Consumer,West,Mumbai,Mobile App,P001,Wireless Headphones,Electronics,4,1881.62,5.0,7526.48,376.32,197.77,235.53,4200,False,0,0.0,7150.16,2516.86,35.2,UPI,Cancelled
ORD00162,2025-06-02,C0542,Consumer,West,Mumbai,Marketplace,P018,Premium Pen Set,Stationery,1,875.26,15.0,875.26,131.29,88.57,14.78,400,False,0,0.0,743.97,240.62,32.34,UPI,Delivered
ORD00163,2024-07-07,C0078,Consumer,North,Chandigarh,Website,P002,Smart Watch,Electronics,1,3435.25,0.0,3435.25,0.0,80.85,107.9,1900,False,0,0.0,3435.25,1346.5,39.2,Debit Card,Delivered
ORD00164,2024-06-13,C0383,Corporate,North,Chandigarh,Marketplace,P017,Notebook Set,Stationery,4,585.58,5.0,2342.32,117.12,185.99,61.4,1040,False,0,0.0,2225.2,937.81,42.14,UPI,Cancelled
ORD00165,2025-12-01,C0256,Consumer,West,Mumbai,Website,P010,Travel Bag,Accessories,2,2753.58,5.0,5507.16,275.36,126.25,164.03,2900,False,0,0.0,5231.8,2041.52,39.02,Net Banking,Delivered
ORD00166,2024-09-29,C0442,Home Office,West,Surat,Mobile App,P013,Coffee Maker,Home & Kitchen,3,4478.88,10.0,13436.64,1343.66,75.24,210.51,7650,True,2,8061.98,4031.0,-3904.75,-96.87,Debit Card,Returned
ORD00167,2024-04-06,C0513,Home Office,West,Surat,Website,P015,Electric Kettle,Home & Kitchen,2,1783.92,5.0,3567.84,178.39,220.9,109.55,2100,True,2,3389.45,0.0,-2430.45,0.0,Credit Card,Returned
ORD00168,2025-12-08,C0071,Corporate,North,Jaipur,Mobile App,P016,Desk Lamp,Home & Kitchen,5,1510.18,0.0,7550.9,0.0,152.89,141.19,3750,False,0,0.0,7550.9,3506.82,46.44,UPI,Delivered
ORD00169,2025-07-27,C0286,Consumer,North,Lucknow,Marketplace,P013,Coffee Maker,Home & Kitchen,1,4083.26,15.0,4083.26,612.49,48.98,112.08,2550,False,0,0.0,3470.77,759.71,21.89,UPI,Delivered
ORD00170,2025-06-11,C0492,Corporate,North,Jaipur,Website,P014,Air Fryer,Home & Kitchen,2,5749.38,10.0,11498.76,1149.88,80.8,247.79,7000,False,0,0.0,10348.88,3020.29,29.18,Debit Card,Delivered
ORD00171,2024-05-08,C0438,Corporate,West,Pune,Website,P002,Smart Watch,Electronics,3,3201.89,5.0,9605.67,480.28,170.25,224.07,5700,False,0,0.0,9125.39,3031.07,33.22,Debit Card,Delivered
ORD00172,2025-02-16,C0546,Consumer,North,Delhi,Marketplace,P005,Mechanical Keyboard,Electronics,1,2635.26,5.0,2635.26,131.76,102.98,69.74,1650,False,0,0.0,2503.5,680.78,27.19,Debit Card,Delivered
ORD00173,2025-10-28,C0284,Consumer,West,Pune,Mobile App,P016,Desk Lamp,Home & Kitchen,1,1374.64,0.0,1374.64,0.0,102.58,23.09,750,False,0,0.0,1374.64,498.97,36.3,UPI,Delivered
ORD00174,2024-11-13,C0337,Home Office,West,Pune,Marketplace,P012,Sunglasses,Accessories,2,1660.91,20.0,3321.82,664.36,50.42,53.52,1700,False,0,0.0,2657.46,853.52,32.12,UPI,Delivered
ORD00175,2025-06-21,C0154,Consumer,West,Surat,Mobile App,P005,Mechanical Keyboard,Electronics,3,2855.2,10.0,8565.6,856.56,217.46,176.55,4950,True,2,5139.36,2569.68,-2774.33,-107.96,UPI,Returned
ORD00176,2024-05-23,C0442,Home Office,North,Lucknow,Website,P006,Running Shoes,Sports,1,3756.0,5.0,3756.0,187.8,228.57,90.99,2100,False,0,0.0,3568.2,1148.64,32.19,UPI,Delivered
ORD00177,2024-10-08,C0578,Home Office,West,Ahmedabad,Website,P001,Wireless Headphones,Electronics,3,1750.42,5.0,5251.26,262.56,122.66,122.07,3150,False,0,0.0,4988.7,1593.97,31.95,UPI,Delivered
ORD00178,2025-09-10,C0357,Consumer,South,Hyderabad,Mobile App,P012,Sunglasses,Accessories,1,1661.12,5.0,1661.12,83.06,186.2,29.76,850,False,0,0.0,1578.06,512.1,32.45,Credit Card,Delivered
ORD00179,2025-10-18,C0516,Consumer,West,Pune,Website,P014,Air Fryer,Home & Kitchen,2,5462.55,10.0,10925.1,1092.51,94.07,299.78,7000,False,0,0.0,9832.59,2438.74,24.8,Credit Card,Delivered
ORD00180,2025-10-22,C0236,Corporate,West,Ahmedabad,Marketplace,P005,Mechanical Keyboard,Electronics,1,2656.46,10.0,2656.46,265.65,139.83,73.3,1650,False,0,0.0,2390.81,527.68,22.07,Credit Card,Delivered
ORD00181,2024-10-24,C0283,Consumer,West,Mumbai,Mobile App,P004,Laptop Stand,Electronics,2,1518.63,5.0,3037.26,151.86,106.26,49.43,1700,False,0,0.0,2885.4,1029.71,35.69,UPI,Delivered
ORD00182,2024-05-18,C0194,Corporate,East,Ranchi,Mobile App,P020,Study Table Organizer,Stationery,1,1007.57,0.0,1007.57,0.0,106.65,19.55,450,False,0,0.0,1007.57,431.37,42.81,UPI,Delivered
ORD00183,2024-04-17,C0594,Consumer,North,Jaipur,Mobile App,P017,Notebook Set,Stationery,3,639.25,10.0,1917.75,191.78,103.2,32.24,780,False,0,0.0,1725.97,810.53,46.96,Credit Card,Delivered
ORD00184,2024-01-26,C0421,Corporate,East,Kolkata,Mobile App,P003,Bluetooth Speaker,Electronics,1,2201.89,10.0,2201.89,220.19,170.45,34.51,1300,False,0,0.0,1981.7,476.74,24.06,UPI,Delivered
ORD00185,2024-12-30,C0368,Home Office,South,Hyderabad,Marketplace,P019,Planner,Stationery,1,800.22,10.0,800.22,80.02,125.08,14.25,320,False,0,0.0,720.2,260.87,36.22,Debit Card,Delivered
ORD00186,2025-05-24,C0063,Corporate,South,Chennai,Mobile App,P006,Running Shoes,Sports,1,3715.23,10.0,3715.23,371.52,179.6,78.2,2100,False,0,0.0,3343.71,985.91,29.49,Credit Card,Delivered
ORD00187,2025-07-14,C0472,Home Office,West,Pune,Website,P005,Mechanical Keyboard,Electronics,4,2613.28,5.0,10453.12,522.66,54.44,258.14,6600,False,0,0.0,9930.46,3017.88,30.39,Net Banking,Delivered
ORD00189,2025-06-05,C0358,Consumer,North,Chandigarh,Website,P003,Bluetooth Speaker,Electronics,3,2033.54,0.0,6100.62,0.0,200.0,200.5,3900,False,0,0.0,6100.62,1800.12,29.51,Credit Card,Delivered
ORD00190,2024-09-22,C0095,Corporate,East,Kolkata,Marketplace,P004,Laptop Stand,Electronics,1,1417.08,10.0,1417.08,141.71,94.35,27.2,850,True,1,1275.37,0.0,-971.55,0.0,UPI,Returned
ORD00191,2025-01-02,C0198,Home Office,West,Mumbai,Website,P016,Desk Lamp,Home & Kitchen,1,1510.97,5.0,1510.97,75.55,152.0,33.18,750,False,0,0.0,1435.42,500.24,34.85,COD,Delivered
ORD00192,2024-07-22,C0196,Consumer,South,Bengaluru,Website,P013,Coffee Maker,Home & Kitchen,1,4251.4,10.0,4251.4,425.14,90.04,74.56,2550,False,0,0.0,3826.26,1111.66,29.05,UPI,Delivered
ORD00193,2024-04-12,C0146,Consumer,East,Ranchi,Mobile App,P011,Leather Wallet,Accessories,5,1182.15,5.0,5910.75,295.54,113.09,184.8,2750,False,0,0.0,5615.21,2567.32,45.72,Credit Card,Delivered
ORD00194,2024-08-22,C0150,Consumer,West,Surat,Mobile App,P017,Notebook Set,Stationery,3,613.54,5.0,1840.62,92.03,40.57,55.95,780,False,0,0.0,1748.59,872.07,49.87,Credit Card,Delivered
ORD00195,2025-05-12,C0486,Home Office,East,Patna,Website,P018,Premium Pen Set,Stationery,4,864.57,0.0,3458.28,0.0,190.23,70.63,1600,False,0,0.0,3458.28,1597.42,46.19,Debit Card,Delivered
ORD00196,2025-12-17,C0277,Corporate,North,Jaipur,Marketplace,P007,Yoga Mat,Sports,1,1164.06,15.0,1164.06,174.61,42.06,22.94,650,False,0,0.0,989.45,274.45,27.74,Debit Card,Delivered
ORD00197,2025-01-01,C0107,Consumer,South,Hyderabad,Marketplace,P004,Laptop Stand,Electronics,4,1519.04,10.0,6076.16,607.62,172.66,138.76,3400,True,3,4101.41,1367.13,-2344.29,-171.48,Credit Card,Returned
ORD00198,2024-03-06,C0070,Home Office,West,Surat,Mobile App,P005,Mechanical Keyboard,Electronics,2,2593.36,10.0,5186.72,518.67,95.77,145.34,3300,False,0,0.0,4668.05,1126.94,24.14,Net Banking,Delivered
ORD00199,2025-04-22,C0479,Home Office,West,Ahmedabad,Website,P011,Leather Wallet,Accessories,2,1067.57,0.0,2135.14,0.0,133.42,70.43,1100,False,0,0.0,2135.14,831.29,38.93,Credit Card,Delivered
ORD00200,2025-07-18,C0224,Consumer,South,Hyderabad,Mobile App,P016,Desk Lamp,Home & Kitchen,2,1432.77,0.0,2865.54,0.0,176.54,99.29,1500,False,0,0.0,2865.54,1089.71,38.03,Credit Card,Delivered
ORD00201,2024-02-20,C0210,Consumer,West,Mumbai,Mobile App,P011,Leather Wallet,Accessories,2,1074.53,10.0,2149.06,214.91,190.22,39.38,1100,False,0,0.0,1934.15,604.55,31.26,UPI,Delivered
ORD00202,2024-09-13,C0421,Corporate,West,Ahmedabad,Marketplace,P013,Coffee Maker,Home & Kitchen,3,4415.38,0.0,13246.14,0.0,217.18,314.74,7650,False,0,0.0,13246.14,5064.22,38.23,Credit Card,Delivered
ORD00203,2025-10-27,C0394,Corporate,North,Chandigarh,Marketplace,P004,Laptop Stand,Electronics,3,1442.5,15.0,4327.5,649.12,184.26,120.88,2550,False,0,0.0,3678.38,823.24,22.38,UPI,Delivered
ORD00204,2025-06-20,C0073,Consumer,East,Kolkata,Website,P013,Coffee Maker,Home & Kitchen,1,4507.76,5.0,4507.76,225.39,74.97,125.24,2550,False,0,0.0,4282.37,1532.16,35.78,UPI,Delivered
ORD00205,2025-03-24,C0536,Home Office,West,Ahmedabad,Marketplace,P013,Coffee Maker,Home & Kitchen,1,4060.39,10.0,4060.39,406.04,158.56,73.26,2550,False,0,0.0,3654.35,872.53,23.88,UPI,Delivered
ORD00206,2024-06-24,C0591,Consumer,West,Ahmedabad,Website,P011,Leather Wallet,Accessories,3,1091.62,10.0,3274.86,327.49,154.45,49.33,1650,False,0,0.0,2947.37,1093.59,37.1,UPI,Delivered
ORD00207,2025-06-17,C0066,Consumer,South,Kochi,Website,P013,Coffee Maker,Home & Kitchen,1,4325.45,10.0,4325.45,432.54,62.48,119.18,2550,False,0,0.0,3892.91,1161.25,29.83,Credit Card,Delivered
ORD00208,2025-01-25,C0270,Consumer,North,Lucknow,Mobile App,P003,Bluetooth Speaker,Electronics,1,2277.81,10.0,2277.81,227.78,45.91,46.14,1300,False,0,0.0,2050.03,657.98,32.1,UPI,Delivered
ORD00209,2025-12-20,C0075,Corporate,South,Hyderabad,Marketplace,P003,Bluetooth Speaker,Electronics,3,2201.01,5.0,6603.03,330.15,245.26,215.08,3900,False,0,0.0,6272.88,1912.54,30.49,UPI,Delivered
ORD00210,2024-07-22,C0029,Consumer,South,Bengaluru,Website,P006,Running Shoes,Sports,1,3660.44,5.0,3660.44,183.02,141.46,56.56,2100,False,0,0.0,3477.42,1179.4,33.92,COD,Delivered
ORD00211,2024-06-10,C0286,Consumer,West,Pune,Mobile App,P008,Fitness Band,Sports,1,1963.44,15.0,1963.44,294.52,89.66,32.09,1200,False,0,0.0,1668.92,347.17,20.8,UPI,Delivered
ORD00213,2024-09-25,C0412,Home Office,South,Hyderabad,Website,P003,Bluetooth Speaker,Electronics,2,2277.19,0.0,4554.38,0.0,85.72,91.12,2600,False,0,0.0,4554.38,1777.54,39.03,Credit Card,Delivered
ORD00214,2025-10-13,C0099,Consumer,South,Hyderabad,Website,P012,Sunglasses,Accessories,1,1504.06,0.0,1504.06,0.0,219.58,33.35,850,False,0,0.0,1504.06,401.13,26.67,Debit Card,Delivered
ORD00215,2024-11-24,C0372,Consumer,East,Patna,Website,P015,Electric Kettle,Home & Kitchen,1,1774.4,0.0,1774.4,0.0,224.67,60.88,1050,False,0,0.0,1774.4,438.85,24.73,UPI,Delivered
ORD00216,2024-06-14,C0543,Consumer,South,Chennai,Marketplace,P004,Laptop Stand,Electronics,2,1565.24,20.0,3130.48,626.1,230.63,41.94,1700,False,0,0.0,2504.38,531.81,21.24,Net Banking,Delivered
ORD00217,2024-09-04,C0302,Consumer,South,Chennai,Website,P004,Laptop Stand,Electronics,1,1577.44,5.0,1577.44,78.87,136.51,37.43,850,True,1,1498.57,0.0,-1023.94,0.0,Debit Card,Returned
ORD00218,2025-01-20,C0026,Corporate,North,Delhi,Marketplace,P004,Laptop Stand,Electronics,5,1529.35,5.0,7646.75,382.34,194.36,234.85,4250,False,0,0.0,7264.41,2585.2,35.59,Debit Card,Delivered
ORD00219,2024-11-27,C0551,Consumer,East,Ranchi,Website,P003,Bluetooth Speaker,Electronics,1,2159.56,0.0,2159.56,0.0,100.72,51.88,1300,False,0,0.0,2159.56,706.96,32.74,Credit Card,Delivered
ORD00220,2024-03-19,C0433,Consumer,West,Mumbai,Marketplace,P006,Running Shoes,Sports,2,3664.61,10.0,7329.22,732.92,62.43,130.45,4200,False,0,0.0,6596.3,2203.42,33.4,UPI,Delivered
ORD00221,2024-08-09,C0383,Corporate,West,Ahmedabad,Website,P007,Yoga Mat,Sports,1,1231.49,5.0,1231.49,61.57,100.08,34.46,650,False,0,0.0,1169.92,385.38,32.94,COD,Delivered
ORD00222,2024-08-24,C0026,Corporate,South,Chennai,Marketplace,P003,Bluetooth Speaker,Electronics,1,2183.66,15.0,2183.66,327.55,150.89,35.34,1300,False,0,0.0,1856.11,369.88,19.93,Credit Card,Delivered
ORD00223,2025-03-08,C0496,Consumer,South,Chennai,Website,P006,Running Shoes,Sports,1,3669.02,5.0,3669.02,183.45,62.76,113.35,2100,False,0,0.0,3485.57,1209.46,34.7,UPI,Delivered
ORD00224,2024-04-27,C0483,Consumer,West,Surat,Mobile App,P001,Wireless Headphones,Electronics,6,1773.33,0.0,10639.98,0.0,69.86,170.84,6300,False,0,0.0,10639.98,4099.28,38.53,UPI,Delivered
ORD00225,2024-08-13,C0518,Corporate,North,Lucknow,Marketplace,P020,Study Table Organizer,Stationery,3,1022.85,20.0,3068.55,613.71,185.3,44.47,1350,False,0,0.0,2454.84,875.07,35.65,Net Banking,Delivered
ORD00226,2025-10-29,C0380,Consumer,West,Mumbai,Marketplace,P007,Yoga Mat,Sports,1,1133.46,10.0,1133.46,113.35,71.8,31.59,650,False,0,0.0,1020.11,266.72,26.15,UPI,Delivered
ORD00227,2025-04-20,C0511,Consumer,South,Chennai,Marketplace,P002,Smart Watch,Electronics,1,3414.93,10.0,3414.93,341.49,195.51,92.63,1900,False,0,0.0,3073.44,885.3,28.8,UPI,Delivered
ORD00228,2025-08-12,C0403,Consumer,East,Patna,Website,P007,Yoga Mat,Sports,4,1169.46,15.0,4677.84,701.68,180.88,112.48,2600,False,0,0.0,3976.16,1082.8,27.23,Net Banking,Cancelled
ORD00229,2025-12-12,C0444,Consumer,South,Chennai,Website,P016,Desk Lamp,Home & Kitchen,4,1359.62,10.0,5438.48,543.85,113.54,81.57,3000,False,0,0.0,4894.63,1699.52,34.72,UPI,Delivered
ORD00230,2024-01-08,C0235,Consumer,South,Chennai,Website,P003,Bluetooth Speaker,Electronics,2,2053.7,10.0,4107.4,410.74,115.6,61.12,2600,False,0,0.0,3696.66,919.94,24.89,Credit Card,Delivered
ORD00231,2024-08-20,C0195,Consumer,South,Chennai,Website,P002,Smart Watch,Electronics,2,3288.07,10.0,6576.14,657.61,213.3,191.55,3800,False,0,0.0,5918.53,1713.68,28.95,Debit Card,Delivered
ORD00232,2024-07-10,C0103,Consumer,North,Chandigarh,Website,P005,Mechanical Keyboard,Electronics,3,2691.1,5.0,8073.3,403.66,145.74,124.26,4950,False,0,0.0,7669.64,2449.64,31.94,Credit Card,Delivered
ORD00233,2024-09-26,C0333,Consumer,South,Bengaluru,Marketplace,P002,Smart Watch,Electronics,1,3233.26,10.0,3233.26,323.33,197.53,84.0,1900,False,0,0.0,2909.93,728.4,25.03,UPI,Delivered
ORD00234,2024-05-15,C0407,Consumer,East,Kolkata,Mobile App,P007,Yoga Mat,Sports,1,1128.12,15.0,1128.12,169.22,202.73,28.48,650,False,0,0.0,958.9,77.69,8.1,UPI,Delivered
ORD00235,2024-04-25,C0163,Corporate,West,Surat,Mobile App,P019,Planner,Stationery,1,756.32,0.0,756.32,0.0,151.2,15.41,320,True,1,756.32,0.0,-486.61,0.0,Debit Card,Returned
ORD00236,2025-11-21,C0334,Consumer,North,Jaipur,Marketplace,P009,Office Backpack,Accessories,1,1756.02,15.0,1756.02,263.4,239.25,30.39,1000,False,0,0.0,1492.62,222.98,14.94,UPI,Delivered
ORD00237,2025-03-18,C0315,Corporate,East,Patna,Mobile App,P013,Coffee Maker,Home & Kitchen,2,4188.24,0.0,8376.48,0.0,80.92,207.96,5100,False,0,0.0,8376.48,2987.6,35.67,Credit Card,Delivered
ORD00238,2025-11-19,C0396,Home Office,West,Ahmedabad,Website,P006,Running Shoes,Sports,2,3380.59,0.0,6761.18,0.0,113.26,226.25,4200,False,0,0.0,6761.18,2221.67,32.86,Net Banking,Delivered
ORD00239,2025-11-01,C0128,Home Office,South,Hyderabad,Mobile App,P006,Running Shoes,Sports,4,3724.91,0.0,14899.64,0.0,55.84,298.1,8400,False,0,0.0,14899.64,6145.7,41.25,Net Banking,Delivered
ORD00240,2024-11-19,C0326,Corporate,South,Bengaluru,Website,P020,Study Table Organizer,Stationery,1,924.14,5.0,924.14,46.21,40.34,18.14,450,False,0,0.0,877.93,369.45,42.08,Credit Card,Delivered
ORD00241,2025-05-28,C0503,Consumer,South,Kochi,Website,P002,Smart Watch,Electronics,4,3411.25,5.0,13645.0,682.25,131.91,282.51,7600,False,0,0.0,12962.75,4948.33,38.17,UPI,Delivered
ORD00242,2025-01-11,C0384,Home Office,West,Ahmedabad,Website,P010,Travel Bag,Accessories,1,2440.57,5.0,2440.57,122.03,236.68,49.08,1450,False,0,0.0,2318.54,582.78,25.14,Debit Card,Delivered
ORD00243,2024-05-13,C0321,Consumer,West,Pune,Mobile App,P005,Mechanical Keyboard,Electronics,2,2942.37,15.0,5884.74,882.71,239.05,81.96,3300,False,0,0.0,5002.03,1381.02,27.61,Credit Card,Delivered
ORD00244,2025-11-30,C0386,Corporate,South,Hyderabad,Mobile App,P019,Planner,Stationery,2,741.47,10.0,1482.94,148.29,71.45,21.77,640,False,0,0.0,1334.65,601.43,45.06,Credit Card,Delivered
ORD00245,2025-04-11,C0213,Corporate,South,Hyderabad,Website,P015,Electric Kettle,Home & Kitchen,3,1908.22,0.0,5724.66,0.0,148.57,146.5,3150,False,0,0.0,5724.66,2279.59,39.82,UPI,Delivered
ORD00246,2025-01-21,C0138,Corporate,South,Chennai,Website,P003,Bluetooth Speaker,Electronics,2,2215.87,15.0,4431.74,664.76,60.69,73.99,2600,False,0,0.0,3766.98,1032.3,27.4,Net Banking,Delivered
ORD00247,2025-12-13,C0048,Consumer,North,Lucknow,Mobile App,P011,Leather Wallet,Accessories,1,1012.72,5.0,1012.72,50.64,72.55,27.22,550,False,0,0.0,962.08,312.31,32.46,UPI,Delivered
ORD00248,2025-12-06,C0176,Consumer,West,Ahmedabad,Marketplace,P008,Fitness Band,Sports,4,1991.66,10.0,7966.64,796.66,53.27,193.33,4800,False,0,0.0,7169.98,2123.38,29.61,UPI,Cancelled
ORD00249,2024-03-02,C0349,Consumer,North,Chandigarh,Website,P011,Leather Wallet,Accessories,2,1074.48,5.0,2148.96,107.45,106.35,60.4,1100,False,0,0.0,2041.51,774.76,37.95,COD,Delivered
ORD00250,2025-06-28,C0354,Consumer,North,Jaipur,Website,P009,Office Backpack,Accessories,1,1789.73,10.0,1789.73,178.97,195.29,37.9,1000,False,0,0.0,1610.76,377.57,23.44,UPI,Delivered
ORD00251,2025-06-25,C0479,Home Office,West,Surat,Marketplace,P018,Premium Pen Set,Stationery,3,859.0,5.0,2577.0,128.85,84.84,69.83,1200,False,0,0.0,2448.15,1093.48,44.67,COD,Delivered
ORD00252,2024-02-22,C0520,Consumer,East,Kolkata,Website,P020,Study Table Organizer,Stationery,2,991.82,0.0,1983.64,0.0,87.62,66.71,900,False,0,0.0,1983.64,929.31,46.85,Debit Card,Delivered
ORD00253,2025-04-21,C0414,Consumer,East,Patna,Mobile App,P006,Running Shoes,Sports,1,3487.84,5.0,3487.84,174.39,187.88,51.68,2100,True,1,3313.45,0.0,-2339.56,0.0,UPI,Returned
ORD00254,2024-05-11,C0382,Corporate,East,Patna,Marketplace,P005,Mechanical Keyboard,Electronics,3,2627.7,10.0,7883.1,788.31,141.13,202.99,4950,False,0,0.0,7094.79,1800.67,25.38,Debit Card,Delivered
ORD00255,2024-08-23,C0465,Home Office,West,Pune,Marketplace,P002,Smart Watch,Electronics,4,3379.46,10.0,13517.84,1351.78,177.8,275.5,7600,False,0,0.0,12166.06,4112.76,33.81,Debit Card,Delivered
ORD00256,2024-04-15,C0551,Consumer,North,Lucknow,Website,P011,Leather Wallet,Accessories,3,1015.54,5.0,3046.62,152.33,133.82,43.83,1650,False,0,0.0,2894.29,1066.64,36.85,UPI,Delivered
ORD00257,2024-06-25,C0063,Corporate,North,Delhi,Mobile App,P016,Desk Lamp,Home & Kitchen,3,1473.46,0.0,4420.38,0.0,80.77,113.75,2250,False,0,0.0,4420.38,1975.86,44.7,Net Banking,Delivered
ORD00258,2024-12-08,C0133,Consumer,North,Delhi,Marketplace,P007,Yoga Mat,Sports,1,1179.26,15.0,1179.26,176.89,121.31,21.97,650,False,0,0.0,1002.37,209.09,20.86,UPI,Delivered
ORD00259,2025-10-04,C0329,Consumer,South,Hyderabad,Mobile App,P020,Study Table Organizer,Stationery,2,944.36,5.0,1888.72,94.44,163.01,47.97,900,False,0,0.0,1794.28,683.3,38.08,Net Banking,Delivered
ORD00260,2025-05-06,C0229,Home Office,East,Kolkata,Marketplace,P016,Desk Lamp,Home & Kitchen,4,1391.84,10.0,5567.36,556.74,156.74,115.64,3000,False,0,0.0,5010.62,1738.24,34.69,UPI,Delivered
ORD00261,2025-04-08,C0270,Consumer,South,Hyderabad,Mobile App,P014,Air Fryer,Home & Kitchen,2,5868.65,10.0,11737.3,1173.73,195.04,229.36,7000,False,0,0.0,10563.57,3139.17,29.72,Credit Card,Delivered
ORD00262,2025-01-14,C0403,Consumer,West,Surat,Mobile App,P011,Leather Wallet,Accessories,1,1187.32,5.0,1187.32,59.37,142.07,31.9,550,False,0,0.0,1127.95,403.98,35.82,COD,Delivered
ORD00263,2025-07-02,C0067,Consumer,North,Lucknow,Website,P011,Leather Wallet,Accessories,1,1024.28,0.0,1024.28,0.0,197.99,34.04,550,False,0,0.0,1024.28,242.25,23.65,Credit Card,Delivered
ORD00264,2024-03-26,C0234,Consumer,East,Kolkata,Mobile App,P010,Travel Bag,Accessories,1,2712.31,15.0,2712.31,406.85,226.95,47.05,1450,False,0,0.0,2305.46,581.46,25.22,Credit Card,Delivered
ORD00265,2024-08-31,C0585,Corporate,North,Jaipur,Website,P004,Laptop Stand,Electronics,1,1489.46,5.0,1489.46,74.47,246.1,25.04,850,False,0,0.0,1414.99,293.85,20.77,Credit Card,Delivered
ORD00266,2024-11-18,C0111,Consumer,West,Mumbai,Mobile App,P017,Notebook Set,Stationery,1,636.0,15.0,636.0,95.4,101.6,13.41,260,False,0,0.0,540.6,165.59,30.63,Debit Card,Delivered
ORD00267,2025-04-16,C0482,Corporate,West,Surat,Website,P008,Fitness Band,Sports,6,2232.75,10.0,13396.5,1339.65,63.1,409.31,7200,False,0,0.0,12056.85,4384.44,36.36,UPI,Delivered
ORD00268,2024-05-03,C0010,Corporate,North,Lucknow,Website,P011,Leather Wallet,Accessories,1,1172.92,15.0,1172.92,175.94,107.34,25.97,550,True,1,996.98,0.0,-683.31,0.0,UPI,Returned
ORD00269,2024-08-27,C0533,Home Office,North,Lucknow,Website,P003,Bluetooth Speaker,Electronics,3,2175.92,15.0,6527.76,979.16,178.4,88.83,3900,False,0,0.0,5548.6,1381.37,24.9,Net Banking,Delivered
ORD00270,2024-06-06,C0569,Home Office,North,Chandigarh,Marketplace,P017,Notebook Set,Stationery,1,564.39,5.0,564.39,28.22,226.43,8.48,260,False,0,0.0,536.17,41.26,7.7,Net Banking,Delivered
ORD00272,2025-10-08,C0473,Consumer,North,Chandigarh,Mobile App,P007,Yoga Mat,Sports,2,1137.81,10.0,2275.62,227.56,89.18,41.77,1300,False,0,0.0,2048.06,617.11,30.13,Credit Card,Delivered
ORD00273,2025-11-10,C0166,Corporate,West,Mumbai,Mobile App,P018,Premium Pen Set,Stationery,2,926.48,10.0,1852.96,185.3,216.68,44.35,800,False,0,0.0,1667.66,606.63,36.38,UPI,Delivered
ORD00274,2025-06-06,C0417,Consumer,West,Ahmedabad,Mobile App,P004,Laptop Stand,Electronics,1,1517.38,5.0,1517.38,75.87,85.53,40.93,850,False,0,0.0,1441.51,465.05,32.26,UPI,Delivered
ORD00275,2024-03-30,C0311,Consumer,North,Delhi,Marketplace,P006,Running Shoes,Sports,2,3393.39,15.0,6786.78,1018.02,100.11,139.62,4200,False,0,0.0,5768.76,1329.03,23.04,UPI,Delivered
ORD00276,2025-10-04,C0067,Consumer,West,Mumbai,Website,P016,Desk Lamp,Home & Kitchen,1,1487.94,10.0,1487.94,148.79,144.42,22.6,750,False,0,0.0,1339.15,422.13,31.52,COD,Cancelled
ORD00277,2025-05-16,C0147,Consumer,East,Bhubaneswar,Website,P009,Office Backpack,Accessories,2,1661.77,10.0,3323.54,332.35,219.31,53.25,2000,False,0,0.0,2991.19,718.63,24.02,UPI,Delivered
ORD00278,2025-07-17,C0433,Consumer,North,Lucknow,Mobile App,P011,Leather Wallet,Accessories,4,1100.64,15.0,4402.56,660.38,125.02,94.03,2200,False,0,0.0,3742.18,1323.13,35.36,UPI,Delivered
ORD00279,2025-09-25,C0039,Corporate,West,Pune,Mobile App,P004,Laptop Stand,Electronics,3,1445.77,5.0,4337.31,216.87,97.17,93.46,2550,False,0,0.0,4120.44,1379.81,33.49,UPI,Delivered
ORD00280,2025-03-23,C0512,Consumer,West,Surat,Website,P019,Planner,Stationery,1,803.48,10.0,803.48,80.35,137.62,19.97,320,False,0,0.0,723.13,245.54,33.96,UPI,Delivered
ORD00281,2025-10-01,C0472,Home Office,West,Mumbai,Website,P007,Yoga Mat,Sports,2,1215.51,15.0,2431.02,364.65,188.15,58.76,1300,False,0,0.0,2066.37,519.46,25.14,UPI,Delivered
ORD00282,2024-09-29,C0008,Home Office,West,Mumbai,Mobile App,P008,Fitness Band,Sports,1,2034.34,10.0,2034.34,203.43,105.63,60.95,1200,False,0,0.0,1830.91,464.33,25.36,Net Banking,Delivered
ORD00283,2025-05-09,C0038,Consumer,South,Chennai,Website,P017,Notebook Set,Stationery,4,614.46,5.0,2457.84,122.89,229.25,70.08,1040,False,0,0.0,2334.95,995.62,42.64,Credit Card,Delivered
ORD00284,2024-03-07,C0197,Corporate,South,Hyderabad,Marketplace,P012,Sunglasses,Accessories,1,1490.49,0.0,1490.49,0.0,210.59,44.79,850,False,0,0.0,1490.49,385.11,25.84,Debit Card,Delivered
ORD00285,2024-05-04,C0041,Consumer,South,Hyderabad,Mobile App,P016,Desk Lamp,Home & Kitchen,1,1504.09,0.0,1504.09,0.0,236.89,38.5,750,False,0,0.0,1504.09,478.7,31.83,Credit Card,Delivered
ORD00286,2024-12-24,C0331,Consumer,West,Surat,Website,P012,Sunglasses,Accessories,1,1637.05,0.0,1637.05,0.0,46.52,42.7,850,False,0,0.0,1637.05,697.83,42.63,Credit Card,Delivered
ORD00287,2024-02-22,C0077,Corporate,North,Chandigarh,Website,P009,Office Backpack,Accessories,2,1777.41,5.0,3554.82,177.74,209.36,62.79,2000,False,0,0.0,3377.08,1104.93,32.72,Credit Card,Delivered
ORD00288,2025-08-29,C0469,Consumer,North,Lucknow,Mobile App,P013,Coffee Maker,Home & Kitchen,2,3970.37,0.0,7940.74,0.0,129.32,158.37,5100,False,0,0.0,7940.74,2553.05,32.15,UPI,Delivered
ORD00289,2024-03-10,C0338,Corporate,West,Ahmedabad,Website,P008,Fitness Band,Sports,3,2046.59,10.0,6139.77,613.98,148.83,133.23,3600,True,1,1841.93,3683.86,-198.2,-5.38,Debit Card,Returned
ORD00290,2025-03-06,C0040,Consumer,West,Ahmedabad,Website,P005,Mechanical Keyboard,Electronics,2,2779.33,5.0,5558.66,277.93,120.06,183.84,3300,False,0,0.0,5280.73,1676.83,31.75,Credit Card,Delivered
ORD00291,2025-01-11,C0402,Home Office,North,Chandigarh,Website,P012,Sunglasses,Accessories,1,1583.84,5.0,1583.84,79.19,66.36,47.05,850,True,1,1504.65,0.0,-963.41,0.0,Credit Card,Returned
ORD00292,2024-06-23,C0001,Consumer,West,Pune,Mobile App,P018,Premium Pen Set,Stationery,3,928.51,5.0,2785.53,139.28,144.09,61.98,1200,False,0,0.0,2646.25,1240.18,46.87,UPI,Delivered
ORD00293,2025-09-10,C0503,Consumer,West,Surat,Website,P014,Air Fryer,Home & Kitchen,1,5942.71,5.0,5942.71,297.14,49.4,90.79,3500,False,0,0.0,5645.57,2005.38,35.52,Credit Card,Delivered
ORD00294,2025-06-26,C0205,Consumer,South,Kochi,Website,P002,Smart Watch,Electronics,2,3397.08,0.0,6794.16,0.0,96.52,211.04,3800,True,1,3397.08,3397.08,-710.48,-20.91,UPI,Returned
ORD00295,2025-02-12,C0503,Consumer,North,Lucknow,Marketplace,P002,Smart Watch,Electronics,3,3077.46,20.0,9232.38,1846.48,202.23,135.73,5700,False,0,0.0,7385.9,1347.94,18.25,Debit Card,Delivered
ORD00296,2025-08-13,C0439,Corporate,West,Mumbai,Mobile App,P003,Bluetooth Speaker,Electronics,1,2257.55,0.0,2257.55,0.0,56.59,65.17,1300,False,0,0.0,2257.55,835.79,37.02,Net Banking,Delivered
ORD00297,2024-04-04,C0478,Consumer,West,Pune,Marketplace,P018,Premium Pen Set,Stationery,4,833.17,10.0,3332.68,333.27,126.27,46.09,1600,False,0,0.0,2999.41,1227.05,40.91,Net Banking,Delivered
ORD00298,2024-03-31,C0411,Consumer,West,Surat,Mobile App,P007,Yoga Mat,Sports,3,1239.42,5.0,3718.26,185.91,112.52,123.0,1950,False,0,0.0,3532.35,1346.83,38.13,Credit Card,Delivered
ORD00299,2024-10-02,C0514,Home Office,South,Hyderabad,Website,P005,Mechanical Keyboard,Electronics,1,2687.93,5.0,2687.93,134.4,135.43,76.36,1650,False,0,0.0,2553.53,691.74,27.09,UPI,Delivered
ORD00300,2024-03-11,C0466,Consumer,North,Delhi,Website,P016,Desk Lamp,Home & Kitchen,1,1446.49,10.0,1446.49,144.65,69.12,22.84,750,False,0,0.0,1301.84,459.88,35.33,COD,Delivered
ORD00301,2025-08-26,C0001,Consumer,North,Chandigarh,Website,P006,Running Shoes,Sports,3,3452.31,10.0,10356.93,1035.69,214.99,186.42,6300,False,0,0.0,9321.24,2619.83,28.11,Credit Card,Delivered
ORD00302,2024-04-02,C0507,Home Office,West,Mumbai,Mobile App,P017,Notebook Set,Stationery,4,582.74,5.0,2330.96,116.55,197.13,38.24,1040,False,0,0.0,2214.41,939.04,42.41,Net Banking,Delivered
ORD00303,2024-12-10,C0584,Consumer,East,Ranchi,Mobile App,P005,Mechanical Keyboard,Electronics,6,2931.66,10.0,17589.96,1759.0,246.84,246.59,9900,False,0,0.0,15830.96,5437.53,34.35,UPI,Delivered
ORD00304,2024-03-01,C0307,Consumer,North,Chandigarh,Mobile App,P017,Notebook Set,Stationery,4,581.16,5.0,2324.64,116.23,92.97,56.72,1040,False,0,0.0,2208.41,1018.72,46.13,UPI,Delivered
ORD00305,2025-01-10,C0099,Consumer,South,Kochi,Website,P012,Sunglasses,Accessories,1,1596.52,5.0,1596.52,79.83,100.51,29.91,850,False,0,0.0,1516.69,536.27,35.36,UPI,Delivered
ORD00306,2025-11-25,C0249,Home Office,West,Mumbai,Marketplace,P004,Laptop Stand,Electronics,2,1561.86,15.0,3123.72,468.56,159.07,76.13,1700,True,1,1327.58,1327.58,-607.62,-45.77,COD,Returned
ORD00307,2025-06-08,C0202,Consumer,South,Chennai,Mobile App,P009,Office Backpack,Accessories,1,1887.64,5.0,1887.64,94.38,111.79,32.93,1000,False,0,0.0,1793.26,648.54,36.17,COD,Delivered
ORD00308,2025-01-24,C0180,Consumer,West,Mumbai,Mobile App,P011,Leather Wallet,Accessories,4,1152.41,15.0,4609.64,691.45,42.24,107.57,2200,False,0,0.0,3918.19,1568.38,40.03,Net Banking,Delivered
ORD00309,2025-10-08,C0520,Consumer,South,Kochi,Mobile App,P017,Notebook Set,Stationery,1,614.33,0.0,614.33,0.0,69.63,16.7,260,False,0,0.0,614.33,268.0,43.62,UPI,Delivered
ORD00310,2024-01-19,C0499,Home Office,East,Ranchi,Marketplace,P019,Planner,Stationery,2,747.53,5.0,1495.06,74.75,66.19,37.96,640,False,0,0.0,1420.31,676.16,47.61,COD,Delivered
ORD00311,2025-09-18,C0343,Consumer,North,Jaipur,Mobile App,P014,Air Fryer,Home & Kitchen,2,5989.55,15.0,11979.1,1796.86,63.31,188.8,7000,False,0,0.0,10182.24,2930.13,28.78,UPI,Delivered
ORD00312,2025-12-01,C0511,Consumer,West,Surat,Mobile App,P015,Electric Kettle,Home & Kitchen,2,1901.5,0.0,3803.0,0.0,106.62,78.49,2100,False,0,0.0,3803.0,1517.89,39.91,UPI,Delivered
ORD00313,2025-12-04,C0024,Consumer,West,Surat,Website,P008,Fitness Band,Sports,1,2030.7,5.0,2030.7,101.54,73.73,42.08,1200,False,0,0.0,1929.16,613.35,31.79,Credit Card,Delivered
ORD00314,2025-11-19,C0092,Corporate,South,Kochi,Website,P002,Smart Watch,Electronics,5,3199.51,5.0,15997.55,799.88,153.06,366.11,9500,False,0,0.0,15197.67,5178.5,34.07,UPI,Delivered
ORD00315,2025-05-06,C0550,Corporate,North,Chandigarh,Marketplace,P002,Smart Watch,Electronics,2,3045.93,0.0,6091.86,0.0,221.11,208.52,3800,False,0,0.0,6091.86,1862.23,30.57,Credit Card,Delivered
ORD00316,2025-04-19,C0207,Consumer,West,Mumbai,Website,P019,Planner,Stationery,3,713.74,0.0,2141.22,0.0,196.01,61.48,960,False,0,0.0,2141.22,923.73,43.14,Credit Card,Delivered
ORD00317,2024-09-01,C0478,Consumer,West,Ahmedabad,Mobile App,P013,Coffee Maker,Home & Kitchen,1,3938.2,5.0,3938.2,196.91,47.47,66.35,2550,False,0,0.0,3741.29,1077.47,28.8,UPI,Delivered
ORD00318,2024-06-12,C0372,Consumer,South,Bengaluru,Mobile App,P014,Air Fryer,Home & Kitchen,1,6186.0,0.0,6186.0,0.0,176.85,180.95,3500,False,0,0.0,6186.0,2328.2,37.64,UPI,Delivered
ORD00319,2024-02-26,C0277,Corporate,East,Ranchi,Website,P002,Smart Watch,Electronics,2,3347.12,5.0,6694.24,334.71,68.61,208.28,3800,False,0,0.0,6359.53,2282.64,35.89,Net Banking,Delivered
ORD00320,2025-12-09,C0486,Home Office,South,Hyderabad,Mobile App,P010,Travel Bag,Accessories,3,2638.98,10.0,7916.94,791.69,75.81,234.77,4350,False,0,0.0,7125.25,2464.67,34.59,Net Banking,Delivered
ORD00321,2025-10-08,C0260,Consumer,East,Patna,Website,P012,Sunglasses,Accessories,4,1668.72,0.0,6674.88,0.0,137.35,162.91,3400,False,0,0.0,6674.88,2974.62,44.56,Debit Card,Delivered
ORD00322,2025-11-17,C0259,Consumer,East,Patna,Mobile App,P018,Premium Pen Set,Stationery,1,918.81,5.0,918.81,45.94,72.51,19.55,400,False,0,0.0,872.87,380.81,43.63,Credit Card,Delivered
ORD00323,2024-05-26,C0462,Corporate,East,Ranchi,Mobile App,P008,Fitness Band,Sports,6,2114.3,10.0,12685.8,1268.58,156.7,387.51,7200,False,0,0.0,11417.22,3673.01,32.17,Net Banking,Delivered
ORD00324,2024-10-06,C0333,Consumer,North,Chandigarh,Website,P020,Study Table Organizer,Stationery,4,944.92,5.0,3779.68,188.98,126.54,56.42,1800,False,0,0.0,3590.7,1607.74,44.78,Credit Card,Delivered
ORD00325,2025-11-08,C0541,Home Office,West,Ahmedabad,Website,P018,Premium Pen Set,Stationery,2,853.37,5.0,1706.74,85.34,162.95,34.56,800,False,0,0.0,1621.4,623.89,38.48,UPI,Delivered
ORD00326,2024-10-26,C0296,Consumer,South,Chennai,Website,P014,Air Fryer,Home & Kitchen,2,6026.48,0.0,12052.96,0.0,191.95,375.08,7000,False,0,0.0,12052.96,4485.93,37.22,Debit Card,Delivered
ORD00327,2025-06-28,C0044,Home Office,South,Bengaluru,Marketplace,P006,Running Shoes,Sports,2,3671.59,20.0,7343.18,1468.64,99.15,144.59,4200,False,0,0.0,5874.54,1430.8,24.36,UPI,Delivered
ORD00328,2025-09-14,C0535,Corporate,West,Ahmedabad,Website,P014,Air Fryer,Home & Kitchen,1,6022.36,10.0,6022.36,602.24,63.85,168.68,3500,False,0,0.0,5420.12,1687.59,31.14,UPI,Delivered
ORD00329,2025-02-08,C0257,Home Office,West,Mumbai,Website,P003,Bluetooth Speaker,Electronics,2,2255.92,5.0,4511.84,225.59,144.12,127.06,2600,True,2,4286.25,0.0,-2871.18,0.0,UPI,Returned
ORD00330,2025-06-11,C0273,Home Office,North,Jaipur,Mobile App,P012,Sunglasses,Accessories,1,1605.62,10.0,1605.62,160.56,167.12,24.19,850,True,1,1445.06,0.0,-1041.31,0.0,Debit Card,Returned
ORD00331,2025-06-28,C0420,Corporate,West,Surat,Website,P019,Planner,Stationery,1,803.23,5.0,803.23,40.16,162.69,25.49,320,False,0,0.0,763.07,254.89,33.4,Credit Card,Delivered
ORD00332,2025-04-22,C0125,Consumer,East,Ranchi,Website,P011,Leather Wallet,Accessories,1,1030.44,0.0,1030.44,0.0,215.47,31.61,550,False,0,0.0,1030.44,233.36,22.65,Debit Card,Delivered
ORD00333,2024-01-03,C0028,Consumer,South,Hyderabad,Mobile App,P003,Bluetooth Speaker,Electronics,2,2309.27,10.0,4618.54,461.85,186.6,88.2,2600,False,0,0.0,4156.69,1281.89,30.84,UPI,Delivered
ORD00334,2025-08-29,C0568,Consumer,North,Lucknow,Mobile App,P006,Running Shoes,Sports,3,3772.39,10.0,11317.17,1131.72,223.22,196.71,6300,False,0,0.0,10185.45,3465.52,34.02,Credit Card,Delivered
ORD00335,2025-04-24,C0241,Home Office,South,Kochi,Mobile App,P003,Bluetooth Speaker,Electronics,1,2161.02,5.0,2161.02,108.05,121.91,66.25,1300,False,0,0.0,2052.97,564.81,27.51,UPI,Delivered
ORD00336,2025-08-20,C0133,Consumer,East,Ranchi,Mobile App,P011,Leather Wallet,Accessories,1,1091.29,10.0,1091.29,109.13,178.92,26.36,550,False,0,0.0,982.16,226.88,23.1,Credit Card,Delivered
ORD00337,2025-08-02,C0321,Consumer,North,Delhi,Mobile App,P001,Wireless Headphones,Electronics,2,1896.69,10.0,3793.38,379.34,136.32,95.07,2100,False,0,0.0,3414.04,1082.65,31.71,Credit Card,Delivered
ORD00338,2024-11-14,C0168,Consumer,West,Pune,Website,P007,Yoga Mat,Sports,1,1120.11,0.0,1120.11,0.0,55.59,19.13,650,False,0,0.0,1120.11,395.39,35.3,UPI,Delivered
ORD00339,2024-02-20,C0403,Consumer,East,Patna,Mobile App,P016,Desk Lamp,Home & Kitchen,3,1312.07,10.0,3936.21,393.62,84.46,63.43,2250,False,0,0.0,3542.59,1144.7,32.31,COD,Delivered
ORD00340,2024-06-20,C0265,Home Office,West,Pune,Mobile App,P017,Notebook Set,Stationery,3,629.93,10.0,1889.79,188.98,77.38,53.56,780,False,0,0.0,1700.81,789.87,46.44,COD,Delivered
ORD00341,2025-03-22,C0290,Consumer,West,Mumbai,Mobile App,P011,Leather Wallet,Accessories,3,1162.31,0.0,3486.93,0.0,119.57,54.73,1650,False,0,0.0,3486.93,1662.63,47.68,Credit Card,Delivered
ORD00342,2025-04-13,C0057,Consumer,West,Ahmedabad,Mobile App,P009,Office Backpack,Accessories,1,1887.2,0.0,1887.2,0.0,171.02,49.54,1000,False,0,0.0,1887.2,666.64,35.32,Debit Card,Delivered
ORD00343,2024-10-29,C0253,Home Office,North,Delhi,Marketplace,P009,Office Backpack,Accessories,2,1815.04,10.0,3630.08,363.01,141.07,89.34,2000,False,0,0.0,3267.07,1036.66,31.73,UPI,Cancelled
ORD00344,2025-01-04,C0533,Home Office,South,Hyderabad,Website,P016,Desk Lamp,Home & Kitchen,2,1423.51,5.0,2847.02,142.35,230.89,75.08,1500,False,0,0.0,2704.67,898.7,33.23,UPI,Cancelled
ORD00345,2024-04-02,C0042,Consumer,East,Patna,Website,P018,Premium Pen Set,Stationery,1,855.58,0.0,855.58,0.0,181.11,20.7,400,False,0,0.0,855.58,253.77,29.66,UPI,Delivered
ORD00346,2024-03-29,C0512,Consumer,East,Ranchi,Mobile App,P013,Coffee Maker,Home & Kitchen,2,4396.16,15.0,8792.32,1318.85,237.82,121.72,5100,False,0,0.0,7473.47,2013.93,26.95,UPI,Delivered
ORD00348,2025-10-28,C0277,Corporate,North,Jaipur,Mobile App,P010,Travel Bag,Accessories,1,2445.96,10.0,2445.96,244.6,184.35,60.9,1450,False,0,0.0,2201.36,506.11,22.99,UPI,Delivered
ORD00349,2025-10-06,C0325,Home Office,West,Pune,Website,P003,Bluetooth Speaker,Electronics,1,2277.97,10.0,2277.97,227.8,193.78,55.8,1300,False,0,0.0,2050.17,500.59,24.42,Credit Card,Delivered
ORD00350,2025-01-31,C0174,Consumer,North,Delhi,Mobile App,P016,Desk Lamp,Home & Kitchen,1,1376.98,5.0,1376.98,68.85,189.68,34.14,750,False,0,0.0,1308.13,334.31,25.56,Credit Card,Delivered
ORD00351,2024-12-02,C0008,Home Office,South,Hyderabad,Website,P004,Laptop Stand,Electronics,1,1472.76,5.0,1472.76,73.64,244.96,29.68,850,False,0,0.0,1399.12,274.48,19.62,Debit Card,Delivered
ORD00352,2025-08-23,C0137,Consumer,South,Chennai,Website,P013,Coffee Maker,Home & Kitchen,2,3940.25,10.0,7880.5,788.05,50.51,116.23,5100,False,0,0.0,7092.45,1825.71,25.74,Net Banking,Delivered
ORD00353,2024-04-15,C0096,Consumer,North,Lucknow,Website,P014,Air Fryer,Home & Kitchen,2,5684.87,10.0,11369.74,1136.97,231.62,207.92,7000,False,0,0.0,10232.77,2793.23,27.3,Credit Card,Delivered
ORD00354,2025-09-04,C0599,Consumer,West,Surat,Website,P002,Smart Watch,Electronics,1,3204.3,10.0,3204.3,320.43,198.33,49.63,1900,False,0,0.0,2883.87,735.91,25.52,UPI,Delivered
ORD00355,2024-01-16,C0358,Consumer,East,Patna,Marketplace,P006,Running Shoes,Sports,6,3590.53,5.0,21543.18,1077.16,160.98,592.06,12600,False,0,0.0,20466.02,7112.98,34.76,UPI,Delivered
ORD00356,2024-01-06,C0279,Corporate,East,Kolkata,Website,P017,Notebook Set,Stationery,1,617.64,10.0,617.64,61.76,142.27,17.38,260,False,0,0.0,555.88,136.23,24.51,COD,Delivered
ORD00357,2025-05-23,C0237,Consumer,North,Jaipur,Mobile App,P014,Air Fryer,Home & Kitchen,1,5914.84,0.0,5914.84,0.0,60.94,131.7,3500,False,0,0.0,5914.84,2222.2,37.57,UPI,Delivered
ORD00358,2024-01-06,C0220,Corporate,South,Bengaluru,Mobile App,P003,Bluetooth Speaker,Electronics,2,2080.43,10.0,4160.86,416.09,55.93,108.46,2600,False,0,0.0,3744.77,980.38,26.18,UPI,Delivered
ORD00359,2024-10-30,C0465,Home Office,West,Surat,Website,P008,Fitness Band,Sports,1,2007.83,5.0,2007.83,100.39,180.85,51.6,1200,False,0,0.0,1907.44,474.99,24.9,UPI,Delivered
ORD00360,2025-03-30,C0375,Consumer,South,Chennai,Website,P006,Running Shoes,Sports,2,3610.37,10.0,7220.74,722.07,55.18,187.25,4200,False,0,0.0,6498.67,2056.24,31.64,UPI,Delivered
ORD00361,2025-02-13,C0474,Home Office,East,Kolkata,Marketplace,P008,Fitness Band,Sports,1,2116.0,5.0,2116.0,105.8,238.2,62.49,1200,False,0,0.0,2010.2,509.51,25.35,Credit Card,Delivered
ORD00362,2025-07-05,C0109,Consumer,North,Chandigarh,Website,P020,Study Table Organizer,Stationery,3,1043.83,5.0,3131.49,156.57,83.13,88.49,1350,False,0,0.0,2974.92,1453.3,48.85,UPI,Delivered
ORD00363,2025-09-10,C0027,Consumer,East,Kolkata,Mobile App,P010,Travel Bag,Accessories,2,2435.98,5.0,4871.96,243.6,81.77,156.1,2900,True,1,2314.18,2314.18,-823.69,-35.59,Net Banking,Returned
ORD00364,2024-10-06,C0344,Consumer,North,Jaipur,Website,P018,Premium Pen Set,Stationery,1,964.07,5.0,964.07,48.2,211.62,24.0,400,False,0,0.0,915.87,280.25,30.6,UPI,Delivered
ORD00365,2025-05-11,C0206,Consumer,West,Surat,Website,P012,Sunglasses,Accessories,1,1602.13,5.0,1602.13,80.11,212.17,39.69,850,False,0,0.0,1522.02,420.16,27.61,UPI,Delivered
ORD00366,2025-01-19,C0241,Home Office,West,Ahmedabad,Website,P006,Running Shoes,Sports,1,3316.66,5.0,3316.66,165.83,114.01,82.23,2100,False,0,0.0,3150.83,854.59,27.12,Net Banking,Delivered
ORD00367,2025-09-07,C0178,Consumer,North,Delhi,Mobile App,P020,Study Table Organizer,Stationery,1,1054.72,10.0,1054.72,105.47,130.0,28.03,450,False,0,0.0,949.25,341.22,35.95,Debit Card,Delivered
ORD00368,2025-08-06,C0550,Corporate,West,Surat,Mobile App,P001,Wireless Headphones,Electronics,1,1678.94,10.0,1678.94,167.89,237.24,22.72,1050,False,0,0.0,1511.05,201.09,13.31,Debit Card,Delivered
ORD00369,2024-11-26,C0267,Corporate,South,Kochi,Mobile App,P014,Air Fryer,Home & Kitchen,1,5674.95,10.0,5674.95,567.5,236.96,132.01,3500,False,0,0.0,5107.45,1238.48,24.25,UPI,Delivered
ORD00370,2024-09-29,C0340,Consumer,North,Jaipur,Website,P011,Leather Wallet,Accessories,2,1057.14,0.0,2114.28,0.0,94.51,59.68,1100,True,2,2114.28,0.0,-1254.19,0.0,Debit Card,Returned
ORD00371,2024-04-15,C0165,Consumer,South,Kochi,Website,P009,Office Backpack,Accessories,1,1659.49,10.0,1659.49,165.95,166.76,49.78,1000,True,1,1493.54,0.0,-1216.54,0.0,UPI,Returned
ORD00372,2025-02-03,C0503,Consumer,North,Chandigarh,Marketplace,P004,Laptop Stand,Electronics,1,1613.49,10.0,1613.49,161.35,221.24,35.76,850,True,1,1452.14,0.0,-1107.0,0.0,Credit Card,Returned
ORD00373,2025-09-22,C0505,Corporate,North,Delhi,Mobile App,P016,Desk Lamp,Home & Kitchen,1,1301.03,10.0,1301.03,130.1,156.51,27.47,750,False,0,0.0,1170.93,236.95,20.24,UPI,Delivered
ORD00374,2025-11-21,C0592,Corporate,North,Lucknow,Marketplace,P019,Planner,Stationery,1,746.83,20.0,746.83,149.37,112.14,20.47,320,False,0,0.0,597.46,144.85,24.24,Debit Card,Delivered
ORD00375,2024-02-25,C0273,Home Office,West,Surat,Mobile App,P004,Laptop Stand,Electronics,3,1544.85,5.0,4634.55,231.73,159.23,152.48,2550,False,0,0.0,4402.82,1541.11,35.0,COD,Delivered
ORD00376,2025-12-30,C0030,Consumer,South,Kochi,Marketplace,P003,Bluetooth Speaker,Electronics,2,2204.37,10.0,4408.74,440.87,92.77,72.71,2600,False,0,0.0,3967.87,1202.39,30.3,Debit Card,Delivered
ORD00377,2024-10-23,C0308,Consumer,East,Bhubaneswar,Mobile App,P004,Laptop Stand,Electronics,1,1394.5,0.0,1394.5,0.0,141.92,44.07,850,False,0,0.0,1394.5,358.51,25.71,Debit Card,Delivered
ORD00378,2025-02-26,C0348,Consumer,North,Delhi,Marketplace,P008,Fitness Band,Sports,2,2016.08,15.0,4032.16,604.82,77.78,114.09,2400,False,0,0.0,3427.34,835.47,24.38,COD,Delivered
ORD00379,2025-09-05,C0083,Consumer,South,Kochi,Mobile App,P001,Wireless Headphones,Electronics,2,1925.67,0.0,3851.34,0.0,47.2,111.87,2100,False,0,0.0,3851.34,1592.27,41.34,Credit Card,Delivered
ORD00380,2025-09-12,C0220,Corporate,West,Mumbai,Website,P018,Premium Pen Set,Stationery,1,928.73,5.0,928.73,46.44,68.75,19.25,400,False,0,0.0,882.29,394.29,44.69,Net Banking,Delivered
ORD00381,2025-01-23,C0183,Home Office,North,Chandigarh,Mobile App,P001,Wireless Headphones,Electronics,2,1838.31,5.0,3676.62,183.83,230.85,53.87,2100,False,0,0.0,3492.79,1108.07,31.72,Debit Card,Delivered
ORD00382,2025-11-24,C0081,Home Office,North,Lucknow,Website,P006,Running Shoes,Sports,1,3493.72,0.0,3493.72,0.0,141.33,76.24,2100,False,0,0.0,3493.72,1176.15,33.66,Debit Card,Delivered
ORD00383,2025-07-11,C0593,Consumer,North,Jaipur,Mobile App,P010,Travel Bag,Accessories,3,2452.52,0.0,7357.56,0.0,175.65,174.34,4350,False,0,0.0,7357.56,2657.57,36.12,UPI,Delivered
ORD00384,2024-02-10,C0484,Corporate,North,Delhi,Website,P016,Desk Lamp,Home & Kitchen,2,1394.96,5.0,2789.92,139.5,153.14,53.41,1500,False,0,0.0,2650.42,943.87,35.61,Credit Card,Delivered
ORD00385,2025-09-02,C0466,Consumer,North,Chandigarh,Mobile App,P004,Laptop Stand,Electronics,1,1545.51,5.0,1545.51,77.28,133.72,34.09,850,False,0,0.0,1468.23,450.42,30.68,UPI,Delivered
ORD00386,2024-02-08,C0047,Consumer,East,Patna,Mobile App,P017,Notebook Set,Stationery,1,602.04,5.0,602.04,30.1,107.51,10.41,260,False,0,0.0,571.94,194.02,33.92,Debit Card,Delivered
ORD00387,2024-09-09,C0436,Corporate,East,Bhubaneswar,Mobile App,P009,Office Backpack,Accessories,2,1849.57,5.0,3699.14,184.96,119.72,79.62,2000,False,0,0.0,3514.18,1314.84,37.42,Debit Card,Delivered
ORD00388,2025-03-19,C0428,Home Office,South,Chennai,Website,P018,Premium Pen Set,Stationery,3,961.36,15.0,2884.08,432.61,179.92,48.33,1200,False,0,0.0,2451.47,1023.22,41.74,UPI,Delivered
ORD00389,2025-08-15,C0356,Corporate,West,Surat,Mobile App,P004,Laptop Stand,Electronics,3,1529.7,5.0,4589.1,229.46,130.39,101.1,2550,False,0,0.0,4359.64,1578.15,36.2,COD,Delivered
ORD00390,2024-03-17,C0217,Consumer,South,Chennai,Website,P010,Travel Bag,Accessories,3,2699.21,0.0,8097.63,0.0,117.28,134.04,4350,False,0,0.0,8097.63,3496.31,43.18,UPI,Delivered
ORD00391,2024-12-16,C0511,Consumer,South,Kochi,Marketplace,P004,Laptop Stand,Electronics,3,1481.39,20.0,4444.17,888.83,52.52,111.1,2550,False,0,0.0,3555.34,841.72,23.67,Credit Card,Delivered
ORD00392,2025-10-14,C0408,Consumer,West,Ahmedabad,Website,P003,Bluetooth Speaker,Electronics,2,2195.63,10.0,4391.26,439.13,62.45,124.18,2600,False,0,0.0,3952.13,1165.5,29.49,UPI,Delivered
ORD00393,2025-02-25,C0478,Consumer,North,Lucknow,Marketplace,P002,Smart Watch,Electronics,2,3035.34,15.0,6070.68,910.6,203.14,158.78,3800,False,0,0.0,5160.08,998.16,19.34,UPI,Delivered
ORD00394,2025-06-16,C0015,Consumer,West,Pune,Website,P010,Travel Bag,Accessories,1,2660.32,10.0,2660.32,266.03,159.25,37.92,1450,False,0,0.0,2394.29,747.12,31.2,Net Banking,Delivered
ORD00395,2025-04-05,C0193,Home Office,West,Surat,Website,P019,Planner,Stationery,1,791.63,0.0,791.63,0.0,226.78,27.7,320,False,0,0.0,791.63,217.15,27.43,COD,Delivered
ORD00396,2025-01-10,C0443,Consumer,North,Lucknow,Website,P005,Mechanical Keyboard,Electronics,4,2950.07,10.0,11800.28,1180.03,136.42,212.78,6600,False,0,0.0,10620.25,3671.05,34.57,UPI,Delivered
ORD00397,2024-05-21,C0073,Consumer,West,Surat,Website,P004,Laptop Stand,Electronics,3,1610.06,10.0,4830.18,483.02,92.99,101.26,2550,True,1,1449.05,2898.11,153.86,5.31,Net Banking,Returned
ORD00398,2024-07-04,C0204,Home Office,South,Chennai,Website,P020,Study Table Organizer,Stationery,1,1005.09,10.0,1005.09,100.51,191.03,29.52,450,False,0,0.0,904.58,234.03,25.87,UPI,Delivered
ORD00399,2025-06-21,C0177,Corporate,West,Mumbai,Marketplace,P019,Planner,Stationery,4,698.52,0.0,2794.08,0.0,197.16,84.31,1280,False,0,0.0,2794.08,1232.61,44.12,UPI,Delivered
ORD00400,2025-03-19,C0021,Consumer,West,Ahmedabad,Marketplace,P013,Coffee Maker,Home & Kitchen,2,4120.69,10.0,8241.38,824.14,66.73,207.61,5100,True,1,3708.62,3708.62,-1665.72,-44.91,UPI,Returned
ORD00401,2024-08-10,C0148,Consumer,West,Ahmedabad,Website,P001,Wireless Headphones,Electronics,3,1692.68,5.0,5078.04,253.9,248.07,117.93,3150,False,0,0.0,4824.14,1308.14,27.12,Credit Card,Delivered
ORD00402,2025-04-09,C0550,Corporate,West,Ahmedabad,Website,P017,Notebook Set,Stationery,4,615.49,5.0,2461.96,123.1,83.63,65.43,1040,False,0,0.0,2338.86,1149.8,49.16,Debit Card,Delivered
ORD00403,2025-02-16,C0575,Home Office,West,Mumbai,Website,P017,Notebook Set,Stationery,1,623.28,5.0,623.28,31.16,116.45,20.24,260,False,0,0.0,592.12,195.43,33.01,Debit Card,Delivered
ORD00404,2024-02-16,C0043,Consumer,North,Delhi,Mobile App,P017,Notebook Set,Stationery,2,569.36,5.0,1138.72,56.94,193.43,34.24,520,False,0,0.0,1081.78,334.11,30.89,Debit Card,Delivered
ORD00405,2025-09-15,C0539,Consumer,West,Surat,Website,P014,Air Fryer,Home & Kitchen,5,5777.66,0.0,28888.3,0.0,193.65,687.22,17500,False,0,0.0,28888.3,10507.43,36.37,Credit Card,Delivered
ORD00406,2025-10-19,C0256,Consumer,East,Ranchi,Website,P006,Running Shoes,Sports,1,3256.4,10.0,3256.4,325.64,108.53,86.62,2100,False,0,0.0,2930.76,635.61,21.69,Debit Card,Delivered
ORD00407,2025-05-03,C0230,Corporate,West,Mumbai,Marketplace,P009,Office Backpack,Accessories,2,1938.5,0.0,3877.0,0.0,166.81,69.42,2000,False,0,0.0,3877.0,1640.77,42.32,Net Banking,Delivered
ORD00408,2025-10-12,C0564,Consumer,West,Mumbai,Website,P015,Electric Kettle,Home & Kitchen,2,1700.37,0.0,3400.74,0.0,197.61,74.07,2100,False,0,0.0,3400.74,1029.06,30.26,UPI,Delivered
ORD00409,2024-04-13,C0192,Home Office,West,Ahmedabad,Website,P007,Yoga Mat,Sports,2,1288.14,15.0,2576.28,386.44,188.42,64.49,1300,False,0,0.0,2189.84,636.93,29.09,UPI,Delivered
ORD00410,2024-01-21,C0458,Consumer,West,Ahmedabad,Mobile App,P004,Laptop Stand,Electronics,1,1537.89,0.0,1537.89,0.0,103.2,39.66,850,False,0,0.0,1537.89,545.03,35.44,UPI,Delivered
ORD00411,2025-11-05,C0439,Corporate,North,Lucknow,Website,P005,Mechanical Keyboard,Electronics,1,2810.87,0.0,2810.87,0.0,116.31,56.52,1650,False,0,0.0,2810.87,988.04,35.15,COD,Delivered
ORD00412,2025-02-01,C0527,Consumer,North,Jaipur,Website,P006,Running Shoes,Sports,3,3295.28,5.0,9885.84,494.29,239.4,204.65,6300,False,0,0.0,9391.55,2647.5,28.19,Credit Card,Delivered
ORD00413,2024-07-28,C0499,Home Office,West,Surat,Mobile App,P017,Notebook Set,Stationery,1,641.49,0.0,641.49,0.0,121.33,17.32,260,False,0,0.0,641.49,242.84,37.86,Debit Card,Delivered
ORD00414,2024-03-06,C0141,Home Office,West,Mumbai,Website,P006,Running Shoes,Sports,1,3450.6,5.0,3450.6,172.53,216.85,64.25,2100,True,1,3278.07,0.0,-2381.1,0.0,Debit Card,Returned
ORD00415,2024-10-07,C0511,Consumer,West,Ahmedabad,Website,P011,Leather Wallet,Accessories,1,1057.05,0.0,1057.05,0.0,162.77,24.75,550,False,0,0.0,1057.05,319.53,30.23,UPI,Delivered
ORD00416,2024-04-15,C0548,Corporate,West,Pune,Website,P012,Sunglasses,Accessories,1,1513.64,10.0,1513.64,151.36,178.81,31.19,850,False,0,0.0,1362.28,302.28,22.19,Net Banking,Delivered
ORD00417,2025-04-22,C0480,Consumer,West,Pune,Mobile App,P003,Bluetooth Speaker,Electronics,1,2221.51,5.0,2221.51,111.08,184.88,69.9,1300,False,0,0.0,2110.43,555.65,26.33,Credit Card,Delivered
ORD00418,2025-09-18,C0008,Home Office,East,Ranchi,Mobile App,P016,Desk Lamp,Home & Kitchen,6,1439.4,0.0,8636.4,0.0,90.54,281.06,4500,False,0,0.0,8636.4,3764.8,43.59,Credit Card,Delivered
ORD00419,2024-09-10,C0500,Home Office,West,Surat,Website,P016,Desk Lamp,Home & Kitchen,1,1291.51,0.0,1291.51,0.0,59.78,26.28,750,False,0,0.0,1291.51,455.45,35.26,Credit Card,Delivered
ORD00420,2024-06-14,C0170,Consumer,South,Hyderabad,Website,P015,Electric Kettle,Home & Kitchen,2,1755.75,15.0,3511.5,526.72,75.08,87.61,2100,False,0,0.0,2984.78,722.09,24.19,UPI,Delivered
ORD00421,2024-09-27,C0357,Consumer,South,Chennai,Website,P007,Yoga Mat,Sports,1,1133.94,5.0,1133.94,56.7,119.99,25.64,650,False,0,0.0,1077.24,281.61,26.14,Debit Card,Delivered
ORD00422,2024-01-23,C0104,Consumer,South,Hyderabad,Marketplace,P007,Yoga Mat,Sports,3,1123.98,10.0,3371.94,337.19,101.38,85.32,1950,False,0,0.0,3034.75,898.05,29.59,UPI,Delivered
ORD00423,2024-05-19,C0300,Consumer,East,Ranchi,Website,P008,Fitness Band,Sports,4,2069.93,10.0,8279.72,827.97,239.28,251.89,4800,False,0,0.0,7451.75,2160.58,28.99,Credit Card,Delivered
ORD00424,2024-03-30,C0010,Corporate,South,Chennai,Marketplace,P010,Travel Bag,Accessories,1,2738.13,20.0,2738.13,547.63,77.72,61.89,1450,False,0,0.0,2190.5,600.89,27.43,UPI,Delivered
ORD00425,2025-11-14,C0202,Consumer,West,Pune,Mobile App,P009,Office Backpack,Accessories,4,1864.46,10.0,7457.84,745.78,162.6,190.8,4000,False,0,0.0,6712.06,2358.66,35.14,UPI,Delivered
ORD00426,2024-03-26,C0055,Consumer,South,Chennai,Marketplace,P014,Air Fryer,Home & Kitchen,3,5898.79,20.0,17696.37,3539.27,232.25,432.26,10500,False,0,0.0,14157.1,2992.59,21.14,UPI,Delivered
ORD00427,2025-01-30,C0338,Corporate,South,Bengaluru,Marketplace,P009,Office Backpack,Accessories,1,1732.91,15.0,1732.91,259.94,168.04,25.35,1000,False,0,0.0,1472.97,279.58,18.98,UPI,Delivered
ORD00428,2024-09-23,C0214,Consumer,North,Lucknow,Website,P003,Bluetooth Speaker,Electronics,1,2315.88,0.0,2315.88,0.0,212.43,60.02,1300,False,0,0.0,2315.88,743.43,32.1,UPI,Delivered
ORD00429,2024-02-13,C0155,Home Office,West,Mumbai,Marketplace,P001,Wireless Headphones,Electronics,2,1913.07,5.0,3826.14,191.31,51.22,99.24,2100,True,2,3634.83,0.0,-2250.46,0.0,Debit Card,Returned
ORD00430,2025-10-23,C0565,Consumer,West,Surat,Website,P019,Planner,Stationery,2,707.07,0.0,1414.14,0.0,62.71,35.6,640,False,0,0.0,1414.14,675.83,47.79,COD,Delivered
ORD00431,2025-10-19,C0035,Home Office,South,Hyderabad,Website,P004,Laptop Stand,Electronics,3,1386.63,0.0,4159.89,0.0,226.18,123.11,2550,False,0,0.0,4159.89,1260.6,30.3,Credit Card,Delivered
ORD00432,2024-01-18,C0351,Consumer,South,Kochi,Website,P017,Notebook Set,Stationery,2,578.29,10.0,1156.58,115.66,68.01,17.92,520,False,0,0.0,1040.92,434.99,41.79,Debit Card,Delivered
ORD00433,2024-09-03,C0234,Consumer,North,Lucknow,Website,P004,Laptop Stand,Electronics,1,1600.21,10.0,1600.21,160.02,138.06,28.16,850,False,0,0.0,1440.19,423.97,29.44,Credit Card,Delivered
ORD00434,2025-08-17,C0058,Consumer,West,Surat,Website,P019,Planner,Stationery,4,744.31,5.0,2977.24,148.86,216.31,75.81,1280,False,0,0.0,2828.38,1256.26,44.42,Credit Card,Delivered
ORD00435,2024-01-10,C0446,Home Office,South,Chennai,Website,P016,Desk Lamp,Home & Kitchen,3,1406.74,5.0,4220.22,211.01,61.04,114.16,2250,True,1,1336.4,2672.81,247.61,9.26,Credit Card,Returned
ORD00436,2025-09-27,C0596,Consumer,South,Bengaluru,Mobile App,P009,Office Backpack,Accessories,1,1874.33,10.0,1874.33,187.43,96.13,34.67,1000,False,0,0.0,1686.9,556.1,32.97,Credit Card,Delivered
ORD00437,2024-07-10,C0540,Consumer,West,Pune,Mobile App,P014,Air Fryer,Home & Kitchen,2,5505.51,10.0,11011.02,1101.1,106.04,312.93,7000,False,0,0.0,9909.92,2490.95,25.14,Credit Card,Delivered
ORD00438,2024-11-26,C0056,Home Office,West,Ahmedabad,Mobile App,P007,Yoga Mat,Sports,1,1272.9,0.0,1272.9,0.0,239.28,31.53,650,False,0,0.0,1272.9,352.09,27.66,Debit Card,Delivered
ORD00439,2024-07-12,C0166,Corporate,North,Delhi,Mobile App,P012,Sunglasses,Accessories,5,1619.59,5.0,8097.95,404.9,60.0,133.77,4250,False,0,0.0,7693.05,3249.28,42.24,UPI,Delivered
ORD00440,2025-05-04,C0423,Consumer,North,Chandigarh,Website,P016,Desk Lamp,Home & Kitchen,2,1423.95,10.0,2847.9,284.79,212.55,44.72,1500,False,0,0.0,2563.11,805.84,31.44,Credit Card,Delivered
ORD00441,2025-01-08,C0518,Corporate,South,Bengaluru,Website,P011,Leather Wallet,Accessories,2,1173.47,10.0,2346.94,234.69,62.88,42.28,1100,False,0,0.0,2112.25,907.09,42.94,Debit Card,Delivered
ORD00442,2025-05-09,C0383,Corporate,North,Lucknow,Marketplace,P009,Office Backpack,Accessories,1,1747.67,15.0,1747.67,262.15,227.17,41.17,1000,False,0,0.0,1485.52,217.18,14.62,UPI,Delivered
ORD00443,2025-01-24,C0416,Consumer,East,Bhubaneswar,Marketplace,P014,Air Fryer,Home & Kitchen,2,6181.18,20.0,12362.36,2472.47,107.13,223.73,7000,False,0,0.0,9889.89,2559.03,25.88,Debit Card,Delivered
ORD00444,2024-02-01,C0118,Consumer,North,Lucknow,Mobile App,P016,Desk Lamp,Home & Kitchen,1,1300.18,5.0,1300.18,65.01,210.9,27.93,750,False,0,0.0,1235.17,246.34,19.94,Net Banking,Delivered
ORD00445,2025-01-14,C0563,Consumer,South,Bengaluru,Mobile App,P005,Mechanical Keyboard,Electronics,1,2649.58,10.0,2649.58,264.96,96.95,80.96,1650,False,0,0.0,2384.62,556.71,23.35,UPI,Delivered
ORD00446,2024-04-12,C0236,Corporate,South,Bengaluru,Mobile App,P004,Laptop Stand,Electronics,2,1470.06,15.0,2940.12,441.02,64.67,71.95,1700,False,0,0.0,2499.1,662.48,26.51,UPI,Delivered
ORD00447,2025-07-20,C0450,Consumer,South,Bengaluru,Mobile App,P015,Electric Kettle,Home & Kitchen,3,1909.13,15.0,5727.39,859.11,136.32,147.86,3150,False,0,0.0,4868.28,1434.1,29.46,UPI,Cancelled
ORD00448,2024-06-16,C0533,Home Office,West,Pune,Website,P014,Air Fryer,Home & Kitchen,2,5439.75,0.0,10879.5,0.0,130.66,301.16,7000,False,0,0.0,10879.5,3447.68,31.69,UPI,Delivered
ORD00449,2024-12-28,C0325,Home Office,South,Chennai,Website,P002,Smart Watch,Electronics,4,3389.85,5.0,13559.4,677.97,130.27,358.51,7600,False,0,0.0,12881.43,4792.65,37.21,UPI,Cancelled
ORD00450,2024-03-11,C0195,Consumer,North,Chandigarh,Website,P020,Study Table Organizer,Stationery,1,1074.71,10.0,1074.71,107.47,131.15,25.31,450,False,0,0.0,967.24,360.78,37.3,UPI,Delivered
ORD00451,2025-11-01,C0100,Consumer,West,Surat,Mobile App,P001,Wireless Headphones,Electronics,1,1809.56,10.0,1809.56,180.96,203.46,27.47,1050,False,0,0.0,1628.6,347.67,21.35,UPI,Delivered
ORD00452,2025-09-05,C0335,Consumer,South,Kochi,Website,P001,Wireless Headphones,Electronics,3,1836.42,10.0,5509.26,550.93,140.69,132.35,3150,False,0,0.0,4958.33,1535.29,30.96,Credit Card,Delivered
ORD00453,2024-10-11,C0542,Consumer,South,Kochi,Website,P006,Running Shoes,Sports,5,3695.81,15.0,18479.05,2771.86,132.81,438.08,10500,False,0,0.0,15707.19,4636.3,29.52,UPI,Delivered
ORD00454,2024-06-01,C0149,Consumer,West,Ahmedabad,Mobile App,P015,Electric Kettle,Home & Kitchen,1,1685.34,15.0,1685.34,252.8,191.59,46.81,1050,False,0,0.0,1432.54,144.14,10.06,UPI,Delivered
ORD00455,2024-08-16,C0048,Consumer,North,Lucknow,Marketplace,P020,Study Table Organizer,Stationery,2,1043.47,15.0,2086.94,313.04,226.98,59.1,900,False,0,0.0,1773.9,587.82,33.14,UPI,Delivered
ORD00456,2025-09-29,C0052,Corporate,North,Delhi,Website,P017,Notebook Set,Stationery,1,586.57,0.0,586.57,0.0,68.82,15.71,260,False,0,0.0,586.57,242.04,41.26,Debit Card,Delivered
ORD00457,2024-04-17,C0240,Consumer,South,Bengaluru,Mobile App,P013,Coffee Maker,Home & Kitchen,2,3866.52,0.0,7733.04,0.0,122.26,207.13,5100,False,0,0.0,7733.04,2303.65,29.79,UPI,Delivered
ORD00458,2024-01-04,C0125,Consumer,East,Bhubaneswar,Website,P012,Sunglasses,Accessories,4,1581.76,5.0,6327.04,316.35,245.64,205.55,3400,False,0,0.0,6010.69,2159.5,35.93,Net Banking,Delivered
ORD00459,2025-10-10,C0001,Consumer,South,Kochi,Website,P001,Wireless Headphones,Electronics,1,1800.69,10.0,1800.69,180.07,154.22,52.73,1050,False,0,0.0,1620.62,363.67,22.44,UPI,Delivered
ORD00460,2024-04-05,C0215,Corporate,West,Pune,Mobile App,P012,Sunglasses,Accessories,2,1658.01,5.0,3316.02,165.8,124.92,61.51,1700,True,2,3150.22,0.0,-1886.43,0.0,COD,Returned
ORD00461,2025-03-28,C0419,Corporate,North,Delhi,Website,P009,Office Backpack,Accessories,4,1772.44,0.0,7089.76,0.0,155.05,109.74,4000,False,0,0.0,7089.76,2824.97,39.85,Credit Card,Delivered
ORD00462,2024-04-28,C0382,Corporate,West,Pune,Marketplace,P015,Electric Kettle,Home & Kitchen,3,1907.43,15.0,5722.29,858.34,125.44,98.44,3150,False,0,0.0,4863.95,1490.07,30.63,Debit Card,Delivered
ORD00463,2025-03-19,C0418,Consumer,South,Bengaluru,Mobile App,P005,Mechanical Keyboard,Electronics,2,2779.33,15.0,5558.66,833.8,108.78,158.11,3300,False,0,0.0,4724.86,1157.97,24.51,COD,Delivered
ORD00464,2024-02-25,C0022,Consumer,West,Pune,Website,P008,Fitness Band,Sports,1,1941.5,0.0,1941.5,0.0,92.85,45.8,1200,False,0,0.0,1941.5,602.85,31.05,UPI,Delivered
ORD00465,2024-10-09,C0520,Consumer,West,Ahmedabad,Mobile App,P013,Coffee Maker,Home & Kitchen,2,4097.56,10.0,8195.12,819.51,78.55,173.27,5100,False,0,0.0,7375.61,2023.79,27.44,Credit Card,Delivered
ORD00466,2025-01-17,C0388,Consumer,East,Bhubaneswar,Mobile App,P012,Sunglasses,Accessories,1,1551.67,10.0,1551.67,155.17,73.94,29.13,850,False,0,0.0,1396.5,443.43,31.75,UPI,Delivered
ORD00467,2025-08-27,C0005,Consumer,South,Kochi,Marketplace,P019,Planner,Stationery,1,702.19,0.0,702.19,0.0,55.41,13.28,320,False,0,0.0,702.19,313.5,44.65,Debit Card,Delivered
ORD00468,2024-11-11,C0497,Consumer,West,Mumbai,Website,P010,Travel Bag,Accessories,1,2604.46,5.0,2604.46,130.22,41.91,75.51,1450,False,0,0.0,2474.24,906.82,36.65,UPI,Delivered
ORD00469,2025-10-31,C0224,Consumer,South,Chennai,Website,P020,Study Table Organizer,Stationery,3,946.82,15.0,2840.46,426.07,48.59,39.98,1350,False,0,0.0,2414.39,975.82,40.42,Net Banking,Delivered
ORD00470,2025-01-10,C0368,Home Office,North,Lucknow,Mobile App,P013,Coffee Maker,Home & Kitchen,2,4194.0,0.0,8388.0,0.0,120.41,284.22,5100,False,0,0.0,8388.0,2883.37,34.37,UPI,Delivered
ORD00471,2025-03-03,C0084,Consumer,West,Surat,Website,P006,Running Shoes,Sports,2,3298.58,0.0,6597.16,0.0,205.92,202.36,4200,False,0,0.0,6597.16,1988.88,30.15,COD,Delivered
ORD00472,2024-12-08,C0097,Consumer,East,Bhubaneswar,Website,P010,Travel Bag,Accessories,1,2441.96,0.0,2441.96,0.0,232.39,81.0,1450,False,0,0.0,2441.96,678.57,27.79,Credit Card,Cancelled
ORD00473,2025-06-26,C0002,Home Office,South,Kochi,Marketplace,P004,Laptop Stand,Electronics,4,1448.35,15.0,5793.4,869.01,53.42,144.25,3400,False,0,0.0,4924.39,1326.72,26.94,COD,Delivered
ORD00474,2024-04-30,C0399,Corporate,North,Chandigarh,Mobile App,P006,Running Shoes,Sports,3,3349.04,10.0,10047.12,1004.71,126.36,184.25,6300,False,0,0.0,9042.41,2431.8,26.89,UPI,Delivered
ORD00475,2025-08-03,C0403,Consumer,East,Kolkata,Website,P007,Yoga Mat,Sports,2,1283.65,0.0,2567.3,0.0,159.82,61.22,1300,False,0,0.0,2567.3,1046.26,40.75,Credit Card,Delivered
ORD00476,2024-03-28,C0455,Consumer,West,Surat,Mobile App,P011,Leather Wallet,Accessories,2,1039.31,10.0,2078.62,207.86,48.93,43.77,1100,False,0,0.0,1870.76,678.06,36.25,Debit Card,Delivered
ORD00477,2025-09-11,C0189,Consumer,South,Hyderabad,Website,P004,Laptop Stand,Electronics,3,1458.41,5.0,4375.23,218.76,84.55,79.13,2550,False,0,0.0,4156.47,1442.79,34.71,Debit Card,Delivered
ORD00478,2024-10-23,C0123,Consumer,North,Chandigarh,Mobile App,P011,Leather Wallet,Accessories,1,1048.45,0.0,1048.45,0.0,55.58,36.53,550,False,0,0.0,1048.45,406.34,38.76,Credit Card,Delivered
ORD00479,2025-03-02,C0487,Consumer,West,Mumbai,Mobile App,P017,Notebook Set,Stationery,2,592.83,0.0,1185.66,0.0,216.86,33.16,520,False,0,0.0,1185.66,415.64,35.06,UPI,Delivered
ORD00480,2024-04-28,C0350,Corporate,West,Pune,Website,P002,Smart Watch,Electronics,5,3162.19,0.0,15810.95,0.0,93.92,269.07,9500,False,0,0.0,15810.95,5947.96,37.62,Debit Card,Delivered
ORD00481,2024-01-20,C0405,Consumer,West,Mumbai,Marketplace,P008,Fitness Band,Sports,4,2027.81,5.0,8111.24,405.56,178.5,199.98,4800,False,0,0.0,7705.68,2527.2,32.8,UPI,Delivered
ORD00482,2025-10-30,C0041,Consumer,North,Delhi,Mobile App,P013,Coffee Maker,Home & Kitchen,1,4193.04,0.0,4193.04,0.0,171.37,104.42,2550,False,0,0.0,4193.04,1367.25,32.61,Credit Card,Delivered
ORD00483,2025-01-10,C0033,Consumer,West,Surat,Mobile App,P011,Leather Wallet,Accessories,2,1141.92,15.0,2283.84,342.58,149.62,61.2,1100,False,0,0.0,1941.26,630.44,32.48,Net Banking,Delivered
ORD00484,2024-09-21,C0184,Home Office,West,Pune,Website,P015,Electric Kettle,Home & Kitchen,2,1737.88,5.0,3475.76,173.79,245.18,67.55,2100,False,0,0.0,3301.97,889.24,26.93,UPI,Delivered
ORD00485,2024-10-03,C0466,Consumer,West,Surat,Marketplace,P011,Leather Wallet,Accessories,4,1030.92,5.0,4123.68,206.18,141.61,75.88,2200,False,0,0.0,3917.5,1500.01,38.29,Credit Card,Delivered
ORD00486,2025-01-22,C0524,Corporate,South,Kochi,Mobile App,P012,Sunglasses,Accessories,2,1724.75,10.0,3449.5,344.95,64.86,62.13,1700,False,0,0.0,3104.55,1277.56,41.15,Credit Card,Delivered
ORD00487,2025-06-11,C0075,Corporate,South,Bengaluru,Mobile App,P004,Laptop Stand,Electronics,2,1394.02,0.0,2788.04,0.0,229.79,92.4,1700,False,0,0.0,2788.04,765.85,27.47,COD,Delivered
ORD00488,2025-11-20,C0322,Corporate,West,Surat,Website,P004,Laptop Stand,Electronics,2,1510.86,0.0,3021.72,0.0,107.53,46.5,1700,False,0,0.0,3021.72,1167.69,38.64,Net Banking,Delivered
ORD00489,2025-11-05,C0325,Home Office,South,Bengaluru,Mobile App,P018,Premium Pen Set,Stationery,3,851.27,10.0,2553.81,255.38,168.74,72.2,1200,False,0,0.0,2298.43,857.49,37.31,UPI,Delivered
ORD00490,2024-08-21,C0376,Consumer,South,Hyderabad,Mobile App,P020,Study Table Organizer,Stationery,5,986.18,10.0,4930.9,493.09,141.02,126.39,2250,False,0,0.0,4437.81,1920.4,43.27,Credit Card,Delivered
ORD00491,2025-11-15,C0186,Corporate,South,Hyderabad,Mobile App,P018,Premium Pen Set,Stationery,2,849.15,0.0,1698.3,0.0,168.36,57.17,800,False,0,0.0,1698.3,672.77,39.61,Debit Card,Delivered
ORD00492,2025-08-04,C0151,Home Office,East,Patna,Website,P016,Desk Lamp,Home & Kitchen,1,1486.03,5.0,1486.03,74.3,87.26,32.77,750,False,0,0.0,1411.73,541.7,38.37,Credit Card,Delivered
ORD00493,2024-12-23,C0199,Home Office,South,Hyderabad,Mobile App,P006,Running Shoes,Sports,4,3529.99,10.0,14119.96,1412.0,103.57,265.87,8400,False,0,0.0,12707.96,3938.52,30.99,Net Banking,Delivered
ORD00494,2025-12-13,C0386,Corporate,West,Ahmedabad,Website,P018,Premium Pen Set,Stationery,1,955.63,0.0,955.63,0.0,218.04,30.85,400,False,0,0.0,955.63,306.74,32.1,Credit Card,Delivered
ORD00495,2024-11-15,C0180,Consumer,North,Chandigarh,Website,P014,Air Fryer,Home & Kitchen,1,5347.0,5.0,5347.0,267.35,158.65,165.75,3500,False,0,0.0,5079.65,1255.25,24.71,Credit Card,Delivered
ORD00496,2024-12-07,C0568,Consumer,North,Jaipur,Website,P020,Study Table Organizer,Stationery,3,991.1,5.0,2973.3,148.66,101.39,66.14,1350,False,0,0.0,2824.64,1307.11,46.28,COD,Delivered
ORD00497,2024-11-03,C0102,Corporate,East,Ranchi,Marketplace,P013,Coffee Maker,Home & Kitchen,1,4340.19,0.0,4340.19,0.0,75.37,128.28,2550,False,0,0.0,4340.19,1586.54,36.55,Credit Card,Delivered
ORD00498,2025-05-02,C0382,Corporate,West,Pune,Website,P007,Yoga Mat,Sports,6,1112.3,0.0,6673.8,0.0,239.01,149.32,3900,True,2,2224.6,4449.2,160.87,3.62,Net Banking,Returned
ORD00499,2025-04-17,C0392,Consumer,South,Kochi,Mobile App,P001,Wireless Headphones,Electronics,1,1780.58,15.0,1780.58,267.09,63.64,43.28,1050,False,0,0.0,1513.49,356.57,23.56,Credit Card,Delivered
ORD00500,2024-05-16,C0455,Consumer,South,Kochi,Website,P016,Desk Lamp,Home & Kitchen,1,1414.56,0.0,1414.56,0.0,117.95,41.16,750,False,0,0.0,1414.56,505.45,35.73,UPI,Delivered
ORD00501,2024-07-09,C0461,Consumer,West,Surat,Marketplace,P014,Air Fryer,Home & Kitchen,1,6244.64,15.0,6244.64,936.7,93.23,117.45,3500,False,0,0.0,5307.94,1597.26,30.09,Net Banking,Delivered
ORD00502,2024-11-29,C0176,Consumer,South,Chennai,Website,P001,Wireless Headphones,Electronics,3,1893.37,5.0,5680.11,284.01,158.77,171.12,3150,True,3,5396.1,0.0,-3479.89,0.0,COD,Returned
ORD00503,2024-03-17,C0369,Consumer,West,Mumbai,Website,P018,Premium Pen Set,Stationery,1,900.23,0.0,900.23,0.0,222.03,20.6,400,False,0,0.0,900.23,257.6,28.61,Net Banking,Delivered
ORD00504,2024-03-12,C0162,Corporate,North,Lucknow,Mobile App,P005,Mechanical Keyboard,Electronics,1,2917.36,0.0,2917.36,0.0,40.39,64.22,1650,False,0,0.0,2917.36,1162.75,39.86,UPI,Delivered
ORD00505,2024-09-04,C0052,Corporate,South,Bengaluru,Mobile App,P006,Running Shoes,Sports,1,3381.74,10.0,3381.74,338.17,156.23,104.16,2100,False,0,0.0,3043.57,683.18,22.45,UPI,Delivered
ORD00506,2024-06-02,C0237,Consumer,North,Delhi,Website,P010,Travel Bag,Accessories,2,2540.26,0.0,5080.52,0.0,104.35,127.1,2900,False,0,0.0,5080.52,1949.07,38.36,Credit Card,Delivered
ORD00507,2024-12-28,C0567,Consumer,East,Ranchi,Mobile App,P005,Mechanical Keyboard,Electronics,1,2966.13,5.0,2966.13,148.31,98.3,74.41,1650,False,0,0.0,2817.82,995.11,35.31,UPI,Delivered
ORD00508,2024-11-04,C0542,Consumer,West,Pune,Mobile App,P007,Yoga Mat,Sports,2,1196.87,5.0,2393.74,119.69,111.11,47.46,1300,False,0,0.0,2274.05,815.48,35.86,UPI,Delivered
ORD00509,2025-04-23,C0372,Consumer,West,Pune,Website,P001,Wireless Headphones,Electronics,1,1829.16,15.0,1829.16,274.37,76.63,34.29,1050,False,0,0.0,1554.79,393.87,25.33,Credit Card,Delivered
ORD00510,2024-12-30,C0014,Consumer,South,Bengaluru,Website,P016,Desk Lamp,Home & Kitchen,4,1439.87,0.0,5759.48,0.0,95.1,167.49,3000,False,0,0.0,5759.48,2496.89,43.35,Credit Card,Delivered
ORD00511,2024-07-31,C0253,Home Office,South,Bengaluru,Website,P019,Planner,Stationery,1,749.2,5.0,749.2,37.46,241.79,13.28,320,False,0,0.0,711.74,136.67,19.2,Credit Card,Delivered
ORD00512,2025-04-21,C0122,Home Office,East,Ranchi,Website,P014,Air Fryer,Home & Kitchen,2,5673.85,5.0,11347.7,567.38,236.15,345.88,7000,False,0,0.0,10780.32,3198.29,29.67,UPI,Delivered
ORD00513,2025-10-08,C0568,Consumer,North,Jaipur,Website,P012,Sunglasses,Accessories,1,1691.42,10.0,1691.42,169.14,77.66,47.59,850,False,0,0.0,1522.28,547.03,35.93,UPI,Delivered
ORD00514,2024-03-04,C0330,Consumer,North,Chandigarh,Website,P004,Laptop Stand,Electronics,1,1538.12,5.0,1538.12,76.91,95.98,32.0,850,False,0,0.0,1461.21,483.23,33.07,Net Banking,Delivered
ORD00515,2025-08-31,C0469,Consumer,South,Kochi,Website,P013,Coffee Maker,Home & Kitchen,4,4327.67,10.0,17310.68,1731.07,112.76,474.99,10200,False,0,0.0,15579.61,4791.86,30.76,UPI,Delivered
ORD00516,2025-08-23,C0589,Consumer,West,Mumbai,Website,P020,Study Table Organizer,Stationery,2,1047.96,0.0,2095.92,0.0,93.28,52.14,900,False,0,0.0,2095.92,1050.5,50.12,UPI,Delivered
ORD00517,2025-10-12,C0232,Consumer,East,Ranchi,Mobile App,P007,Yoga Mat,Sports,1,1178.64,10.0,1178.64,117.86,79.96,34.5,650,False,0,0.0,1060.78,296.32,27.93,UPI,Delivered
ORD00518,2025-08-29,C0326,Corporate,West,Surat,Website,P012,Sunglasses,Accessories,1,1653.49,10.0,1653.49,165.35,74.49,23.99,850,False,0,0.0,1488.14,539.66,36.26,COD,Delivered
ORD00519,2024-10-09,C0060,Consumer,West,Surat,Website,P014,Air Fryer,Home & Kitchen,1,6147.35,5.0,6147.35,307.37,248.14,136.93,3500,False,0,0.0,5839.98,1954.91,33.47,COD,Cancelled
ORD00520,2025-01-23,C0081,Home Office,North,Lucknow,Website,P019,Planner,Stationery,2,731.64,10.0,1463.28,146.33,85.45,40.9,640,False,0,0.0,1316.95,550.6,41.81,UPI,Delivered
ORD00521,2025-10-29,C0156,Consumer,North,Chandigarh,Mobile App,P016,Desk Lamp,Home & Kitchen,1,1462.88,5.0,1462.88,73.14,243.42,39.53,750,False,0,0.0,1389.74,356.79,25.67,UPI,Delivered
ORD00522,2024-03-18,C0514,Home Office,West,Pune,Marketplace,P005,Mechanical Keyboard,Electronics,1,2996.77,5.0,2996.77,149.84,139.22,70.7,1650,True,1,2846.93,0.0,-1859.92,0.0,UPI,Returned
ORD00523,2024-10-13,C0277,Corporate,South,Chennai,Website,P007,Yoga Mat,Sports,2,1266.26,5.0,2532.52,126.63,125.67,60.01,1300,True,2,2405.89,0.0,-1485.68,0.0,Net Banking,Returned
ORD00524,2025-10-09,C0182,Consumer,North,Jaipur,Website,P001,Wireless Headphones,Electronics,5,1850.31,0.0,9251.55,0.0,223.33,191.35,5250,False,0,0.0,9251.55,3586.87,38.77,Credit Card,Delivered
ORD00525,2025-10-30,C0279,Corporate,West,Ahmedabad,Website,P019,Planner,Stationery,2,785.78,0.0,1571.56,0.0,170.69,25.33,640,False,0,0.0,1571.56,735.54,46.8,Credit Card,Delivered
ORD00526,2025-10-20,C0295,Consumer,North,Delhi,Website,P014,Air Fryer,Home & Kitchen,2,6024.26,5.0,12048.52,602.43,63.1,299.85,7000,False,0,0.0,11446.09,4083.14,35.67,COD,Delivered
ORD00527,2024-09-28,C0238,Consumer,East,Bhubaneswar,Website,P002,Smart Watch,Electronics,1,3229.94,0.0,3229.94,0.0,68.55,75.88,1900,False,0,0.0,3229.94,1185.51,36.7,Credit Card,Delivered
ORD00528,2025-03-02,C0317,Consumer,North,Delhi,Mobile App,P005,Mechanical Keyboard,Electronics,1,3003.77,0.0,3003.77,0.0,143.94,94.27,1650,False,0,0.0,3003.77,1115.56,37.14,COD,Delivered
ORD00529,2024-12-10,C0518,Corporate,East,Ranchi,Mobile App,P008,Fitness Band,Sports,1,2266.49,5.0,2266.49,113.32,99.02,43.59,1200,False,0,0.0,2153.17,810.56,37.64,Debit Card,Delivered
ORD00530,2024-08-28,C0223,Consumer,West,Surat,Marketplace,P004,Laptop Stand,Electronics,3,1409.58,0.0,4228.74,0.0,105.63,78.18,2550,False,0,0.0,4228.74,1494.93,35.35,UPI,Delivered
ORD00531,2025-10-11,C0237,Consumer,East,Ranchi,Website,P014,Air Fryer,Home & Kitchen,2,5703.16,15.0,11406.32,1710.95,214.62,235.32,7000,False,0,0.0,9695.37,2245.43,23.16,UPI,Delivered
ORD00532,2025-10-18,C0544,Corporate,West,Ahmedabad,Website,P012,Sunglasses,Accessories,1,1606.22,5.0,1606.22,80.31,102.39,32.22,850,False,0,0.0,1525.91,541.3,35.47,Debit Card,Delivered
ORD00533,2025-05-20,C0058,Consumer,East,Ranchi,Mobile App,P010,Travel Bag,Accessories,3,2668.65,10.0,8005.95,800.6,71.0,173.8,4350,True,2,4803.57,2401.78,-2193.02,-91.31,Credit Card,Returned
ORD00534,2024-08-08,C0369,Consumer,South,Bengaluru,Marketplace,P018,Premium Pen Set,Stationery,2,902.35,0.0,1804.7,0.0,189.08,48.08,800,False,0,0.0,1804.7,767.54,42.53,UPI,Delivered
ORD00535,2025-08-03,C0388,Consumer,West,Mumbai,Marketplace,P009,Office Backpack,Accessories,1,1856.58,20.0,1856.58,371.32,110.75,40.69,1000,False,0,0.0,1485.26,333.82,22.48,COD,Delivered
ORD00536,2024-08-16,C0395,Consumer,North,Jaipur,Website,P016,Desk Lamp,Home & Kitchen,1,1432.84,0.0,1432.84,0.0,161.25,48.24,750,True,1,1432.84,0.0,-959.49,0.0,Debit Card,Returned
ORD00537,2025-04-02,C0399,Corporate,East,Patna,Mobile App,P011,Leather Wallet,Accessories,1,1061.96,0.0,1061.96,0.0,56.27,28.53,550,False,0,0.0,1061.96,427.16,40.22,UPI,Delivered
ORD00538,2024-07-10,C0580,Consumer,East,Bhubaneswar,Website,P016,Desk Lamp,Home & Kitchen,1,1347.47,15.0,1347.47,202.12,44.05,39.29,750,False,0,0.0,1145.35,312.01,27.24,Net Banking,Delivered
ORD00539,2024-07-07,C0573,Consumer,North,Jaipur,Website,P008,Fitness Band,Sports,1,1977.32,0.0,1977.32,0.0,171.64,32.57,1200,False,0,0.0,1977.32,573.11,28.98,UPI,Delivered
ORD00540,2024-01-20,C0535,Corporate,South,Hyderabad,Mobile App,P004,Laptop Stand,Electronics,3,1493.69,15.0,4481.07,672.16,242.47,81.86,2550,False,0,0.0,3808.91,934.58,24.54,UPI,Delivered
ORD00541,2024-05-09,C0149,Consumer,West,Mumbai,Mobile App,P013,Coffee Maker,Home & Kitchen,1,4076.86,5.0,4076.86,203.84,150.3,112.47,2550,False,0,0.0,3873.02,1060.25,27.38,Credit Card,Delivered
ORD00542,2024-08-27,C0258,Corporate,West,Surat,Website,P009,Office Backpack,Accessories,1,1757.24,15.0,1757.24,263.59,46.62,42.2,1000,False,0,0.0,1493.65,404.83,27.1,Debit Card,Delivered
ORD00543,2024-01-23,C0420,Corporate,South,Chennai,Mobile App,P012,Sunglasses,Accessories,2,1652.53,5.0,3305.06,165.25,147.38,87.06,1700,False,0,0.0,3139.81,1205.37,38.39,UPI,Delivered
ORD00544,2024-12-26,C0211,Consumer,East,Ranchi,Website,P007,Yoga Mat,Sports,1,1285.42,5.0,1285.42,64.27,67.74,21.41,650,False,0,0.0,1221.15,482.0,39.47,COD,Delivered
ORD00545,2024-07-19,C0474,Consumer,East,Kolkata,Mobile App,P015,Electric Kettle,Home & Kitchen,1,1776.98,5.0,1776.98,88.85,210.8,28.66,1050,True,1,1688.13,0.0,-1289.46,0.0,UPI,Returned
ORD00546,2025-04-06,C0173,Consumer,North,Lucknow,Website,P005,Mechanical Keyboard,Electronics,1,2646.12,5.0,2646.12,132.31,187.31,87.3,1650,False,0,0.0,2513.81,589.2,23.44,Credit Card,Delivered
ORD00547,2025-11-27,C0083,Consumer,North,Jaipur,Mobile App,P001,Wireless Headphones,Electronics,1,1726.38,5.0,1726.38,86.32,182.04,30.35,1050,False,0,0.0,1640.06,377.67,23.03,Credit Card,Delivered
ORD00548,2024-02-27,C0477,Consumer,South,Hyderabad,Website,P017,Notebook Set,Stationery,1,638.23,5.0,638.23,31.91,128.69,11.18,260,False,0,0.0,606.32,206.45,34.05,UPI,Delivered
ORD00549,2024-09-07,C0576,Home Office,South,Chennai,Mobile App,P016,Desk Lamp,Home & Kitchen,3,1457.32,0.0,4371.96,0.0,145.26,127.21,2250,False,0,0.0,4371.96,1849.49,42.3,Debit Card,Delivered
ORD00550,2025-10-03,C0495,Consumer,North,Chandigarh,Website,P015,Electric Kettle,Home & Kitchen,5,1889.16,5.0,9445.8,472.29,216.65,289.63,5250,False,0,0.0,8973.51,3217.23,35.85,Net Banking,Delivered
ORD00551,2025-01-09,C0498,Consumer,West,Ahmedabad,Mobile App,P005,Mechanical Keyboard,Electronics,1,2898.86,10.0,2898.86,289.89,186.23,79.38,1650,False,0,0.0,2608.97,693.36,26.58,UPI,Delivered
ORD00552,2024-09-04,C0193,Home Office,West,Pune,Website,P002,Smart Watch,Electronics,1,3363.95,0.0,3363.95,0.0,204.85,81.04,1900,False,0,0.0,3363.95,1178.06,35.02,UPI,Delivered
ORD00553,2025-11-10,C0263,Consumer,West,Pune,Marketplace,P002,Smart Watch,Electronics,2,3003.84,20.0,6007.68,1201.54,90.93,134.17,3800,False,0,0.0,4806.14,781.04,16.25,Net Banking,Delivered
ORD00554,2025-09-25,C0331,Consumer,West,Pune,Website,P015,Electric Kettle,Home & Kitchen,1,1694.44,5.0,1694.44,84.72,172.99,30.04,1050,True,1,1609.72,0.0,-1253.03,0.0,UPI,Returned
ORD00555,2025-11-08,C0524,Corporate,West,Surat,Marketplace,P001,Wireless Headphones,Electronics,1,1895.37,10.0,1895.37,189.54,227.75,42.53,1050,False,0,0.0,1705.83,385.55,22.6,COD,Delivered
ORD00556,2024-03-05,C0027,Consumer,East,Patna,Mobile App,P011,Leather Wallet,Accessories,4,1066.91,10.0,4267.64,426.76,85.12,125.91,2200,False,0,0.0,3840.88,1429.85,37.23,UPI,Delivered
ORD00557,2025-07-23,C0162,Corporate,West,Pune,Marketplace,P014,Air Fryer,Home & Kitchen,1,5665.87,5.0,5665.87,283.29,169.51,115.05,3500,False,0,0.0,5382.58,1598.02,29.69,COD,Delivered
ORD00558,2025-09-15,C0018,Consumer,East,Patna,Website,P013,Coffee Maker,Home & Kitchen,1,4196.58,15.0,4196.58,629.49,131.08,109.55,2550,False,0,0.0,3567.09,776.46,21.77,Net Banking,Delivered
ORD00559,2024-06-29,C0077,Corporate,West,Mumbai,Mobile App,P004,Laptop Stand,Electronics,1,1424.06,5.0,1424.06,71.2,114.26,34.49,850,False,0,0.0,1352.86,354.11,26.17,Credit Card,Delivered
ORD00560,2024-01-04,C0001,Consumer,East,Kolkata,Marketplace,P011,Leather Wallet,Accessories,6,1038.24,20.0,6229.44,1245.89,201.98,115.77,3300,False,0,0.0,4983.55,1365.8,27.41,COD,Delivered
ORD00561,2025-04-20,C0256,Consumer,West,Surat,Website,P009,Office Backpack,Accessories,3,1681.83,15.0,5045.49,756.82,212.02,111.99,3000,False,0,0.0,4288.67,964.66,22.49,Net Banking,Delivered
ORD00562,2024-11-16,C0093,Corporate,West,Surat,Website,P005,Mechanical Keyboard,Electronics,1,2688.9,10.0,2688.9,268.89,143.48,79.34,1650,False,0,0.0,2420.01,547.19,22.61,UPI,Delivered
ORD00563,2024-11-12,C0417,Consumer,West,Mumbai,Website,P018,Premium Pen Set,Stationery,1,830.53,5.0,830.53,41.53,225.27,26.83,400,False,0,0.0,789.0,136.9,17.35,Credit Card,Delivered
ORD00564,2024-10-12,C0389,Corporate,West,Ahmedabad,Website,P015,Electric Kettle,Home & Kitchen,1,1811.08,5.0,1811.08,90.55,176.23,39.23,1050,False,0,0.0,1720.53,455.07,26.45,Net Banking,Delivered
ORD00565,2025-03-24,C0239,Corporate,West,Surat,Website,P013,Coffee Maker,Home & Kitchen,3,4113.6,0.0,12340.8,0.0,209.51,347.39,7650,False,0,0.0,12340.8,4133.9,33.5,UPI,Delivered
ORD00566,2024-03-11,C0263,Consumer,West,Surat,Website,P015,Electric Kettle,Home & Kitchen,2,1671.15,5.0,3342.3,167.12,152.06,56.16,2100,False,0,0.0,3175.18,866.96,27.3,Net Banking,Delivered
ORD00567,2024-07-09,C0541,Home Office,West,Pune,Website,P016,Desk Lamp,Home & Kitchen,1,1482.63,10.0,1482.63,148.26,164.67,41.52,750,False,0,0.0,1334.37,378.18,28.34,UPI,Delivered
ORD00568,2025-01-07,C0126,Consumer,North,Lucknow,Marketplace,P003,Bluetooth Speaker,Electronics,4,2166.62,10.0,8666.48,866.65,136.33,270.11,5200,False,0,0.0,7799.83,2193.39,28.12,UPI,Delivered
ORD00569,2025-10-15,C0319,Consumer,North,Jaipur,Marketplace,P011,Leather Wallet,Accessories,2,1104.16,10.0,2208.32,220.83,135.45,58.21,1100,False,0,0.0,1987.49,693.83,34.91,UPI,Delivered
ORD00570,2025-06-16,C0299,Corporate,East,Ranchi,Website,P003,Bluetooth Speaker,Electronics,1,2200.44,5.0,2200.44,110.02,133.09,50.03,1300,False,0,0.0,2090.42,607.3,29.05,UPI,Delivered
ORD00571,2024-12-13,C0121,Corporate,West,Surat,Marketplace,P010,Travel Bag,Accessories,1,2464.73,5.0,2464.73,123.24,115.41,45.91,1450,False,0,0.0,2341.49,730.17,31.18,Debit Card,Delivered
ORD00572,2024-01-16,C0195,Consumer,North,Lucknow,Website,P011,Leather Wallet,Accessories,2,1033.69,10.0,2067.38,206.74,49.0,53.06,1100,False,0,0.0,1860.64,658.58,35.4,UPI,Delivered
ORD00573,2025-12-21,C0021,Consumer,West,Surat,Mobile App,P014,Air Fryer,Home & Kitchen,1,5594.76,5.0,5594.76,279.74,158.56,87.6,3500,False,0,0.0,5315.02,1568.86,29.52,Net Banking,Delivered
ORD00574,2025-01-30,C0202,Consumer,North,Delhi,Website,P015,Electric Kettle,Home & Kitchen,2,1868.99,5.0,3737.98,186.9,64.85,108.72,2100,False,0,0.0,3551.08,1277.51,35.98,Debit Card,Delivered
ORD00575,2024-08-03,C0246,Home Office,East,Kolkata,Website,P019,Planner,Stationery,3,734.02,5.0,2202.06,110.1,82.23,36.59,960,False,0,0.0,2091.96,1013.14,48.43,UPI,Cancelled
ORD00576,2025-08-15,C0197,Corporate,North,Jaipur,Website,P009,Office Backpack,Accessories,1,1780.32,5.0,1780.32,89.02,166.6,59.19,1000,False,0,0.0,1691.3,465.51,27.52,UPI,Delivered
ORD00577,2025-12-30,C0354,Consumer,South,Kochi,Website,P002,Smart Watch,Electronics,3,3148.1,10.0,9444.3,944.43,77.34,136.21,5700,False,0,0.0,8499.87,2586.32,30.43,UPI,Delivered
ORD00578,2024-01-16,C0525,Corporate,East,Bhubaneswar,Website,P002,Smart Watch,Electronics,2,3407.37,5.0,6814.74,340.74,78.06,216.83,3800,False,0,0.0,6474.0,2379.11,36.75,Credit Card,Delivered
ORD00579,2024-02-11,C0010,Corporate,North,Delhi,Website,P018,Premium Pen Set,Stationery,1,927.87,0.0,927.87,0.0,184.75,15.14,400,False,0,0.0,927.87,327.98,35.35,Debit Card,Delivered
ORD00580,2025-07-20,C0252,Consumer,West,Pune,Mobile App,P017,Notebook Set,Stationery,1,618.42,10.0,618.42,61.84,69.55,18.87,260,False,0,0.0,556.58,208.16,37.4,UPI,Delivered
ORD00581,2025-05-08,C0439,Corporate,West,Ahmedabad,Website,P001,Wireless Headphones,Electronics,1,1830.43,0.0,1830.43,0.0,177.62,45.34,1050,False,0,0.0,1830.43,557.47,30.46,COD,Cancelled
ORD00582,2024-05-12,C0576,Home Office,East,Bhubaneswar,Mobile App,P016,Desk Lamp,Home & Kitchen,1,1289.9,10.0,1289.9,128.99,180.82,38.18,750,True,1,1160.91,0.0,-969.0,0.0,Credit Card,Returned
ORD00583,2024-11-28,C0010,Corporate,West,Surat,Mobile App,P004,Laptop Stand,Electronics,1,1445.69,10.0,1445.69,144.57,189.24,45.06,850,False,0,0.0,1301.12,216.82,16.66,Credit Card,Delivered
ORD00584,2024-07-02,C0017,Consumer,South,Chennai,Website,P004,Laptop Stand,Electronics,3,1455.65,5.0,4366.95,218.35,66.4,101.67,2550,False,0,0.0,4148.6,1430.53,34.48,UPI,Delivered
ORD00585,2024-10-07,C0166,Corporate,West,Ahmedabad,Website,P012,Sunglasses,Accessories,1,1602.78,5.0,1602.78,80.14,245.62,25.08,850,False,0,0.0,1522.64,401.94,26.4,UPI,Delivered
ORD00586,2025-08-23,C0158,Corporate,North,Delhi,Website,P002,Smart Watch,Electronics,3,3218.18,0.0,9654.54,0.0,150.57,248.98,5700,False,0,0.0,9654.54,3554.99,36.82,UPI,Delivered
ORD00587,2024-10-08,C0381,Consumer,South,Bengaluru,Marketplace,P019,Planner,Stationery,6,785.16,20.0,4710.96,942.19,127.35,115.68,1920,False,0,0.0,3768.77,1605.74,42.61,Debit Card,Delivered
ORD00588,2024-09-17,C0500,Home Office,South,Kochi,Marketplace,P012,Sunglasses,Accessories,3,1639.33,20.0,4917.99,983.6,106.66,71.25,2550,False,0,0.0,3934.39,1206.48,30.66,Debit Card,Delivered
ORD00589,2024-12-23,C0426,Consumer,North,Jaipur,Website,P011,Leather Wallet,Accessories,2,1158.61,10.0,2317.22,231.72,108.43,64.05,1100,False,0,0.0,2085.5,813.02,38.98,UPI,Delivered
ORD00590,2025-11-17,C0475,Consumer,East,Ranchi,Mobile App,P014,Air Fryer,Home & Kitchen,1,5594.88,10.0,5594.88,559.49,46.21,113.9,3500,False,0,0.0,5035.39,1375.28,27.31,Credit Card,Delivered
ORD00591,2025-09-16,C0223,Consumer,East,Kolkata,Mobile App,P004,Laptop Stand,Electronics,1,1383.92,5.0,1383.92,69.2,111.02,28.58,850,True,1,1314.72,0.0,-989.6,0.0,UPI,Returned
ORD00592,2025-05-04,C0142,Consumer,East,Patna,Website,P005,Mechanical Keyboard,Electronics,2,2790.19,5.0,5580.38,279.02,247.27,167.08,3300,False,0,0.0,5301.36,1587.01,29.94,Debit Card,Delivered
ORD00593,2025-11-21,C0541,Home Office,North,Chandigarh,Mobile App,P007,Yoga Mat,Sports,2,1263.19,0.0,2526.38,0.0,118.44,69.82,1300,False,0,0.0,2526.38,1038.12,41.09,UPI,Delivered
ORD00594,2024-06-23,C0244,Consumer,North,Jaipur,Website,P004,Laptop Stand,Electronics,4,1513.64,5.0,6054.56,302.73,185.32,172.89,3400,False,0,0.0,5751.83,1993.62,34.66,Credit Card,Delivered
ORD00595,2024-02-19,C0112,Consumer,West,Ahmedabad,Mobile App,P010,Travel Bag,Accessories,1,2555.0,10.0,2555.0,255.5,240.99,75.83,1450,False,0,0.0,2299.5,532.68,23.17,Debit Card,Delivered
ORD00596,2025-11-08,C0596,Consumer,South,Hyderabad,Website,P020,Study Table Organizer,Stationery,1,979.02,10.0,979.02,97.9,174.09,29.05,450,False,0,0.0,881.12,227.98,25.87,Debit Card,Delivered
ORD00597,2025-11-22,C0266,Corporate,West,Surat,Website,P004,Laptop Stand,Electronics,1,1398.55,10.0,1398.55,139.85,144.7,23.68,850,False,0,0.0,1258.7,240.32,19.09,Credit Card,Delivered
ORD00598,2024-09-20,C0239,Corporate,North,Lucknow,Mobile App,P011,Leather Wallet,Accessories,1,1139.51,0.0,1139.51,0.0,51.96,25.62,550,False,0,0.0,1139.51,511.93,44.93,Credit Card,Delivered
ORD00599,2025-11-30,C0456,Consumer,North,Jaipur,Marketplace,P011,Leather Wallet,Accessories,1,1186.56,15.0,1186.56,177.98,165.39,24.99,550,False,0,0.0,1008.58,268.2,26.59,UPI,Delivered
ORD00600,2024-01-22,C0450,Consumer,West,Pune,Mobile App,P020,Study Table Organizer,Stationery,1,1047.69,5.0,1047.69,52.38,88.98,25.18,450,False,0,0.0,995.31,431.15,43.32,UPI,Delivered
ORD00601,2025-11-02,C0151,Home Office,North,Delhi,Mobile App,P015,Electric Kettle,Home & Kitchen,2,1939.3,5.0,3878.6,193.93,55.91,56.21,2100,False,0,0.0,3684.67,1472.55,39.96,UPI,Delivered
ORD00602,2025-05-09,C0493,Consumer,South,Hyderabad,Website,P006,Running Shoes,Sports,3,3535.6,0.0,10606.8,0.0,114.08,344.01,6300,False,0,0.0,10606.8,3848.71,36.29,Credit Card,Delivered
ORD00603,2025-12-14,C0202,Consumer,North,Jaipur,Website,P012,Sunglasses,Accessories,1,1645.57,0.0,1645.57,0.0,158.73,27.85,850,False,0,0.0,1645.57,608.99,37.01,Debit Card,Delivered
ORD00604,2025-05-10,C0425,Consumer,West,Ahmedabad,Website,P004,Laptop Stand,Electronics,6,1474.87,0.0,8849.22,0.0,119.04,186.03,5100,False,0,0.0,8849.22,3444.15,38.92,Credit Card,Delivered
ORD00605,2025-11-18,C0084,Consumer,North,Chandigarh,Website,P018,Premium Pen Set,Stationery,1,946.08,0.0,946.08,0.0,199.54,28.6,400,False,0,0.0,946.08,317.94,33.61,COD,Delivered
ORD00606,2025-07-06,C0184,Home Office,East,Kolkata,Marketplace,P017,Notebook Set,Stationery,1,554.74,10.0,554.74,55.47,127.91,7.93,260,False,0,0.0,499.27,103.43,20.72,Credit Card,Delivered
ORD00607,2025-08-07,C0597,Corporate,South,Kochi,Website,P005,Mechanical Keyboard,Electronics,3,2673.32,10.0,8019.96,802.0,233.77,162.57,4950,False,0,0.0,7217.96,1871.62,25.93,UPI,Delivered
ORD00608,2025-07-15,C0095,Corporate,East,Patna,Website,P017,Notebook Set,Stationery,5,615.88,0.0,3079.4,0.0,247.01,86.51,1300,False,0,0.0,3079.4,1445.88,46.95,Net Banking,Delivered
ORD00609,2024-01-17,C0446,Home Office,East,Kolkata,Website,P013,Coffee Maker,Home & Kitchen,1,4295.92,15.0,4295.92,644.39,60.78,104.63,2550,False,0,0.0,3651.53,936.12,25.64,Credit Card,Delivered
ORD00610,2025-10-29,C0327,Consumer,South,Kochi,Website,P007,Yoga Mat,Sports,5,1237.67,0.0,6188.35,0.0,105.37,164.97,3250,False,0,0.0,6188.35,2668.01,43.11,UPI,Delivered
ORD00611,2025-10-13,C0433,Consumer,South,Hyderabad,Mobile App,P015,Electric Kettle,Home & Kitchen,3,1677.01,5.0,5031.03,251.55,135.0,83.9,3150,False,0,0.0,4779.48,1410.58,29.51,Credit Card,Delivered
ORD00612,2025-01-15,C0087,Corporate,East,Patna,Website,P006,Running Shoes,Sports,1,3696.51,0.0,3696.51,0.0,143.86,61.7,2100,False,0,0.0,3696.51,1390.95,37.63,Credit Card,Delivered
ORD00613,2024-12-05,C0516,Consumer,West,Surat,Mobile App,P003,Bluetooth Speaker,Electronics,2,2035.72,5.0,4071.44,203.57,77.9,116.04,2600,False,0,0.0,3867.87,1073.93,27.77,Debit Card,Delivered
ORD00614,2024-08-25,C0545,Consumer,East,Patna,Mobile App,P019,Planner,Stationery,1,765.09,5.0,765.09,38.25,240.96,17.62,320,True,1,726.84,0.0,-578.58,0.0,UPI,Returned
ORD00615,2024-08-10,C0262,Home Office,West,Ahmedabad,Website,P016,Desk Lamp,Home & Kitchen,1,1398.59,0.0,1398.59,0.0,93.83,48.21,750,False,0,0.0,1398.59,506.55,36.22,Credit Card,Delivered
ORD00616,2024-01-28,C0016,Consumer,West,Ahmedabad,Website,P011,Leather Wallet,Accessories,2,1097.26,0.0,2194.52,0.0,156.66,67.65,1100,False,0,0.0,2194.52,870.21,39.65,UPI,Delivered
ORD00617,2024-12-22,C0428,Home Office,North,Chandigarh,Website,P015,Electric Kettle,Home & Kitchen,5,1725.19,10.0,8625.95,862.6,159.1,163.89,5250,False,0,0.0,7763.35,2190.36,28.21,Debit Card,Delivered
ORD00618,2025-01-27,C0047,Consumer,North,Jaipur,Mobile App,P006,Running Shoes,Sports,1,3329.13,10.0,3329.13,332.91,108.15,96.3,2100,False,0,0.0,2996.22,691.77,23.09,Debit Card,Delivered
ORD00619,2024-09-02,C0558,Consumer,North,Delhi,Marketplace,P012,Sunglasses,Accessories,1,1513.85,5.0,1513.85,75.69,241.61,23.51,850,False,0,0.0,1438.16,323.04,22.46,Net Banking,Delivered
ORD00620,2024-10-16,C0208,Corporate,East,Bhubaneswar,Mobile App,P010,Travel Bag,Accessories,1,2766.65,10.0,2766.65,276.67,44.9,46.04,1450,False,0,0.0,2489.98,949.04,38.11,UPI,Delivered
ORD00621,2024-02-01,C0545,Consumer,East,Bhubaneswar,Website,P005,Mechanical Keyboard,Electronics,1,2694.68,10.0,2694.68,269.47,54.66,63.38,1650,False,0,0.0,2425.21,657.17,27.1,UPI,Cancelled
ORD00622,2025-08-14,C0191,Consumer,East,Kolkata,Mobile App,P001,Wireless Headphones,Electronics,1,1819.81,10.0,1819.81,181.98,75.37,46.31,1050,False,0,0.0,1637.83,466.15,28.46,Net Banking,Delivered
ORD00623,2025-07-16,C0392,Consumer,South,Chennai,Website,P008,Fitness Band,Sports,1,2237.26,10.0,2237.26,223.73,235.35,66.75,1200,True,1,2013.53,0.0,-1502.1,0.0,UPI,Returned
ORD00624,2024-12-16,C0299,Corporate,North,Lucknow,Website,P007,Yoga Mat,Sports,4,1139.77,10.0,4559.08,455.91,71.91,93.84,2600,True,1,1025.79,3077.38,311.63,10.13,UPI,Returned
ORD00625,2025-07-21,C0217,Consumer,North,Chandigarh,Website,P003,Bluetooth Speaker,Electronics,6,2355.75,0.0,14134.5,0.0,160.83,339.43,7800,False,0,0.0,14134.5,5834.24,41.28,UPI,Delivered
ORD00626,2025-11-22,C0502,Consumer,West,Mumbai,Mobile App,P018,Premium Pen Set,Stationery,2,878.2,15.0,1756.4,263.46,96.42,26.01,800,False,0,0.0,1492.94,570.51,38.21,UPI,Delivered
ORD00627,2024-02-11,C0035,Home Office,South,Bengaluru,Mobile App,P003,Bluetooth Speaker,Electronics,1,2176.29,15.0,2176.29,326.44,90.89,45.19,1300,False,0,0.0,1849.85,413.77,22.37,Debit Card,Cancelled
ORD00628,2024-01-04,C0497,Consumer,West,Surat,Mobile App,P016,Desk Lamp,Home & Kitchen,1,1442.67,5.0,1442.67,72.13,126.47,23.21,750,False,0,0.0,1370.54,470.86,34.36,UPI,Cancelled
ORD00629,2025-07-05,C0043,Consumer,South,Hyderabad,Mobile App,P019,Planner,Stationery,1,710.6,10.0,710.6,71.06,77.08,17.72,320,False,0,0.0,639.54,224.74,35.14,Debit Card,Delivered
ORD00630,2025-08-03,C0561,Corporate,East,Patna,Website,P019,Planner,Stationery,1,765.72,5.0,765.72,38.29,173.24,19.51,320,False,0,0.0,727.43,214.68,29.51,UPI,Delivered
ORD00631,2024-04-10,C0569,Home Office,South,Kochi,Marketplace,P015,Electric Kettle,Home & Kitchen,1,1858.68,5.0,1858.68,92.93,157.18,59.19,1050,False,0,0.0,1765.75,499.38,28.28,Credit Card,Delivered
ORD00632,2024-03-06,C0565,Consumer,North,Chandigarh,Website,P012,Sunglasses,Accessories,1,1706.51,0.0,1706.51,0.0,60.51,52.67,850,False,0,0.0,1706.51,743.33,43.56,UPI,Delivered
ORD00633,2024-02-15,C0171,Corporate,North,Delhi,Marketplace,P017,Notebook Set,Stationery,2,609.59,10.0,1219.18,121.92,223.36,20.97,520,False,0,0.0,1097.26,332.93,30.34,Debit Card,Delivered
ORD00634,2025-04-19,C0518,Corporate,West,Ahmedabad,Marketplace,P010,Travel Bag,Accessories,1,2494.42,15.0,2494.42,374.16,118.38,53.25,1450,False,0,0.0,2120.26,498.63,23.52,COD,Delivered
ORD00635,2024-06-08,C0399,Corporate,South,Chennai,Mobile App,P015,Electric Kettle,Home & Kitchen,5,1809.77,10.0,9048.85,904.88,234.32,157.99,5250,False,0,0.0,8143.97,2501.66,30.72,UPI,Delivered
ORD00636,2025-08-24,C0089,Home Office,West,Surat,Marketplace,P019,Planner,Stationery,3,695.19,5.0,2085.57,104.28,186.45,38.61,960,False,0,0.0,1981.29,796.23,40.19,Credit Card,Delivered
ORD00637,2024-10-30,C0383,Corporate,South,Hyderabad,Mobile App,P016,Desk Lamp,Home & Kitchen,5,1433.06,10.0,7165.3,716.53,247.24,135.71,3750,True,2,2579.51,3869.26,-263.69,-6.81,Credit Card,Returned
ORD00638,2025-08-29,C0025,Consumer,West,Mumbai,Mobile App,P010,Travel Bag,Accessories,2,2420.97,10.0,4841.94,484.19,85.01,106.42,2900,False,0,0.0,4357.75,1266.32,29.06,Debit Card,Delivered
ORD00639,2025-12-10,C0104,Consumer,South,Chennai,Website,P009,Office Backpack,Accessories,6,1661.04,5.0,9966.24,498.31,122.66,216.81,6000,False,0,0.0,9467.93,3128.46,33.04,UPI,Delivered
ORD00640,2025-01-14,C0532,Home Office,North,Delhi,Marketplace,P013,Coffee Maker,Home & Kitchen,1,4285.64,15.0,4285.64,642.85,196.84,91.78,2550,False,0,0.0,3642.79,804.17,22.08,COD,Delivered
ORD00641,2025-05-02,C0515,Consumer,North,Delhi,Website,P008,Fitness Band,Sports,2,2114.43,10.0,4228.86,422.89,118.61,121.69,2400,False,0,0.0,3805.97,1165.67,30.63,UPI,Delivered
ORD00642,2024-04-16,C0444,Consumer,South,Bengaluru,Mobile App,P018,Premium Pen Set,Stationery,1,918.85,0.0,918.85,0.0,138.96,30.11,400,False,0,0.0,918.85,349.78,38.07,Credit Card,Delivered
ORD00643,2024-12-20,C0582,Home Office,North,Chandigarh,Website,P005,Mechanical Keyboard,Electronics,2,2847.54,0.0,5695.08,0.0,123.08,144.06,3300,False,0,0.0,5695.08,2127.94,37.36,UPI,Delivered
ORD00644,2025-08-25,C0089,Home Office,East,Ranchi,Marketplace,P006,Running Shoes,Sports,1,3509.73,15.0,3509.73,526.46,215.44,81.71,2100,False,0,0.0,2983.27,586.12,19.65,Credit Card,Delivered
ORD00645,2025-10-03,C0130,Consumer,South,Hyderabad,Website,P005,Mechanical Keyboard,Electronics,4,2613.61,0.0,10454.44,0.0,91.19,218.93,6600,False,0,0.0,10454.44,3544.32,33.9,Credit Card,Delivered
ORD00646,2025-05-10,C0362,Corporate,West,Ahmedabad,Marketplace,P015,Electric Kettle,Home & Kitchen,3,1794.6,10.0,5383.8,538.38,143.59,161.46,3150,False,0,0.0,4845.42,1390.37,28.69,COD,Delivered
ORD00647,2024-04-24,C0417,Consumer,South,Hyderabad,Website,P003,Bluetooth Speaker,Electronics,2,2317.23,5.0,4634.46,231.72,230.07,135.6,2600,False,0,0.0,4402.74,1437.07,32.64,UPI,Delivered
ORD00648,2024-08-27,C0490,Home Office,West,Mumbai,Marketplace,P004,Laptop Stand,Electronics,2,1559.66,10.0,3119.32,311.93,114.32,84.47,1700,False,0,0.0,2807.39,908.6,32.36,Debit Card,Delivered
ORD00649,2024-04-26,C0434,Consumer,North,Lucknow,Marketplace,P019,Planner,Stationery,1,733.6,15.0,733.6,110.04,74.18,16.2,320,False,0,0.0,623.56,213.18,34.19,Credit Card,Delivered
ORD00650,2024-02-17,C0445,Corporate,North,Jaipur,Website,P015,Electric Kettle,Home & Kitchen,1,1864.31,10.0,1864.31,186.43,184.21,55.57,1050,False,0,0.0,1677.88,388.1,23.13,Credit Card,Delivered
ORD00651,2025-06-12,C0054,Home Office,West,Surat,Mobile App,P001,Wireless Headphones,Electronics,2,1717.64,0.0,3435.28,0.0,82.48,72.82,2100,False,0,0.0,3435.28,1179.98,34.35,UPI,Delivered
ORD00652,2025-04-02,C0540,Consumer,North,Jaipur,Mobile App,P007,Yoga Mat,Sports,1,1262.79,5.0,1262.79,63.14,105.54,24.44,650,False,0,0.0,1199.65,419.67,34.98,UPI,Delivered
ORD00653,2024-12-12,C0058,Consumer,West,Ahmedabad,Mobile App,P008,Fitness Band,Sports,2,2181.91,10.0,4363.82,436.38,129.73,135.32,2400,False,0,0.0,3927.44,1262.39,32.14,UPI,Delivered
ORD00654,2025-03-28,C0047,Consumer,North,Jaipur,Mobile App,P009,Office Backpack,Accessories,3,1679.06,10.0,5037.18,503.72,46.68,149.87,3000,True,2,3022.31,1511.15,-1685.4,-111.53,Credit Card,Returned
ORD00655,2025-08-16,C0359,Home Office,South,Hyderabad,Marketplace,P005,Mechanical Keyboard,Electronics,1,2649.39,5.0,2649.39,132.47,135.19,50.2,1650,False,0,0.0,2516.92,681.53,27.08,Net Banking,Delivered
ORD00656,2025-03-30,C0580,Consumer,North,Lucknow,Mobile App,P006,Running Shoes,Sports,2,3698.52,10.0,7397.04,739.7,56.64,166.08,4200,False,0,0.0,6657.34,2234.62,33.57,Credit Card,Delivered
ORD00657,2024-03-14,C0055,Consumer,West,Surat,Mobile App,P001,Wireless Headphones,Electronics,1,1901.01,0.0,1901.01,0.0,102.3,39.21,1050,False,0,0.0,1901.01,709.5,37.32,COD,Delivered
ORD00658,2024-04-23,C0487,Consumer,West,Surat,Marketplace,P003,Bluetooth Speaker,Electronics,3,2129.74,10.0,6389.22,638.92,60.31,198.72,3900,False,0,0.0,5750.3,1591.27,27.67,Debit Card,Delivered
ORD00659,2024-06-14,C0260,Consumer,South,Hyderabad,Mobile App,P003,Bluetooth Speaker,Electronics,2,2322.54,10.0,4645.08,464.51,62.1,74.5,2600,False,0,0.0,4180.57,1443.97,34.54,Credit Card,Delivered
ORD00660,2025-08-05,C0431,Consumer,South,Kochi,Mobile App,P006,Running Shoes,Sports,2,3774.45,0.0,7548.9,0.0,163.9,179.22,4200,True,2,7548.9,0.0,-4543.12,0.0,Net Banking,Returned
ORD00661,2024-08-10,C0492,Corporate,North,Delhi,Website,P010,Travel Bag,Accessories,2,2768.26,10.0,5536.52,553.65,206.83,100.3,2900,False,0,0.0,4982.87,1775.74,35.64,COD,Delivered
ORD00662,2025-10-20,C0092,Corporate,West,Pune,Marketplace,P016,Desk Lamp,Home & Kitchen,1,1367.09,10.0,1367.09,136.71,115.74,32.12,750,False,0,0.0,1230.38,332.52,27.03,UPI,Delivered
ORD00663,2024-06-02,C0255,Consumer,West,Ahmedabad,Website,P017,Notebook Set,Stationery,2,643.4,10.0,1286.8,128.68,208.3,34.07,520,False,0,0.0,1158.12,395.75,34.17,COD,Delivered
ORD00664,2024-12-01,C0411,Consumer,South,Bengaluru,Website,P009,Office Backpack,Accessories,1,1836.66,0.0,1836.66,0.0,159.66,40.65,1000,False,0,0.0,1836.66,636.35,34.65,Credit Card,Delivered
ORD00666,2025-08-12,C0258,Corporate,East,Bhubaneswar,Mobile App,P009,Office Backpack,Accessories,1,1835.15,10.0,1835.15,183.52,120.19,29.15,1000,False,0,0.0,1651.63,502.29,30.41,Credit Card,Delivered
ORD00667,2024-06-04,C0044,Home Office,North,Lucknow,Marketplace,P004,Laptop Stand,Electronics,3,1477.02,20.0,4431.06,886.21,56.58,91.14,2550,False,0,0.0,3544.85,847.13,23.9,UPI,Delivered
ORD00668,2024-04-03,C0295,Consumer,South,Hyderabad,Marketplace,P013,Coffee Maker,Home & Kitchen,3,4305.35,15.0,12916.05,1937.41,53.61,239.81,7650,False,0,0.0,10978.64,3035.22,27.65,UPI,Delivered
ORD00669,2024-11-03,C0367,Home Office,North,Jaipur,Website,P003,Bluetooth Speaker,Electronics,2,2176.56,15.0,4353.12,652.97,102.65,101.03,2600,False,0,0.0,3700.15,896.47,24.23,Credit Card,Delivered
ORD00670,2025-11-01,C0340,Consumer,West,Pune,Mobile App,P004,Laptop Stand,Electronics,2,1605.5,5.0,3211.0,160.55,159.15,78.91,1700,False,0,0.0,3050.45,1112.39,36.47,UPI,Delivered
ORD00671,2025-08-27,C0571,Consumer,South,Bengaluru,Website,P017,Notebook Set,Stationery,2,553.68,5.0,1107.36,55.37,185.82,20.29,520,False,0,0.0,1051.99,325.88,30.98,Credit Card,Delivered
ORD00672,2025-07-17,C0265,Home Office,North,Jaipur,Website,P015,Electric Kettle,Home & Kitchen,3,1711.06,15.0,5133.18,769.98,192.69,152.09,3150,False,0,0.0,4363.2,868.42,19.9,UPI,Delivered
ORD00673,2024-09-13,C0506,Consumer,West,Pune,Website,P015,Electric Kettle,Home & Kitchen,1,1880.46,10.0,1880.46,188.05,221.73,55.13,1050,False,0,0.0,1692.41,365.55,21.6,Credit Card,Cancelled
ORD00674,2024-05-09,C0083,Consumer,West,Surat,Marketplace,P006,Running Shoes,Sports,6,3470.31,10.0,20821.86,2082.19,175.36,332.6,12600,True,4,12493.12,6246.55,-6861.41,-109.84,COD,Returned
ORD00675,2024-08-12,C0558,Consumer,West,Pune,Website,P019,Planner,Stationery,1,788.87,5.0,788.87,39.44,106.92,22.94,320,False,0,0.0,749.43,299.57,39.97,Credit Card,Delivered
ORD00676,2024-01-24,C0061,Consumer,West,Surat,Mobile App,P014,Air Fryer,Home & Kitchen,1,6250.56,10.0,6250.56,625.06,108.39,137.83,3500,False,0,0.0,5625.5,1879.28,33.41,UPI,Delivered
ORD00678,2024-05-10,C0017,Consumer,West,Pune,Marketplace,P003,Bluetooth Speaker,Electronics,1,2179.35,5.0,2179.35,108.97,122.6,60.03,1300,True,1,2070.38,0.0,-1482.63,0.0,UPI,Returned
ORD00679,2024-03-11,C0175,Corporate,South,Hyderabad,Mobile App,P020,Study Table Organizer,Stationery,2,959.42,0.0,1918.84,0.0,162.33,32.19,900,False,0,0.0,1918.84,824.32,42.96,Debit Card,Delivered
ORD00680,2025-03-08,C0389,Corporate,North,Chandigarh,Website,P007,Yoga Mat,Sports,1,1210.27,10.0,1210.27,121.03,166.43,30.75,650,False,0,0.0,1089.24,242.06,22.22,Debit Card,Delivered
ORD00681,2025-08-17,C0280,Corporate,East,Kolkata,Mobile App,P006,Running Shoes,Sports,1,3399.77,10.0,3399.77,339.98,157.39,68.07,2100,False,0,0.0,3059.79,734.33,24.0,UPI,Delivered
ORD00682,2025-01-31,C0585,Corporate,North,Delhi,Mobile App,P014,Air Fryer,Home & Kitchen,1,5776.94,5.0,5776.94,288.85,49.52,122.01,3500,False,0,0.0,5488.09,1816.56,33.1,UPI,Delivered
ORD00683,2024-03-07,C0042,Consumer,South,Chennai,Website,P002,Smart Watch,Electronics,1,3205.25,5.0,3205.25,160.26,59.06,48.66,1900,False,0,0.0,3044.99,1037.27,34.06,UPI,Delivered
ORD00684,2025-04-06,C0373,Consumer,East,Ranchi,Website,P008,Fitness Band,Sports,6,2082.56,15.0,12495.36,1874.3,176.54,186.32,7200,False,0,0.0,10621.06,3058.2,28.79,Credit Card,Delivered
ORD00685,2024-06-01,C0429,Consumer,South,Bengaluru,Website,P019,Planner,Stationery,3,774.31,0.0,2322.93,0.0,100.46,76.94,960,False,0,0.0,2322.93,1185.53,51.04,UPI,Delivered
ORD00686,2024-08-18,C0102,Corporate,South,Bengaluru,Mobile App,P015,Electric Kettle,Home & Kitchen,3,1726.06,5.0,5178.18,258.91,131.35,102.81,3150,False,0,0.0,4919.27,1535.11,31.21,Net Banking,Delivered
ORD00687,2024-11-17,C0240,Consumer,West,Pune,Mobile App,P018,Premium Pen Set,Stationery,1,892.97,5.0,892.97,44.65,126.29,13.12,400,False,0,0.0,848.32,308.91,36.41,Net Banking,Delivered
ORD00688,2025-03-13,C0046,Corporate,West,Surat,Website,P008,Fitness Band,Sports,3,2210.99,5.0,6632.97,331.65,203.82,156.57,3600,False,0,0.0,6301.32,2340.93,37.15,UPI,Delivered
ORD00689,2025-12-25,C0037,Consumer,South,Hyderabad,Mobile App,P018,Premium Pen Set,Stationery,1,862.91,15.0,862.91,129.44,138.1,16.75,400,False,0,0.0,733.47,178.62,24.35,COD,Delivered
ORD00690,2024-04-18,C0251,Consumer,West,Surat,Mobile App,P016,Desk Lamp,Home & Kitchen,1,1315.57,10.0,1315.57,131.56,218.23,23.2,750,False,0,0.0,1184.01,192.58,16.27,UPI,Delivered
ORD00691,2024-08-02,C0097,Consumer,West,Surat,Website,P003,Bluetooth Speaker,Electronics,5,2027.37,5.0,10136.85,506.84,247.98,193.1,6500,False,0,0.0,9630.01,2688.93,27.92,UPI,Delivered
ORD00692,2024-07-02,C0016,Consumer,South,Kochi,Mobile App,P001,Wireless Headphones,Electronics,2,1821.87,5.0,3643.74,182.19,181.7,79.31,2100,False,0,0.0,3461.55,1100.54,31.79,UPI,Delivered
ORD00693,2025-08-25,C0163,Corporate,West,Mumbai,Website,P007,Yoga Mat,Sports,2,1172.01,15.0,2344.02,351.6,171.39,35.8,1300,False,0,0.0,1992.42,485.23,24.35,UPI,Delivered
ORD00694,2024-06-28,C0303,Consumer,North,Jaipur,Mobile App,P018,Premium Pen Set,Stationery,1,843.32,5.0,843.32,42.17,209.84,16.33,400,False,0,0.0,801.15,174.98,21.84,UPI,Delivered
ORD00695,2025-12-21,C0355,Consumer,North,Lucknow,Website,P012,Sunglasses,Accessories,1,1518.53,10.0,1518.53,151.85,226.78,40.09,850,False,0,0.0,1366.68,249.81,18.28,COD,Delivered
ORD00696,2024-07-28,C0484,Corporate,South,Kochi,Website,P010,Travel Bag,Accessories,3,2616.26,10.0,7848.78,784.88,124.26,166.69,4350,False,0,0.0,7063.9,2422.95,34.3,UPI,Delivered
ORD00697,2024-03-21,C0483,Consumer,North,Lucknow,Website,P013,Coffee Maker,Home & Kitchen,1,4340.18,0.0,4340.18,0.0,222.89,66.69,2550,False,0,0.0,4340.18,1500.6,34.57,Debit Card,Delivered
ORD00698,2024-10-07,C0349,Consumer,South,Hyderabad,Mobile App,P020,Study Table Organizer,Stationery,1,1062.29,0.0,1062.29,0.0,139.95,21.67,450,False,0,0.0,1062.29,450.67,42.42,COD,Delivered
ORD00699,2025-06-14,C0348,Consumer,North,Jaipur,Mobile App,P003,Bluetooth Speaker,Electronics,1,2334.34,0.0,2334.34,0.0,217.36,66.48,1300,False,0,0.0,2334.34,750.5,32.15,UPI,Delivered
ORD00700,2025-03-20,C0149,Consumer,South,Kochi,Website,P014,Air Fryer,Home & Kitchen,2,5955.47,15.0,11910.94,1786.64,214.47,341.89,7000,False,0,0.0,10124.3,2567.94,25.36,Net Banking,Delivered
ORD00701,2025-09-01,C0516,Consumer,South,Bengaluru,Marketplace,P015,Electric Kettle,Home & Kitchen,3,1767.69,20.0,5303.07,1060.61,246.6,100.44,3150,False,0,0.0,4242.46,745.42,17.57,UPI,Delivered
ORD00702,2025-06-24,C0443,Consumer,West,Pune,Website,P009,Office Backpack,Accessories,3,1788.68,5.0,5366.04,268.3,220.24,160.55,3000,False,0,0.0,5097.74,1716.95,33.68,Credit Card,Delivered
ORD00703,2024-12-08,C0230,Corporate,North,Chandigarh,Mobile App,P013,Coffee Maker,Home & Kitchen,3,3940.89,5.0,11822.67,591.13,170.46,289.75,7650,False,0,0.0,11231.54,3121.33,27.79,UPI,Delivered
ORD00704,2025-10-31,C0472,Home Office,East,Patna,Website,P008,Fitness Band,Sports,1,2256.79,5.0,2256.79,112.84,69.69,35.01,1200,False,0,0.0,2143.95,839.25,39.15,Debit Card,Delivered
ORD00705,2024-03-10,C0329,Consumer,North,Jaipur,Website,P008,Fitness Band,Sports,2,2089.78,5.0,4179.56,208.98,69.08,136.63,2400,False,0,0.0,3970.58,1364.87,34.37,UPI,Delivered
ORD00706,2025-04-30,C0101,Consumer,North,Delhi,Website,P007,Yoga Mat,Sports,2,1123.06,5.0,2246.12,112.31,180.98,67.5,1300,False,0,0.0,2133.81,585.33,27.43,UPI,Delivered
ORD00707,2025-02-16,C0569,Home Office,South,Bengaluru,Website,P008,Fitness Band,Sports,2,1965.1,0.0,3930.2,0.0,84.44,72.49,2400,True,1,1965.1,1965.1,-591.83,-30.12,Net Banking,Returned
ORD00708,2025-12-03,C0242,Home Office,East,Bhubaneswar,Website,P012,Sunglasses,Accessories,3,1603.18,0.0,4809.54,0.0,52.8,124.62,2550,False,0,0.0,4809.54,2082.12,43.29,UPI,Delivered
ORD00709,2024-01-10,C0202,Consumer,West,Pune,Website,P012,Sunglasses,Accessories,5,1487.17,0.0,7435.85,0.0,196.57,206.14,4250,False,0,0.0,7435.85,2783.14,37.43,UPI,Delivered
ORD00710,2024-04-18,C0351,Consumer,South,Chennai,Marketplace,P017,Notebook Set,Stationery,1,628.56,5.0,628.56,31.43,86.71,11.34,260,False,0,0.0,597.13,239.08,40.04,Net Banking,Delivered
ORD00711,2025-11-06,C0084,Consumer,South,Bengaluru,Website,P009,Office Backpack,Accessories,1,1690.41,5.0,1690.41,84.52,207.44,45.7,1000,False,0,0.0,1605.89,352.75,21.97,UPI,Delivered
ORD00712,2025-11-15,C0070,Home Office,South,Kochi,Website,P014,Air Fryer,Home & Kitchen,1,5925.97,5.0,5925.97,296.3,104.22,189.3,3500,False,0,0.0,5629.67,1836.15,32.62,Debit Card,Delivered
ORD00713,2025-10-08,C0524,Corporate,North,Jaipur,Marketplace,P016,Desk Lamp,Home & Kitchen,2,1371.91,5.0,2743.82,137.19,53.33,83.65,1500,False,0,0.0,2606.63,969.65,37.2,Debit Card,Delivered
ORD00714,2024-06-19,C0148,Consumer,West,Ahmedabad,Mobile App,P008,Fitness Band,Sports,2,2064.42,5.0,4128.84,206.44,118.74,69.28,2400,False,0,0.0,3922.4,1334.38,34.02,Debit Card,Delivered
ORD00715,2025-11-23,C0114,Corporate,West,Surat,Website,P006,Running Shoes,Sports,2,3235.69,10.0,6471.38,647.14,197.82,96.62,4200,False,0,0.0,5824.24,1329.8,22.83,Debit Card,Delivered
ORD00716,2024-02-19,C0532,Home Office,South,Kochi,Marketplace,P005,Mechanical Keyboard,Electronics,1,2857.45,10.0,2857.45,285.74,187.58,89.74,1650,False,0,0.0,2571.71,644.39,25.06,Debit Card,Delivered
ORD00717,2024-02-06,C0045,Consumer,South,Chennai,Mobile App,P009,Office Backpack,Accessories,3,1763.33,5.0,5289.99,264.5,171.8,152.76,3000,False,0,0.0,5025.49,1700.93,33.85,Credit Card,Delivered
ORD00718,2025-06-08,C0301,Consumer,North,Lucknow,Marketplace,P002,Smart Watch,Electronics,2,3360.54,15.0,6721.08,1008.16,160.94,86.22,3800,True,2,5712.92,0.0,-4047.16,0.0,UPI,Returned
ORD00719,2025-01-07,C0468,Home Office,West,Pune,Website,P004,Laptop Stand,Electronics,3,1438.79,0.0,4316.37,0.0,113.62,143.42,2550,False,0,0.0,4316.37,1509.33,34.97,UPI,Cancelled
ORD00720,2024-04-16,C0088,Corporate,East,Ranchi,Mobile App,P010,Travel Bag,Accessories,2,2684.08,5.0,5368.16,268.41,68.4,108.6,2900,False,0,0.0,5099.75,2022.75,39.66,Debit Card,Delivered
ORD00721,2025-07-01,C0187,Corporate,West,Surat,Website,P006,Running Shoes,Sports,2,3407.08,0.0,6814.16,0.0,174.97,146.52,4200,False,0,0.0,6814.16,2292.67,33.65,Net Banking,Delivered
ORD00722,2025-01-30,C0395,Consumer,East,Bhubaneswar,Mobile App,P014,Air Fryer,Home & Kitchen,1,5673.63,10.0,5673.63,567.36,107.9,121.46,3500,False,0,0.0,5106.27,1376.91,26.97,UPI,Delivered
ORD00723,2024-02-05,C0090,Consumer,North,Lucknow,Marketplace,P007,Yoga Mat,Sports,1,1138.0,15.0,1138.0,170.7,45.47,22.34,650,False,0,0.0,967.3,249.49,25.79,Credit Card,Delivered
ORD00724,2025-07-23,C0130,Consumer,North,Lucknow,Mobile App,P004,Laptop Stand,Electronics,3,1544.1,0.0,4632.3,0.0,191.55,126.74,2550,False,0,0.0,4632.3,1764.01,38.08,UPI,Delivered
ORD00725,2024-07-30,C0356,Corporate,West,Mumbai,Mobile App,P020,Study Table Organizer,Stationery,3,973.75,5.0,2921.25,146.06,227.22,45.59,1350,False,0,0.0,2775.19,1152.38,41.52,UPI,Delivered
ORD00726,2024-01-21,C0576,Home Office,East,Ranchi,Mobile App,P016,Desk Lamp,Home & Kitchen,3,1400.8,15.0,4202.4,630.36,169.4,119.89,2250,False,0,0.0,3572.04,1032.75,28.91,Net Banking,Delivered
ORD00727,2025-07-19,C0375,Consumer,South,Chennai,Mobile App,P019,Planner,Stationery,3,752.72,0.0,2258.16,0.0,230.45,60.54,960,False,0,0.0,2258.16,1007.17,44.6,UPI,Delivered
ORD00728,2024-12-20,C0529,Consumer,East,Kolkata,Mobile App,P009,Office Backpack,Accessories,1,1752.15,0.0,1752.15,0.0,133.6,54.96,1000,False,0,0.0,1752.15,563.59,32.17,UPI,Delivered
ORD00729,2024-10-18,C0066,Consumer,East,Ranchi,Mobile App,P001,Wireless Headphones,Electronics,1,1717.41,5.0,1717.41,85.87,160.6,53.74,1050,False,0,0.0,1631.54,367.2,22.51,Credit Card,Delivered
ORD00730,2025-03-21,C0470,Home Office,West,Mumbai,Website,P014,Air Fryer,Home & Kitchen,4,5593.33,5.0,22373.32,1118.67,230.29,335.89,14000,False,0,0.0,21254.65,6688.47,31.47,COD,Delivered
ORD00731,2024-09-12,C0395,Consumer,East,Kolkata,Website,P014,Air Fryer,Home & Kitchen,6,5485.05,5.0,32910.3,1645.52,130.07,640.77,21000,False,0,0.0,31264.78,9493.94,30.37,UPI,Delivered
ORD00732,2024-10-30,C0296,Consumer,West,Ahmedabad,Mobile App,P019,Planner,Stationery,1,690.61,10.0,690.61,69.06,109.76,19.72,320,False,0,0.0,621.55,172.07,27.68,UPI,Delivered
ORD00733,2025-05-19,C0342,Consumer,West,Pune,Website,P019,Planner,Stationery,1,747.66,5.0,747.66,37.38,212.34,21.74,320,False,0,0.0,710.28,156.2,21.99,UPI,Delivered
ORD00734,2025-05-16,C0193,Home Office,East,Bhubaneswar,Mobile App,P004,Laptop Stand,Electronics,3,1413.22,10.0,4239.66,423.97,40.9,96.9,2550,False,0,0.0,3815.69,1127.89,29.56,UPI,Delivered
ORD00735,2025-06-13,C0244,Consumer,East,Patna,Mobile App,P001,Wireless Headphones,Electronics,1,1915.68,10.0,1915.68,191.57,121.66,55.2,1050,False,0,0.0,1724.11,497.25,28.84,UPI,Delivered
ORD00736,2024-04-13,C0254,Consumer,North,Lucknow,Website,P017,Notebook Set,Stationery,4,552.06,10.0,2208.24,220.82,65.87,44.68,1040,False,0,0.0,1987.42,836.87,42.11,Debit Card,Delivered
ORD00737,2024-10-16,C0599,Consumer,North,Chandigarh,Mobile App,P012,Sunglasses,Accessories,3,1493.71,0.0,4481.13,0.0,221.55,95.12,2550,False,0,0.0,4481.13,1614.46,36.03,UPI,Delivered
ORD00738,2025-11-30,C0512,Consumer,South,Kochi,Website,P006,Running Shoes,Sports,5,3591.3,5.0,17956.5,897.82,197.38,476.3,10500,False,0,0.0,17058.68,5885.0,34.5,UPI,Delivered
ORD00739,2024-02-11,C0403,Consumer,West,Surat,Marketplace,P011,Leather Wallet,Accessories,1,1024.12,20.0,1024.12,204.82,172.31,26.11,550,False,0,0.0,819.3,70.88,8.65,Credit Card,Delivered
ORD00740,2024-01-04,C0290,Consumer,West,Surat,Website,P009,Office Backpack,Accessories,1,1789.52,15.0,1789.52,268.43,151.14,44.27,1000,False,0,0.0,1521.09,325.68,21.41,UPI,Delivered
ORD00741,2024-12-28,C0498,Consumer,West,Surat,Mobile App,P010,Travel Bag,Accessories,6,2404.03,10.0,14424.18,1442.42,145.15,294.35,8700,False,0,0.0,12981.76,3842.26,29.6,Credit Card,Delivered
ORD00742,2024-03-30,C0298,Consumer,West,Pune,Website,P010,Travel Bag,Accessories,1,2771.57,15.0,2771.57,415.74,148.52,59.96,1450,False,0,0.0,2355.83,697.35,29.6,UPI,Delivered
ORD00743,2024-02-17,C0562,Consumer,East,Patna,Mobile App,P006,Running Shoes,Sports,1,3249.18,10.0,3249.18,324.92,54.9,78.68,2100,False,0,0.0,2924.26,690.68,23.62,UPI,Delivered
ORD00744,2024-02-26,C0420,Corporate,North,Delhi,Marketplace,P008,Fitness Band,Sports,6,2235.52,20.0,13413.12,2682.62,203.36,335.3,7200,False,0,0.0,10730.5,2991.84,27.88,UPI,Delivered
ORD00745,2025-06-09,C0266,Corporate,East,Patna,Mobile App,P009,Office Backpack,Accessories,1,1807.64,10.0,1807.64,180.76,190.87,28.37,1000,False,0,0.0,1626.88,407.64,25.06,Credit Card,Delivered
ORD00746,2024-08-14,C0425,Consumer,West,Pune,Mobile App,P007,Yoga Mat,Sports,1,1173.46,5.0,1173.46,58.67,158.37,32.92,650,False,0,0.0,1114.79,273.5,24.53,Credit Card,Delivered
ORD00747,2024-03-20,C0305,Corporate,West,Pune,Website,P010,Travel Bag,Accessories,3,2540.54,0.0,7621.62,0.0,71.68,133.4,4350,False,0,0.0,7621.62,3066.54,40.23,COD,Delivered
ORD00748,2025-04-24,C0583,Consumer,East,Ranchi,Website,P015,Electric Kettle,Home & Kitchen,4,1738.47,0.0,6953.88,0.0,78.02,183.82,4200,False,0,0.0,6953.88,2492.04,35.84,Credit Card,Delivered
ORD00749,2025-01-09,C0283,Consumer,South,Hyderabad,Mobile App,P004,Laptop Stand,Electronics,1,1529.85,10.0,1529.85,152.99,242.21,46.4,850,False,0,0.0,1376.86,238.25,17.3,UPI,Delivered
ORD00750,2025-07-22,C0347,Corporate,South,Hyderabad,Marketplace,P017,Notebook Set,Stationery,2,586.35,0.0,1172.7,0.0,97.87,33.46,520,False,0,0.0,1172.7,521.37,44.46,UPI,Delivered
ORD00751,2025-12-21,C0360,Consumer,West,Surat,Mobile App,P010,Travel Bag,Accessories,3,2467.83,5.0,7403.49,370.17,101.05,234.92,4350,False,0,0.0,7033.32,2347.35,33.37,UPI,Delivered
ORD00752,2025-03-23,C0455,Consumer,South,Chennai,Website,P006,Running Shoes,Sports,1,3545.38,10.0,3545.38,354.54,163.72,48.67,2100,False,0,0.0,3190.84,878.45,27.53,Credit Card,Delivered
ORD00753,2025-10-13,C0425,Consumer,South,Kochi,Website,P005,Mechanical Keyboard,Electronics,2,2900.39,5.0,5800.78,290.04,189.71,168.36,3300,False,0,0.0,5510.74,1852.67,33.62,UPI,Delivered
ORD00754,2024-01-10,C0516,Consumer,North,Delhi,Website,P010,Travel Bag,Accessories,1,2597.42,0.0,2597.42,0.0,133.08,58.13,1450,False,0,0.0,2597.42,956.21,36.81,COD,Delivered
ORD00755,2025-06-10,C0527,Consumer,West,Surat,Marketplace,P016,Desk Lamp,Home & Kitchen,4,1467.8,10.0,5871.2,587.12,114.97,164.63,3000,False,0,0.0,5284.08,2004.48,37.93,UPI,Delivered
ORD00756,2025-05-06,C0599,Consumer,West,Mumbai,Marketplace,P011,Leather Wallet,Accessories,1,1083.34,20.0,1083.34,216.67,69.09,18.91,550,False,0,0.0,866.67,228.67,26.38,UPI,Delivered
ORD00757,2025-05-01,C0561,Corporate,West,Ahmedabad,Website,P017,Notebook Set,Stationery,1,602.87,5.0,602.87,30.14,249.84,16.07,260,False,0,0.0,572.73,46.82,8.17,UPI,Delivered
ORD00758,2024-03-05,C0302,Consumer,North,Lucknow,Marketplace,P018,Premium Pen Set,Stationery,1,831.67,15.0,831.67,124.75,82.34,11.37,400,False,0,0.0,706.92,213.21,30.16,Credit Card,Delivered
ORD00759,2024-09-04,C0283,Consumer,South,Kochi,Website,P011,Leather Wallet,Accessories,1,1021.39,0.0,1021.39,0.0,130.22,29.92,550,False,0,0.0,1021.39,311.25,30.47,Debit Card,Delivered
ORD00760,2024-09-25,C0524,Corporate,South,Chennai,Marketplace,P016,Desk Lamp,Home & Kitchen,2,1420.41,20.0,2840.82,568.16,217.7,54.76,1500,False,0,0.0,2272.66,500.2,22.01,UPI,Delivered
ORD00761,2024-01-10,C0594,Consumer,West,Surat,Marketplace,P009,Office Backpack,Accessories,3,1732.25,10.0,5196.75,519.67,72.66,89.45,3000,False,0,0.0,4677.08,1514.97,32.39,Debit Card,Delivered
ORD00762,2025-07-21,C0496,Consumer,West,Mumbai,Marketplace,P018,Premium Pen Set,Stationery,1,860.15,10.0,860.15,86.02,208.14,16.12,400,False,0,0.0,774.13,149.87,19.36,Credit Card,Delivered
ORD00763,2024-05-12,C0380,Consumer,East,Kolkata,Mobile App,P017,Notebook Set,Stationery,2,598.41,15.0,1196.82,179.52,63.56,32.22,520,False,0,0.0,1017.3,401.52,39.47,UPI,Delivered
ORD00764,2025-03-06,C0207,Consumer,South,Hyderabad,Mobile App,P011,Leather Wallet,Accessories,1,1012.7,5.0,1012.7,50.64,177.38,17.05,550,False,0,0.0,962.06,217.63,22.62,UPI,Delivered
ORD00765,2024-07-16,C0374,Corporate,West,Surat,Marketplace,P009,Office Backpack,Accessories,2,1773.83,5.0,3547.66,177.38,175.76,96.87,2000,False,0,0.0,3370.28,1097.65,32.57,Credit Card,Delivered
ORD00766,2025-02-06,C0342,Consumer,West,Surat,Mobile App,P010,Travel Bag,Accessories,4,2734.98,5.0,10939.92,547.0,153.25,213.67,5800,False,0,0.0,10392.92,4226.0,40.66,Credit Card,Delivered
ORD00767,2025-08-18,C0553,Consumer,West,Surat,Mobile App,P002,Smart Watch,Electronics,1,3148.06,10.0,3148.06,314.81,216.32,49.24,1900,False,0,0.0,2833.25,667.69,23.57,UPI,Delivered
ORD00768,2024-10-15,C0196,Consumer,North,Jaipur,Website,P006,Running Shoes,Sports,1,3428.06,0.0,3428.06,0.0,200.01,76.47,2100,False,0,0.0,3428.06,1051.58,30.68,COD,Delivered
ORD00769,2025-02-16,C0184,Home Office,East,Bhubaneswar,Website,P005,Mechanical Keyboard,Electronics,1,2798.77,5.0,2798.77,139.94,209.75,79.71,1650,False,0,0.0,2658.83,719.37,27.06,Net Banking,Delivered
ORD00770,2025-06-28,C0062,Consumer,North,Jaipur,Website,P001,Wireless Headphones,Electronics,1,1838.2,5.0,1838.2,91.91,227.79,49.96,1050,False,0,0.0,1746.29,418.54,23.97,Debit Card,Delivered
ORD00771,2025-08-28,C0452,Consumer,South,Chennai,Marketplace,P018,Premium Pen Set,Stationery,2,951.7,0.0,1903.4,0.0,73.1,31.25,800,True,2,1903.4,0.0,-904.35,0.0,Debit Card,Returned
ORD00772,2024-09-06,C0567,Consumer,West,Ahmedabad,Website,P001,Wireless Headphones,Electronics,2,1759.99,10.0,3519.98,352.0,170.27,92.19,2100,True,1,1583.99,1583.99,-778.47,-49.15,Debit Card,Returned
ORD00773,2025-06-06,C0529,Consumer,West,Surat,Website,P005,Mechanical Keyboard,Electronics,3,2833.94,0.0,8501.82,0.0,43.2,244.89,4950,False,0,0.0,8501.82,3263.73,38.39,UPI,Delivered
ORD00774,2025-01-30,C0104,Consumer,South,Kochi,Website,P017,Notebook Set,Stationery,1,646.25,0.0,646.25,0.0,58.06,13.23,260,False,0,0.0,646.25,314.96,48.74,Credit Card,Delivered
ORD00775,2025-12-08,C0452,Consumer,West,Mumbai,Website,P016,Desk Lamp,Home & Kitchen,3,1448.35,5.0,4345.05,217.25,75.22,69.51,2250,False,0,0.0,4127.8,1733.07,41.99,COD,Delivered
ORD00776,2024-07-14,C0377,Corporate,West,Surat,Website,P019,Planner,Stationery,2,711.76,0.0,1423.52,0.0,49.0,29.35,640,False,0,0.0,1423.52,705.17,49.54,Credit Card,Delivered
ORD00777,2025-01-26,C0133,Consumer,East,Bhubaneswar,Website,P012,Sunglasses,Accessories,3,1547.66,10.0,4642.98,464.3,192.93,141.93,2550,False,0,0.0,4178.68,1293.82,30.96,UPI,Delivered
ORD00778,2024-05-20,C0051,Home Office,East,Kolkata,Marketplace,P013,Coffee Maker,Home & Kitchen,1,4142.53,5.0,4142.53,207.13,107.15,85.95,2550,False,0,0.0,3935.4,1192.3,30.3,Debit Card,Cancelled
ORD00779,2024-02-03,C0477,Consumer,West,Pune,Marketplace,P004,Laptop Stand,Electronics,1,1550.89,15.0,1550.89,232.63,145.69,21.38,850,False,0,0.0,1318.26,301.19,22.85,COD,Delivered
ORD00780,2024-06-09,C0306,Home Office,West,Surat,Website,P008,Fitness Band,Sports,1,2192.89,10.0,2192.89,219.29,55.78,42.15,1200,False,0,0.0,1973.6,675.67,34.24,COD,Delivered
ORD00781,2024-08-19,C0400,Corporate,North,Chandigarh,Mobile App,P014,Air Fryer,Home & Kitchen,2,5414.15,5.0,10828.3,541.42,54.08,257.78,7000,False,0,0.0,10286.88,2975.02,28.92,Debit Card,Delivered
ORD00782,2025-08-18,C0006,Consumer,West,Ahmedabad,Mobile App,P012,Sunglasses,Accessories,3,1619.3,15.0,4857.9,728.68,103.04,71.72,2550,False,0,0.0,4129.22,1404.46,34.01,COD,Delivered
ORD00783,2025-05-14,C0271,Corporate,West,Ahmedabad,Website,P002,Smart Watch,Electronics,1,3369.92,0.0,3369.92,0.0,55.71,67.52,1900,False,0,0.0,3369.92,1346.69,39.96,Debit Card,Delivered
ORD00784,2025-01-19,C0118,Consumer,South,Hyderabad,Mobile App,P017,Notebook Set,Stationery,2,596.05,5.0,1192.1,59.6,103.15,30.88,520,False,0,0.0,1132.5,478.47,42.25,Debit Card,Delivered
ORD00785,2024-02-02,C0213,Corporate,West,Pune,Website,P004,Laptop Stand,Electronics,1,1593.16,10.0,1593.16,159.32,104.93,36.75,850,False,0,0.0,1433.84,442.16,30.84,Net Banking,Delivered
ORD00786,2025-03-30,C0401,Consumer,West,Ahmedabad,Mobile App,P005,Mechanical Keyboard,Electronics,1,2843.92,5.0,2843.92,142.2,49.94,53.53,1650,False,0,0.0,2701.72,948.25,35.1,Net Banking,Delivered
ORD00787,2024-07-10,C0535,Corporate,North,Chandigarh,Marketplace,P017,Notebook Set,Stationery,3,632.4,10.0,1897.2,189.72,104.55,52.03,780,False,0,0.0,1707.48,770.9,45.15,Debit Card,Delivered
ORD00788,2024-07-22,C0345,Consumer,West,Pune,Marketplace,P003,Bluetooth Speaker,Electronics,1,2203.67,15.0,2203.67,330.55,187.13,50.34,1300,False,0,0.0,1873.12,335.65,17.92,Debit Card,Delivered
ORD00789,2024-05-02,C0285,Consumer,West,Ahmedabad,Mobile App,P009,Office Backpack,Accessories,3,1888.24,10.0,5664.72,566.47,197.46,91.15,3000,False,0,0.0,5098.25,1809.64,35.5,Net Banking,Delivered
ORD00790,2024-03-25,C0599,Consumer,South,Kochi,Marketplace,P013,Coffee Maker,Home & Kitchen,1,4375.96,10.0,4375.96,437.6,120.71,69.81,2550,False,0,0.0,3938.36,1197.84,30.41,Net Banking,Delivered
ORD00791,2025-03-22,C0415,Corporate,North,Jaipur,Mobile App,P017,Notebook Set,Stationery,1,597.24,5.0,597.24,29.86,210.77,12.92,260,False,0,0.0,567.38,83.69,14.75,UPI,Delivered
ORD00792,2025-04-12,C0503,Consumer,South,Hyderabad,Mobile App,P017,Notebook Set,Stationery,1,570.32,15.0,570.32,85.55,204.14,8.55,260,False,0,0.0,484.77,12.08,2.49,COD,Delivered
ORD00793,2025-08-28,C0036,Corporate,West,Ahmedabad,Website,P014,Air Fryer,Home & Kitchen,1,5379.06,0.0,5379.06,0.0,97.17,173.42,3500,True,1,5379.06,0.0,-3770.59,0.0,Credit Card,Returned
ORD00794,2024-03-04,C0460,Consumer,West,Ahmedabad,Mobile App,P011,Leather Wallet,Accessories,2,1100.24,5.0,2200.48,110.02,206.73,71.0,1100,False,0,0.0,2090.46,712.73,34.09,UPI,Delivered
ORD00795,2025-08-16,C0189,Consumer,West,Surat,Marketplace,P017,Notebook Set,Stationery,1,632.06,0.0,632.06,0.0,80.24,12.87,260,False,0,0.0,632.06,278.95,44.13,Debit Card,Delivered
ORD00796,2025-10-02,C0513,Home Office,West,Pune,Marketplace,P013,Coffee Maker,Home & Kitchen,1,4305.55,10.0,4305.55,430.56,225.12,128.14,2550,False,0,0.0,3874.99,971.73,25.08,Debit Card,Delivered
ORD00797,2024-12-11,C0293,Corporate,West,Mumbai,Marketplace,P015,Electric Kettle,Home & Kitchen,1,1765.88,5.0,1765.88,88.29,63.16,51.34,1050,False,0,0.0,1677.59,513.09,30.58,COD,Delivered
ORD00798,2024-09-14,C0279,Corporate,West,Pune,Mobile App,P014,Air Fryer,Home & Kitchen,1,5568.93,10.0,5568.93,556.89,248.83,140.55,3500,False,0,0.0,5012.04,1122.66,22.4,Credit Card,Delivered
ORD00799,2024-11-11,C0256,Consumer,East,Patna,Mobile App,P016,Desk Lamp,Home & Kitchen,1,1334.13,10.0,1334.13,133.41,54.89,26.02,750,True,1,1200.72,0.0,-830.91,0.0,Debit Card,Returned
ORD00800,2024-04-29,C0001,Consumer,West,Ahmedabad,Mobile App,P006,Running Shoes,Sports,2,3773.67,5.0,7547.34,377.37,71.33,192.45,4200,False,0,0.0,7169.97,2706.19,37.74,COD,Delivered
ORD00801,2024-09-09,C0443,Consumer,West,Surat,Mobile App,P014,Air Fryer,Home & Kitchen,1,5647.93,5.0,5647.93,282.4,225.86,117.53,3500,False,0,0.0,5365.53,1522.14,28.37,Net Banking,Delivered
ORD00802,2024-11-22,C0595,Home Office,North,Jaipur,Marketplace,P012,Sunglasses,Accessories,3,1512.74,10.0,4538.22,453.82,236.58,130.09,2550,False,0,0.0,4084.4,1167.73,28.59,UPI,Delivered
ORD00803,2024-12-22,C0186,Corporate,North,Lucknow,Marketplace,P014,Air Fryer,Home & Kitchen,1,5604.03,10.0,5604.03,560.4,156.7,164.02,3500,False,0,0.0,5043.63,1222.91,24.25,UPI,Delivered
ORD00804,2025-10-23,C0088,Corporate,West,Pune,Website,P012,Sunglasses,Accessories,6,1664.81,0.0,9988.86,0.0,65.81,177.56,5100,False,0,0.0,9988.86,4645.49,46.51,Credit Card,Cancelled
ORD00805,2025-07-30,C0320,Consumer,South,Chennai,Website,P003,Bluetooth Speaker,Electronics,2,2120.8,5.0,4241.6,212.08,106.4,127.35,2600,False,0,0.0,4029.52,1195.77,29.68,UPI,Delivered
ORD00806,2024-12-23,C0252,Consumer,South,Bengaluru,Website,P012,Sunglasses,Accessories,1,1521.96,5.0,1521.96,76.1,161.32,30.29,850,False,0,0.0,1445.86,404.25,27.96,COD,Delivered
ORD00807,2024-02-23,C0339,Consumer,North,Lucknow,Website,P001,Wireless Headphones,Electronics,2,1659.68,5.0,3319.36,165.97,149.73,65.69,2100,False,0,0.0,3153.39,837.97,26.57,UPI,Delivered
ORD00808,2025-09-12,C0088,Corporate,South,Hyderabad,Mobile App,P007,Yoga Mat,Sports,1,1176.4,5.0,1176.4,58.82,197.94,24.82,650,False,0,0.0,1117.58,244.82,21.91,COD,Delivered
ORD00809,2025-06-07,C0509,Home Office,West,Pune,Website,P014,Air Fryer,Home & Kitchen,2,5354.02,10.0,10708.04,1070.8,61.75,318.57,7000,False,0,0.0,9637.24,2256.92,23.42,UPI,Delivered
ORD00810,2024-09-28,C0102,Corporate,East,Kolkata,Marketplace,P020,Study Table Organizer,Stationery,1,920.26,5.0,920.26,46.01,222.07,26.15,450,False,0,0.0,874.25,176.03,20.13,Debit Card,Delivered
ORD00811,2024-09-12,C0586,Consumer,West,Surat,Marketplace,P004,Laptop Stand,Electronics,1,1477.34,10.0,1477.34,147.73,199.7,35.48,850,True,1,1329.61,0.0,-1085.18,0.0,Net Banking,Returned
ORD00812,2024-09-05,C0134,Consumer,South,Bengaluru,Marketplace,P010,Travel Bag,Accessories,1,2678.46,10.0,2678.46,267.85,130.08,82.41,1450,False,0,0.0,2410.61,748.12,31.03,UPI,Delivered
ORD00813,2025-10-18,C0083,Consumer,East,Patna,Mobile App,P015,Electric Kettle,Home & Kitchen,1,1933.15,15.0,1933.15,289.97,118.72,30.88,1050,True,1,1643.18,0.0,-1199.6,0.0,UPI,Returned
ORD00814,2024-11-11,C0071,Corporate,West,Pune,Website,P020,Study Table Organizer,Stationery,3,1078.84,0.0,3236.52,0.0,144.21,88.33,1350,False,0,0.0,3236.52,1653.98,51.1,Debit Card,Delivered
ORD00815,2024-05-25,C0357,Consumer,East,Ranchi,Mobile App,P010,Travel Bag,Accessories,3,2739.75,0.0,8219.25,0.0,45.34,284.91,4350,False,0,0.0,8219.25,3539.0,43.06,Credit Card,Cancelled
ORD00816,2025-07-19,C0514,Home Office,East,Bhubaneswar,Marketplace,P007,Yoga Mat,Sports,1,1123.67,0.0,1123.67,0.0,243.82,25.73,650,False,0,0.0,1123.67,204.12,18.17,COD,Delivered
ORD00817,2024-05-14,C0055,Consumer,South,Chennai,Mobile App,P017,Notebook Set,Stationery,1,582.24,0.0,582.24,0.0,109.46,17.21,260,False,0,0.0,582.24,195.57,33.59,UPI,Delivered
ORD00818,2025-04-10,C0118,Consumer,South,Kochi,Website,P018,Premium Pen Set,Stationery,1,851.56,5.0,851.56,42.58,230.19,16.27,400,False,0,0.0,808.98,162.52,20.09,Debit Card,Delivered
ORD00819,2025-07-25,C0529,Consumer,West,Surat,Website,P004,Laptop Stand,Electronics,3,1615.66,10.0,4846.98,484.7,111.96,123.13,2550,False,0,0.0,4362.28,1577.19,36.16,COD,Delivered
ORD00820,2025-02-19,C0456,Consumer,East,Patna,Marketplace,P014,Air Fryer,Home & Kitchen,2,5912.22,20.0,11824.44,2364.89,160.26,224.0,7000,False,0,0.0,9459.55,2075.29,21.94,UPI,Delivered
ORD00821,2025-12-21,C0122,Home Office,East,Ranchi,Website,P015,Electric Kettle,Home & Kitchen,1,1936.85,5.0,1936.85,96.84,207.41,62.16,1050,False,0,0.0,1840.01,520.44,28.28,UPI,Delivered
ORD00822,2024-06-05,C0273,Home Office,East,Ranchi,Mobile App,P017,Notebook Set,Stationery,1,638.17,10.0,638.17,63.82,241.97,13.8,260,False,0,0.0,574.35,58.58,10.2,Credit Card,Delivered
ORD00823,2024-05-12,C0271,Corporate,South,Kochi,Mobile App,P013,Coffee Maker,Home & Kitchen,1,4190.77,5.0,4190.77,209.54,97.53,73.67,2550,False,0,0.0,3981.23,1260.03,31.65,COD,Delivered
ORD00824,2024-08-14,C0451,Corporate,West,Ahmedabad,Website,P005,Mechanical Keyboard,Electronics,6,2922.71,0.0,17536.26,0.0,187.64,588.68,9900,False,0,0.0,17536.26,6859.94,39.12,Debit Card,Delivered
ORD00825,2025-06-14,C0418,Consumer,South,Kochi,Website,P011,Leather Wallet,Accessories,1,1033.81,15.0,1033.81,155.07,192.37,14.05,550,False,0,0.0,878.74,122.32,13.92,Credit Card,Delivered
ORD00826,2025-11-22,C0543,Consumer,North,Delhi,Website,P014,Air Fryer,Home & Kitchen,1,5486.5,5.0,5486.5,274.32,51.91,147.4,3500,False,0,0.0,5212.18,1512.87,29.03,UPI,Delivered
ORD00827,2025-01-31,C0371,Consumer,West,Ahmedabad,Website,P005,Mechanical Keyboard,Electronics,2,2885.23,0.0,5770.46,0.0,74.84,162.64,3300,False,0,0.0,5770.46,2232.98,38.7,UPI,Delivered
ORD00828,2024-04-04,C0428,Home Office,South,Chennai,Mobile App,P010,Travel Bag,Accessories,1,2585.13,15.0,2585.13,387.77,110.98,58.28,1450,False,0,0.0,2197.36,578.1,26.31,Credit Card,Delivered
ORD00829,2025-03-16,C0034,Home Office,South,Chennai,Marketplace,P008,Fitness Band,Sports,2,2130.39,0.0,4260.78,0.0,155.23,114.61,2400,False,0,0.0,4260.78,1590.94,37.34,UPI,Delivered
ORD00830,2025-05-20,C0165,Consumer,South,Hyderabad,Website,P004,Laptop Stand,Electronics,1,1449.0,10.0,1449.0,144.9,49.72,23.49,850,False,0,0.0,1304.1,380.89,29.21,Net Banking,Delivered
ORD00831,2025-11-06,C0448,Corporate,South,Hyderabad,Marketplace,P015,Electric Kettle,Home & Kitchen,2,1857.01,20.0,3714.02,742.8,229.66,74.99,2100,False,0,0.0,2971.22,566.57,19.07,Credit Card,Delivered
ORD00832,2024-01-16,C0093,Corporate,North,Delhi,Mobile App,P020,Study Table Organizer,Stationery,2,950.95,15.0,1901.9,285.29,84.49,32.53,900,False,0,0.0,1616.61,599.59,37.09,Debit Card,Delivered
ORD00833,2025-08-24,C0359,Home Office,East,Patna,Website,P005,Mechanical Keyboard,Electronics,4,2703.05,5.0,10812.2,540.61,175.88,208.39,6600,False,0,0.0,10271.59,3287.32,32.0,Net Banking,Delivered
ORD00834,2025-11-08,C0551,Consumer,North,Lucknow,Mobile App,P015,Electric Kettle,Home & Kitchen,3,1660.14,10.0,4980.42,498.04,151.54,132.73,3150,False,0,0.0,4482.38,1048.11,23.38,Credit Card,Delivered
ORD00835,2025-12-25,C0129,Consumer,East,Ranchi,Marketplace,P002,Smart Watch,Electronics,3,3221.92,5.0,9665.76,483.29,141.86,249.29,5700,False,0,0.0,9182.47,3091.32,33.67,Debit Card,Delivered
ORD00836,2024-05-20,C0535,Corporate,North,Lucknow,Mobile App,P013,Coffee Maker,Home & Kitchen,1,4019.43,10.0,4019.43,401.94,88.86,82.77,2550,False,0,0.0,3617.49,895.86,24.76,UPI,Delivered
ORD00837,2025-02-02,C0032,Consumer,South,Chennai,Website,P008,Fitness Band,Sports,1,1940.34,5.0,1940.34,97.02,242.62,48.0,1200,False,0,0.0,1843.32,352.7,19.13,UPI,Delivered
ORD00838,2025-01-28,C0600,Consumer,West,Surat,Marketplace,P013,Coffee Maker,Home & Kitchen,1,4329.84,20.0,4329.84,865.97,77.7,114.65,2550,False,0,0.0,3463.87,721.52,20.83,UPI,Delivered
ORD00839,2025-12-21,C0382,Corporate,North,Delhi,Marketplace,P008,Fitness Band,Sports,6,1942.6,5.0,11655.6,582.78,63.17,293.87,7200,False,0,0.0,11072.82,3515.78,31.75,Credit Card,Delivered
ORD00840,2024-03-27,C0293,Corporate,East,Ranchi,Website,P006,Running Shoes,Sports,2,3678.02,10.0,7356.04,735.6,157.73,146.37,4200,False,0,0.0,6620.44,2116.34,31.97,UPI,Delivered
ORD00841,2025-03-20,C0487,Consumer,West,Surat,Website,P020,Study Table Organizer,Stationery,5,991.5,5.0,4957.5,247.88,131.18,140.18,2250,False,0,0.0,4709.62,2188.26,46.46,Debit Card,Cancelled
ORD00842,2025-08-23,C0016,Consumer,East,Kolkata,Mobile App,P010,Travel Bag,Accessories,1,2618.8,10.0,2618.8,261.88,187.7,68.12,1450,False,0,0.0,2356.92,651.1,27.63,Credit Card,Delivered
ORD00843,2025-04-30,C0540,Consumer,South,Kochi,Website,P018,Premium Pen Set,Stationery,3,855.0,10.0,2565.0,256.5,149.9,76.76,1200,False,0,0.0,2308.5,881.84,38.2,Debit Card,Delivered
ORD00844,2024-10-06,C0556,Consumer,East,Kolkata,Website,P016,Desk Lamp,Home & Kitchen,2,1394.64,5.0,2789.28,139.46,118.6,86.6,1500,False,0,0.0,2649.82,944.62,35.65,UPI,Delivered
ORD00845,2024-10-13,C0384,Home Office,West,Ahmedabad,Website,P020,Study Table Organizer,Stationery,1,1044.09,10.0,1044.09,104.41,212.14,26.51,450,True,1,939.68,0.0,-688.65,0.0,UPI,Returned
ORD00846,2024-10-06,C0353,Corporate,West,Surat,Website,P011,Leather Wallet,Accessories,6,1021.48,15.0,6128.88,919.33,116.27,158.86,3300,False,0,0.0,5209.55,1634.42,31.37,COD,Delivered
ORD00848,2025-10-23,C0139,Consumer,West,Ahmedabad,Website,P017,Notebook Set,Stationery,6,597.76,5.0,3586.56,179.33,113.73,93.87,1560,False,0,0.0,3407.23,1639.63,48.12,UPI,Delivered
ORD00849,2025-12-09,C0149,Consumer,North,Lucknow,Marketplace,P018,Premium Pen Set,Stationery,1,832.06,15.0,832.06,124.81,209.68,14.19,400,False,0,0.0,707.25,83.38,11.79,Credit Card,Delivered
ORD00850,2024-12-23,C0203,Consumer,West,Surat,Mobile App,P007,Yoga Mat,Sports,3,1149.94,10.0,3449.82,344.98,110.73,86.18,1950,False,0,0.0,3104.84,957.93,30.85,Net Banking,Delivered
ORD00851,2025-08-15,C0047,Consumer,North,Chandigarh,Website,P015,Electric Kettle,Home & Kitchen,1,1744.81,15.0,1744.81,261.72,203.37,51.17,1050,False,0,0.0,1483.09,178.55,12.04,Credit Card,Delivered
ORD00852,2025-09-05,C0469,Consumer,South,Kochi,Mobile App,P009,Office Backpack,Accessories,2,1688.29,10.0,3376.58,337.66,148.28,101.89,2000,False,0,0.0,3038.92,788.75,25.95,COD,Delivered
ORD00853,2025-11-22,C0461,Consumer,North,Lucknow,Mobile App,P009,Office Backpack,Accessories,2,1799.25,0.0,3598.5,0.0,105.55,122.76,2000,False,0,0.0,3598.5,1370.19,38.08,UPI,Delivered
ORD00854,2024-04-26,C0458,Consumer,East,Kolkata,Website,P016,Desk Lamp,Home & Kitchen,2,1466.45,0.0,2932.9,0.0,211.75,47.21,1500,False,0,0.0,2932.9,1173.94,40.03,Credit Card,Delivered
ORD00855,2025-07-14,C0553,Consumer,South,Bengaluru,Marketplace,P018,Premium Pen Set,Stationery,4,880.18,10.0,3520.72,352.07,233.32,68.72,1600,False,0,0.0,3168.65,1266.61,39.97,Credit Card,Delivered
ORD00856,2024-05-29,C0525,Corporate,West,Mumbai,Website,P005,Mechanical Keyboard,Electronics,2,2881.37,15.0,5762.74,864.41,55.79,115.46,3300,False,0,0.0,4898.33,1427.08,29.13,Debit Card,Delivered
ORD00857,2025-12-26,C0284,Consumer,South,Bengaluru,Marketplace,P002,Smart Watch,Electronics,4,3415.35,10.0,13661.4,1366.14,131.2,357.18,7600,False,0,0.0,12295.26,4206.88,34.22,Credit Card,Delivered
ORD00858,2024-05-27,C0028,Consumer,West,Pune,Website,P011,Leather Wallet,Accessories,1,1100.62,0.0,1100.62,0.0,130.94,30.93,550,False,0,0.0,1100.62,388.75,35.32,UPI,Delivered
ORD00859,2024-10-05,C0363,Consumer,West,Ahmedabad,Website,P005,Mechanical Keyboard,Electronics,5,3017.64,10.0,15088.2,1508.82,149.58,247.56,8250,False,0,0.0,13579.38,4932.24,36.32,Credit Card,Delivered
ORD00860,2025-06-14,C0119,Home Office,East,Kolkata,Mobile App,P019,Planner,Stationery,1,762.55,15.0,762.55,114.38,137.67,14.47,320,False,0,0.0,648.17,176.03,27.16,UPI,Delivered
ORD00861,2025-10-22,C0343,Consumer,South,Kochi,Marketplace,P004,Laptop Stand,Electronics,1,1384.74,5.0,1384.74,69.24,113.6,23.99,850,False,0,0.0,1315.5,327.91,24.93,Net Banking,Delivered
ORD00862,2025-04-13,C0103,Consumer,East,Ranchi,Mobile App,P002,Smart Watch,Electronics,1,2986.15,0.0,2986.15,0.0,149.66,83.8,1900,False,0,0.0,2986.15,852.69,28.55,UPI,Delivered
ORD00863,2025-04-16,C0172,Consumer,South,Chennai,Marketplace,P019,Planner,Stationery,1,742.36,5.0,742.36,37.12,67.7,23.91,320,False,0,0.0,705.24,293.63,41.64,UPI,Delivered
ORD00864,2025-05-29,C0226,Consumer,North,Lucknow,Mobile App,P013,Coffee Maker,Home & Kitchen,1,4475.93,10.0,4475.93,447.59,96.33,83.51,2550,True,1,4028.34,0.0,-2729.84,0.0,UPI,Returned
ORD00865,2024-10-17,C0508,Corporate,West,Pune,Website,P007,Yoga Mat,Sports,4,1135.43,5.0,4541.72,227.09,205.53,141.64,2600,False,0,0.0,4314.63,1367.46,31.69,Net Banking,Delivered
ORD00866,2025-02-11,C0487,Consumer,North,Chandigarh,Website,P008,Fitness Band,Sports,1,2137.38,5.0,2137.38,106.87,200.11,32.75,1200,False,0,0.0,2030.51,597.65,29.43,Credit Card,Cancelled
ORD00867,2024-05-07,C0094,Consumer,South,Kochi,Website,P011,Leather Wallet,Accessories,1,1155.97,10.0,1155.97,115.6,126.74,20.4,550,False,0,0.0,1040.37,343.23,32.99,Debit Card,Delivered
ORD00868,2024-09-26,C0431,Consumer,West,Surat,Marketplace,P014,Air Fryer,Home & Kitchen,1,5907.5,10.0,5907.5,590.75,106.83,186.04,3500,False,0,0.0,5316.75,1523.88,28.66,UPI,Delivered
ORD00869,2025-11-04,C0573,Consumer,West,Mumbai,Mobile App,P016,Desk Lamp,Home & Kitchen,1,1448.34,10.0,1448.34,144.83,106.38,26.15,750,False,0,0.0,1303.51,420.98,32.3,COD,Delivered
ORD00870,2025-08-07,C0419,Corporate,North,Delhi,Mobile App,P015,Electric Kettle,Home & Kitchen,1,1842.13,15.0,1842.13,276.32,114.35,33.8,1050,False,0,0.0,1565.81,367.66,23.48,UPI,Delivered
ORD00871,2025-09-30,C0410,Consumer,North,Chandigarh,Mobile App,P018,Premium Pen Set,Stationery,2,910.89,10.0,1821.78,182.18,145.47,25.15,800,False,0,0.0,1639.6,668.98,40.8,Net Banking,Delivered
ORD00872,2024-11-28,C0525,Corporate,East,Bhubaneswar,Website,P007,Yoga Mat,Sports,1,1250.79,15.0,1250.79,187.62,228.02,35.27,650,False,0,0.0,1063.17,149.88,14.1,UPI,Delivered
ORD00873,2024-03-22,C0021,Consumer,East,Bhubaneswar,Mobile App,P004,Laptop Stand,Electronics,1,1449.23,0.0,1449.23,0.0,116.44,41.47,850,False,0,0.0,1449.23,441.32,30.45,Net Banking,Delivered
ORD00874,2024-12-04,C0047,Consumer,East,Patna,Website,P008,Fitness Band,Sports,1,1981.26,0.0,1981.26,0.0,100.1,62.01,1200,False,0,0.0,1981.26,619.15,31.25,Credit Card,Delivered
ORD00875,2024-12-04,C0596,Consumer,West,Mumbai,Website,P016,Desk Lamp,Home & Kitchen,1,1308.52,0.0,1308.52,0.0,167.97,35.7,750,False,0,0.0,1308.52,354.85,27.12,UPI,Delivered
ORD00876,2025-01-16,C0504,Corporate,South,Kochi,Mobile App,P020,Study Table Organizer,Stationery,1,1043.55,15.0,1043.55,156.53,220.93,19.73,450,False,0,0.0,887.02,196.36,22.14,Debit Card,Delivered
ORD00877,2025-09-30,C0119,Home Office,East,Ranchi,Website,P018,Premium Pen Set,Stationery,1,872.97,5.0,872.97,43.65,182.32,15.55,400,False,0,0.0,829.32,231.45,27.91,Credit Card,Delivered
ORD00878,2025-09-30,C0584,Consumer,South,Bengaluru,Mobile App,P011,Leather Wallet,Accessories,1,1031.28,15.0,1031.28,154.69,115.78,24.03,550,False,0,0.0,876.59,186.78,21.31,Debit Card,Delivered
ORD00879,2025-08-24,C0218,Corporate,North,Delhi,Website,P004,Laptop Stand,Electronics,2,1514.9,10.0,3029.8,302.98,127.73,69.94,1700,False,0,0.0,2726.82,829.15,30.41,Credit Card,Delivered
ORD00880,2025-01-22,C0253,Home Office,North,Jaipur,Marketplace,P011,Leather Wallet,Accessories,2,1165.63,10.0,2331.26,233.13,98.99,50.89,1100,False,0,0.0,2098.13,848.25,40.43,Debit Card,Delivered
ORD00881,2024-02-06,C0310,Consumer,South,Kochi,Mobile App,P016,Desk Lamp,Home & Kitchen,3,1308.24,10.0,3924.72,392.47,180.51,76.12,2250,False,0,0.0,3532.25,1025.62,29.04,UPI,Cancelled
ORD00882,2025-07-23,C0412,Home Office,East,Bhubaneswar,Website,P014,Air Fryer,Home & Kitchen,1,5793.93,0.0,5793.93,0.0,94.14,151.11,3500,False,0,0.0,5793.93,2048.68,35.36,Debit Card,Delivered
ORD00883,2024-11-11,C0323,Corporate,East,Patna,Website,P011,Leather Wallet,Accessories,1,1176.82,5.0,1176.82,58.84,196.65,19.77,550,False,0,0.0,1117.98,351.56,31.45,UPI,Delivered
ORD00884,2025-05-05,C0205,Consumer,North,Lucknow,Mobile App,P009,Office Backpack,Accessories,1,1761.56,5.0,1761.56,88.08,91.89,46.51,1000,False,0,0.0,1673.48,535.08,31.97,Credit Card,Delivered
ORD00885,2025-06-13,C0034,Home Office,East,Patna,Marketplace,P016,Desk Lamp,Home & Kitchen,3,1356.04,15.0,4068.12,610.22,112.54,81.93,2250,False,0,0.0,3457.9,1013.43,29.31,Net Banking,Delivered
ORD00886,2025-04-30,C0314,Home Office,East,Patna,Website,P013,Coffee Maker,Home & Kitchen,3,4010.8,5.0,12032.4,601.62,188.28,301.75,7650,True,3,11430.78,0.0,-8140.03,0.0,UPI,Returned
ORD00887,2025-12-14,C0292,Consumer,West,Surat,Website,P019,Planner,Stationery,2,700.71,5.0,1401.42,70.07,148.51,24.83,640,False,0,0.0,1331.35,518.01,38.91,COD,Cancelled
ORD00888,2024-12-23,C0386,Corporate,North,Jaipur,Mobile App,P002,Smart Watch,Electronics,3,2982.63,5.0,8947.89,447.39,187.11,243.5,5700,False,0,0.0,8500.5,2369.89,27.88,Credit Card,Delivered
ORD00889,2025-09-26,C0085,Consumer,East,Ranchi,Website,P013,Coffee Maker,Home & Kitchen,1,4363.72,0.0,4363.72,0.0,186.25,141.1,2550,False,0,0.0,4363.72,1486.37,34.06,UPI,Delivered
ORD00890,2025-06-16,C0392,Consumer,North,Lucknow,Website,P002,Smart Watch,Electronics,2,3422.61,10.0,6845.22,684.52,133.14,166.05,3800,True,1,3080.35,3080.35,-1018.84,-33.08,COD,Returned
ORD00891,2025-10-06,C0312,Consumer,West,Mumbai,Website,P003,Bluetooth Speaker,Electronics,6,2058.61,10.0,12351.66,1235.17,171.52,348.85,7800,False,0,0.0,11116.49,2796.12,25.15,UPI,Delivered
ORD00892,2025-01-02,C0106,Consumer,North,Jaipur,Website,P006,Running Shoes,Sports,2,3240.78,15.0,6481.56,972.23,173.15,122.43,4200,False,0,0.0,5509.33,1013.75,18.4,Credit Card,Delivered
ORD00893,2024-02-13,C0300,Consumer,West,Pune,Mobile App,P013,Coffee Maker,Home & Kitchen,2,4352.37,10.0,8704.74,870.47,66.16,219.94,5100,False,0,0.0,7834.27,2448.17,31.25,Debit Card,Delivered
ORD00894,2025-06-27,C0120,Consumer,West,Pune,Mobile App,P003,Bluetooth Speaker,Electronics,2,2101.76,15.0,4203.52,630.53,113.11,73.06,2600,False,0,0.0,3572.99,786.82,22.02,UPI,Delivered
ORD00895,2024-11-01,C0119,Home Office,South,Chennai,Website,P001,Wireless Headphones,Electronics,3,1727.62,0.0,5182.86,0.0,248.47,110.55,3150,False,0,0.0,5182.86,1673.84,32.3,Credit Card,Delivered
ORD00896,2025-02-27,C0523,Home Office,East,Bhubaneswar,Website,P004,Laptop Stand,Electronics,3,1521.53,0.0,4564.59,0.0,62.37,142.83,2550,False,0,0.0,4564.59,1809.39,39.64,UPI,Delivered
ORD00897,2024-08-31,C0313,Consumer,East,Bhubaneswar,Website,P001,Wireless Headphones,Electronics,1,1676.74,5.0,1676.74,83.84,56.49,34.88,1050,False,0,0.0,1592.9,451.53,28.35,UPI,Delivered
ORD00898,2025-02-19,C0012,Home Office,West,Mumbai,Marketplace,P010,Travel Bag,Accessories,3,2511.83,5.0,7535.49,376.77,92.93,219.76,4350,False,0,0.0,7158.72,2496.03,34.87,UPI,Delivered
ORD00899,2024-01-14,C0283,Consumer,West,Mumbai,Website,P011,Leather Wallet,Accessories,1,1066.61,5.0,1066.61,53.33,112.31,31.15,550,False,0,0.0,1013.28,319.82,31.56,UPI,Delivered
ORD00900,2025-08-23,C0300,Consumer,West,Mumbai,Mobile App,P007,Yoga Mat,Sports,4,1206.29,0.0,4825.16,0.0,246.33,73.57,2600,False,0,0.0,4825.16,1905.26,39.49,UPI,Delivered
ORD00901,2024-01-24,C0201,Corporate,South,Chennai,Mobile App,P009,Office Backpack,Accessories,3,1657.42,10.0,4972.26,497.23,49.79,137.85,3000,False,0,0.0,4475.03,1287.39,28.77,UPI,Delivered
ORD00902,2025-02-11,C0210,Consumer,North,Jaipur,Mobile App,P020,Study Table Organizer,Stationery,2,996.67,10.0,1993.34,199.33,100.23,35.89,900,True,2,1794.01,0.0,-1036.12,0.0,UPI,Returned
ORD00903,2025-03-07,C0472,Home Office,West,Surat,Mobile App,P009,Office Backpack,Accessories,4,1801.42,15.0,7205.68,1080.85,160.61,119.04,4000,False,0,0.0,6124.83,1845.18,30.13,COD,Delivered
ORD00904,2025-04-15,C0309,Corporate,West,Mumbai,Mobile App,P007,Yoga Mat,Sports,2,1285.55,0.0,2571.1,0.0,72.59,59.13,1300,False,0,0.0,2571.1,1139.38,44.31,UPI,Cancelled
ORD00905,2024-09-07,C0064,Consumer,South,Kochi,Mobile App,P016,Desk Lamp,Home & Kitchen,1,1495.35,10.0,1495.35,149.54,112.16,23.27,750,True,1,1345.82,-0.01,-885.44,8854400.0,UPI,Returned
ORD00906,2025-07-18,C0147,Consumer,West,Pune,Mobile App,P004,Laptop Stand,Electronics,1,1618.6,15.0,1618.6,242.79,79.91,25.81,850,False,0,0.0,1375.81,420.09,30.53,UPI,Delivered
ORD00907,2024-01-26,C0364,Consumer,South,Bengaluru,Mobile App,P008,Fitness Band,Sports,1,2251.8,5.0,2251.8,112.59,224.81,35.55,1200,False,0,0.0,2139.21,678.85,31.73,COD,Delivered
ORD00908,2025-07-06,C0533,Home Office,West,Surat,Mobile App,P019,Planner,Stationery,2,779.22,15.0,1558.44,233.77,166.48,43.76,640,False,0,0.0,1324.67,474.43,35.81,Credit Card,Delivered
ORD00909,2025-10-16,C0167,Consumer,North,Lucknow,Website,P008,Fitness Band,Sports,3,2123.83,15.0,6371.49,955.72,142.02,150.52,3600,True,2,3610.51,1805.26,-2087.28,-115.62,UPI,Returned
ORD00910,2024-02-21,C0290,Consumer,West,Ahmedabad,Marketplace,P009,Office Backpack,Accessories,1,1816.5,0.0,1816.5,0.0,226.82,45.05,1000,False,0,0.0,1816.5,544.63,29.98,UPI,Delivered
ORD00911,2025-10-21,C0129,Consumer,South,Kochi,Marketplace,P010,Travel Bag,Accessories,2,2575.0,15.0,5150.0,772.5,202.72,122.48,2900,False,0,0.0,4377.5,1152.3,26.32,Credit Card,Delivered
ORD00912,2024-07-01,C0508,Corporate,North,Lucknow,Website,P014,Air Fryer,Home & Kitchen,1,5872.3,0.0,5872.3,0.0,121.98,142.12,3500,False,0,0.0,5872.3,2108.2,35.9,Net Banking,Delivered
ORD00913,2025-07-21,C0211,Consumer,West,Mumbai,Marketplace,P007,Yoga Mat,Sports,2,1154.74,15.0,2309.48,346.42,204.7,40.21,1300,False,0,0.0,1963.06,418.15,21.3,Credit Card,Delivered
ORD00914,2025-09-07,C0142,Consumer,North,Delhi,Marketplace,P009,Office Backpack,Accessories,2,1859.3,20.0,3718.6,743.72,138.67,88.52,2000,True,2,2974.88,0.0,-2227.19,0.0,Debit Card,Returned
ORD00915,2025-03-30,C0009,Consumer,West,Pune,Website,P009,Office Backpack,Accessories,3,1936.69,10.0,5810.07,581.01,161.21,132.64,3000,False,0,0.0,5229.06,1935.21,37.01,Net Banking,Delivered
ORD00916,2025-01-28,C0211,Consumer,West,Surat,Website,P013,Coffee Maker,Home & Kitchen,4,3911.23,5.0,15644.92,782.25,137.22,503.72,10200,False,0,0.0,14862.67,4021.73,27.06,Net Banking,Cancelled
ORD00917,2024-05-29,C0193,Home Office,North,Jaipur,Marketplace,P002,Smart Watch,Electronics,1,2970.56,10.0,2970.56,297.06,249.77,56.13,1900,False,0,0.0,2673.5,467.6,17.49,UPI,Delivered
ORD00918,2024-02-05,C0028,Consumer,South,Kochi,Mobile App,P012,Sunglasses,Accessories,1,1621.99,10.0,1621.99,162.2,229.07,35.71,850,False,0,0.0,1459.79,345.01,23.63,COD,Delivered
ORD00919,2024-08-15,C0016,Consumer,South,Kochi,Mobile App,P019,Planner,Stationery,5,742.49,5.0,3712.45,185.62,166.38,84.67,1600,False,0,0.0,3526.83,1675.78,47.52,UPI,Delivered
ORD00920,2024-08-09,C0182,Consumer,West,Surat,Website,P008,Fitness Band,Sports,2,2199.7,5.0,4399.4,219.97,126.3,89.25,2400,False,0,0.0,4179.43,1563.88,37.42,COD,Delivered
ORD00921,2024-01-12,C0122,Home Office,South,Hyderabad,Marketplace,P007,Yoga Mat,Sports,2,1168.78,15.0,2337.56,350.63,111.4,32.38,1300,False,0,0.0,1986.93,543.15,27.34,Credit Card,Delivered
ORD00922,2024-06-13,C0344,Consumer,West,Mumbai,Website,P010,Travel Bag,Accessories,1,2698.1,0.0,2698.1,0.0,88.43,88.56,1450,False,0,0.0,2698.1,1071.11,39.7,Net Banking,Delivered
ORD00923,2025-05-08,C0492,Corporate,West,Ahmedabad,Mobile App,P004,Laptop Stand,Electronics,1,1438.19,0.0,1438.19,0.0,135.12,22.2,850,False,0,0.0,1438.19,430.87,29.96,COD,Delivered
ORD00924,2024-07-03,C0215,Corporate,West,Mumbai,Marketplace,P002,Smart Watch,Electronics,1,3305.99,10.0,3305.99,330.6,231.09,92.24,1900,False,0,0.0,2975.39,752.06,25.28,COD,Delivered
ORD00925,2024-08-12,C0143,Consumer,East,Kolkata,Mobile App,P018,Premium Pen Set,Stationery,1,931.46,0.0,931.46,0.0,154.42,32.11,400,False,0,0.0,931.46,344.93,37.03,Credit Card,Delivered
ORD00926,2025-06-17,C0233,Consumer,East,Bhubaneswar,Website,P004,Laptop Stand,Electronics,5,1550.92,15.0,7754.6,1163.19,129.97,118.68,4250,False,0,0.0,6591.41,2092.76,31.75,UPI,Delivered
ORD00927,2025-12-17,C0499,Home Office,West,Ahmedabad,Website,P012,Sunglasses,Accessories,3,1576.35,5.0,4729.05,236.45,98.32,94.61,2550,False,0,0.0,4492.6,1749.67,38.95,UPI,Delivered
ORD00928,2024-01-05,C0286,Consumer,East,Bhubaneswar,Marketplace,P001,Wireless Headphones,Electronics,1,1723.84,15.0,1723.84,258.58,220.47,33.32,1050,False,0,0.0,1465.26,161.47,11.02,UPI,Delivered
ORD00929,2025-04-06,C0030,Consumer,South,Hyderabad,Mobile App,P015,Electric Kettle,Home & Kitchen,1,1809.57,5.0,1809.57,90.48,125.83,50.54,1050,False,0,0.0,1719.09,492.72,28.66,Net Banking,Delivered
ORD00930,2024-09-17,C0195,Consumer,South,Hyderabad,Marketplace,P001,Wireless Headphones,Electronics,1,1873.3,20.0,1873.3,374.66,112.0,31.48,1050,False,0,0.0,1498.64,305.16,20.36,Net Banking,Delivered
ORD00931,2024-10-03,C0255,Consumer,East,Kolkata,Mobile App,P002,Smart Watch,Electronics,1,3404.87,10.0,3404.87,340.49,214.0,65.7,1900,False,0,0.0,3064.38,884.68,28.87,UPI,Delivered
ORD00932,2025-07-18,C0006,Consumer,West,Pune,Website,P005,Mechanical Keyboard,Electronics,1,2931.58,5.0,2931.58,146.58,215.67,62.52,1650,False,0,0.0,2785.0,856.81,30.77,Debit Card,Delivered
ORD00933,2025-04-13,C0095,Corporate,West,Surat,Mobile App,P017,Notebook Set,Stationery,2,593.36,5.0,1186.72,59.34,83.98,25.66,520,False,0,0.0,1127.38,497.74,44.15,Debit Card,Delivered
ORD00934,2024-02-16,C0077,Corporate,South,Hyderabad,Website,P016,Desk Lamp,Home & Kitchen,2,1399.75,0.0,2799.5,0.0,90.41,88.58,1500,False,0,0.0,2799.5,1120.51,40.03,Credit Card,Delivered
ORD00935,2024-07-12,C0466,Consumer,East,Patna,Website,P012,Sunglasses,Accessories,2,1666.36,10.0,3332.72,333.27,186.47,99.43,1700,False,0,0.0,2999.45,1013.55,33.79,Debit Card,Delivered
ORD00936,2025-05-11,C0566,Consumer,North,Lucknow,Mobile App,P003,Bluetooth Speaker,Electronics,2,2207.84,15.0,4415.68,662.35,233.31,118.17,2600,True,2,3753.33,0.0,-2951.48,0.0,COD,Returned
ORD00937,2024-07-13,C0036,Corporate,East,Ranchi,Website,P015,Electric Kettle,Home & Kitchen,1,1779.4,0.0,1779.4,0.0,173.51,51.09,1050,False,0,0.0,1779.4,504.8,28.37,UPI,Delivered
ORD00938,2025-01-26,C0119,Home Office,East,Patna,Mobile App,P006,Running Shoes,Sports,1,3455.1,10.0,3455.1,345.51,186.87,66.89,2100,False,0,0.0,3109.59,755.83,24.31,UPI,Delivered
ORD00939,2025-09-27,C0009,Consumer,West,Ahmedabad,Website,P016,Desk Lamp,Home & Kitchen,2,1306.89,5.0,2613.78,130.69,249.96,77.08,1500,False,0,0.0,2483.09,656.05,26.42,Debit Card,Delivered
ORD00940,2024-08-14,C0501,Corporate,West,Pune,Marketplace,P014,Air Fryer,Home & Kitchen,2,6210.87,20.0,12421.74,2484.35,58.67,243.97,7000,True,1,4968.7,4968.69,-2333.95,-46.97,Credit Card,Returned
ORD00941,2025-05-04,C0258,Corporate,West,Surat,Mobile App,P002,Smart Watch,Electronics,3,3337.78,10.0,10013.34,1001.33,234.96,182.72,5700,False,0,0.0,9012.01,2894.33,32.12,Credit Card,Delivered
ORD00942,2024-03-07,C0176,Consumer,South,Hyderabad,Website,P005,Mechanical Keyboard,Electronics,1,2848.69,5.0,2848.69,142.43,171.22,72.9,1650,False,0,0.0,2706.26,812.14,30.01,Debit Card,Delivered
ORD00943,2025-01-17,C0466,Consumer,East,Ranchi,Marketplace,P016,Desk Lamp,Home & Kitchen,2,1377.6,0.0,2755.2,0.0,67.1,47.18,1500,False,0,0.0,2755.2,1140.92,41.41,UPI,Delivered
ORD00944,2025-09-20,C0026,Corporate,South,Bengaluru,Website,P019,Planner,Stationery,1,777.08,10.0,777.08,77.71,209.8,23.91,320,False,0,0.0,699.37,145.66,20.83,UPI,Delivered
ORD00945,2024-08-29,C0487,Consumer,North,Chandigarh,Marketplace,P013,Coffee Maker,Home & Kitchen,2,3971.47,15.0,7942.94,1191.44,145.76,120.84,5100,False,0,0.0,6751.5,1384.9,20.51,Debit Card,Delivered
ORD00946,2025-08-02,C0076,Corporate,East,Patna,Website,P001,Wireless Headphones,Electronics,2,1904.0,0.0,3808.0,0.0,180.45,109.22,2100,False,0,0.0,3808.0,1418.33,37.25,UPI,Delivered
ORD00947,2025-08-07,C0500,Home Office,West,Pune,Mobile App,P017,Notebook Set,Stationery,1,641.09,15.0,641.09,96.16,125.04,11.11,260,False,0,0.0,544.93,148.78,27.3,Credit Card,Delivered
ORD00948,2024-02-04,C0347,Corporate,West,Pune,Website,P016,Desk Lamp,Home & Kitchen,1,1321.2,10.0,1321.2,132.12,136.35,21.72,750,False,0,0.0,1189.08,281.01,23.63,UPI,Delivered
ORD00949,2025-12-04,C0156,Consumer,South,Hyderabad,Mobile App,P011,Leather Wallet,Accessories,6,1153.2,10.0,6919.2,691.92,223.63,93.55,3300,False,0,0.0,6227.28,2610.1,41.91,UPI,Delivered
ORD00950,2024-06-09,C0516,Consumer,South,Kochi,Website,P008,Fitness Band,Sports,5,1948.19,0.0,9740.95,0.0,49.32,206.44,6000,False,0,0.0,9740.95,3485.19,35.78,COD,Delivered
ORD00951,2024-12-20,C0214,Consumer,East,Ranchi,Website,P010,Travel Bag,Accessories,1,2631.84,0.0,2631.84,0.0,207.82,47.77,1450,False,0,0.0,2631.84,926.25,35.19,COD,Delivered
ORD00952,2025-08-08,C0446,Home Office,North,Lucknow,Mobile App,P016,Desk Lamp,Home & Kitchen,4,1447.9,10.0,5791.6,579.16,161.47,102.17,3000,True,3,3909.33,1303.11,-1960.53,-150.45,UPI,Returned
ORD00953,2025-09-21,C0137,Consumer,South,Chennai,Mobile App,P002,Smart Watch,Electronics,1,3168.89,15.0,3168.89,475.33,209.2,44.26,1900,False,0,0.0,2693.56,540.1,20.05,Net Banking,Delivered
ORD00954,2024-01-26,C0007,Consumer,East,Ranchi,Marketplace,P018,Premium Pen Set,Stationery,3,878.14,5.0,2634.42,131.72,135.44,46.81,1200,False,0,0.0,2502.7,1120.45,44.77,UPI,Delivered
ORD00955,2025-03-03,C0433,Consumer,West,Ahmedabad,Marketplace,P003,Bluetooth Speaker,Electronics,1,2178.7,5.0,2178.7,108.94,102.57,64.08,1300,False,0,0.0,2069.76,603.11,29.14,UPI,Delivered
ORD00956,2025-05-07,C0289,Consumer,West,Surat,Mobile App,P013,Coffee Maker,Home & Kitchen,1,4244.85,10.0,4244.85,424.48,119.52,122.98,2550,False,0,0.0,3820.37,1027.87,26.9,UPI,Delivered
ORD00957,2024-02-01,C0043,Consumer,North,Lucknow,Marketplace,P003,Bluetooth Speaker,Electronics,1,2294.2,20.0,2294.2,458.84,173.58,52.95,1300,False,0,0.0,1835.36,308.83,16.83,Net Banking,Delivered
ORD00958,2025-01-29,C0484,Corporate,South,Kochi,Website,P013,Coffee Maker,Home & Kitchen,1,4370.24,5.0,4370.24,218.51,45.16,114.47,2550,False,0,0.0,4151.73,1442.1,34.73,UPI,Delivered
ORD00959,2025-08-23,C0059,Consumer,West,Surat,Website,P015,Electric Kettle,Home & Kitchen,1,1891.42,10.0,1891.42,189.14,101.6,52.61,1050,False,0,0.0,1702.28,498.07,29.26,Debit Card,Delivered
ORD00960,2025-01-06,C0232,Consumer,West,Surat,Website,P020,Study Table Organizer,Stationery,3,1062.31,0.0,3186.93,0.0,125.63,73.98,1350,False,0,0.0,3186.93,1637.32,51.38,UPI,Delivered
ORD00961,2024-03-30,C0019,Consumer,North,Jaipur,Mobile App,P001,Wireless Headphones,Electronics,1,1778.11,10.0,1778.11,177.81,203.3,41.16,1050,False,0,0.0,1600.3,305.84,19.11,Debit Card,Delivered
ORD00962,2025-08-11,C0219,Corporate,North,Delhi,Marketplace,P013,Coffee Maker,Home & Kitchen,1,3967.76,10.0,3967.76,396.78,79.72,120.51,2550,True,1,3570.98,0.0,-2750.23,0.0,Credit Card,Returned
ORD00963,2024-07-15,C0419,Corporate,West,Pune,Website,P012,Sunglasses,Accessories,1,1517.53,5.0,1517.53,75.88,158.36,26.7,850,False,0,0.0,1441.65,406.59,28.2,Credit Card,Delivered
ORD00964,2024-04-27,C0450,Consumer,North,Chandigarh,Marketplace,P009,Office Backpack,Accessories,1,1898.6,20.0,1898.6,379.72,182.67,52.64,1000,False,0,0.0,1518.88,283.57,18.67,UPI,Delivered
ORD00965,2024-03-29,C0038,Consumer,East,Kolkata,Mobile App,P004,Laptop Stand,Electronics,1,1609.55,15.0,1609.55,241.43,224.96,41.53,850,False,0,0.0,1368.12,251.63,18.39,Credit Card,Delivered
ORD00966,2025-03-15,C0504,Corporate,South,Hyderabad,Mobile App,P009,Office Backpack,Accessories,1,1924.41,10.0,1924.41,192.44,218.72,59.21,1000,False,0,0.0,1731.97,454.04,26.22,Credit Card,Delivered
ORD00967,2025-04-10,C0454,Home Office,West,Mumbai,Marketplace,P008,Fitness Band,Sports,5,2147.67,10.0,10738.35,1073.84,103.83,218.71,6000,False,0,0.0,9664.51,3341.97,34.58,Debit Card,Delivered
ORD00968,2024-06-09,C0427,Consumer,West,Mumbai,Website,P019,Planner,Stationery,3,715.56,10.0,2146.68,214.67,224.01,61.61,960,False,0,0.0,1932.01,686.39,35.53,Net Banking,Delivered
ORD00969,2024-10-19,C0182,Consumer,North,Jaipur,Mobile App,P017,Notebook Set,Stationery,4,616.3,10.0,2465.2,246.52,236.27,70.18,1040,False,0,0.0,2218.68,872.23,39.31,Debit Card,Delivered
ORD00970,2024-01-11,C0497,Consumer,South,Bengaluru,Marketplace,P013,Coffee Maker,Home & Kitchen,1,4364.03,10.0,4364.03,436.4,136.94,113.6,2550,False,0,0.0,3927.63,1127.09,28.7,Net Banking,Delivered
ORD00971,2024-05-15,C0525,Corporate,West,Pune,Website,P003,Bluetooth Speaker,Electronics,3,2150.47,10.0,6451.41,645.14,226.94,198.2,3900,True,2,3870.85,1935.42,-2389.72,-123.47,UPI,Returned
ORD00972,2025-02-18,C0036,Corporate,North,Delhi,Website,P007,Yoga Mat,Sports,2,1202.79,0.0,2405.58,0.0,69.17,45.78,1300,False,0,0.0,2405.58,990.63,41.18,UPI,Delivered
ORD00973,2024-07-10,C0487,Consumer,West,Surat,Mobile App,P014,Air Fryer,Home & Kitchen,1,5411.93,15.0,5411.93,811.79,201.52,160.65,3500,False,0,0.0,4600.14,737.97,16.04,Credit Card,Delivered
ORD00974,2024-04-12,C0223,Consumer,West,Mumbai,Mobile App,P016,Desk Lamp,Home & Kitchen,2,1290.68,10.0,2581.36,258.14,138.54,73.37,1500,False,0,0.0,2323.22,611.31,26.31,Debit Card,Delivered
ORD00975,2024-08-18,C0359,Home Office,East,Ranchi,Website,P002,Smart Watch,Electronics,1,3195.36,10.0,3195.36,319.54,244.71,78.02,1900,False,0,0.0,2875.82,653.09,22.71,UPI,Delivered
ORD00976,2024-06-07,C0491,Consumer,North,Jaipur,Mobile App,P017,Notebook Set,Stationery,3,633.76,10.0,1901.28,190.13,140.95,34.53,780,False,0,0.0,1711.15,755.67,44.16,Credit Card,Delivered
ORD00977,2025-09-15,C0437,Consumer,South,Hyderabad,Marketplace,P001,Wireless Headphones,Electronics,4,1815.22,15.0,7260.88,1089.13,230.07,164.54,4200,False,0,0.0,6171.75,1577.14,25.55,Debit Card,Delivered
ORD00978,2024-02-01,C0089,Home Office,West,Pune,Mobile App,P004,Laptop Stand,Electronics,1,1386.92,10.0,1386.92,138.69,100.53,27.07,850,False,0,0.0,1248.23,270.63,21.68,UPI,Delivered
ORD00979,2025-09-10,C0135,Home Office,West,Ahmedabad,Marketplace,P005,Mechanical Keyboard,Electronics,1,2787.45,20.0,2787.45,557.49,58.15,75.32,1650,False,0,0.0,2229.96,446.49,20.02,Credit Card,Delivered
ORD00980,2025-04-05,C0224,Consumer,West,Pune,Website,P019,Planner,Stationery,2,807.15,10.0,1614.3,161.43,158.31,43.75,640,False,0,0.0,1452.87,610.81,42.04,Credit Card,Delivered
ORD00981,2025-08-01,C0559,Corporate,North,Chandigarh,Website,P001,Wireless Headphones,Electronics,1,1930.0,5.0,1930.0,96.5,232.25,27.86,1050,False,0,0.0,1833.5,523.39,28.55,Credit Card,Delivered
ORD00982,2024-03-29,C0359,Home Office,West,Surat,Website,P018,Premium Pen Set,Stationery,1,925.15,5.0,925.15,46.26,175.65,17.48,400,False,0,0.0,878.89,285.76,32.51,UPI,Delivered
ORD00983,2024-07-05,C0464,Consumer,South,Kochi,Website,P007,Yoga Mat,Sports,1,1243.37,5.0,1243.37,62.17,182.01,24.02,650,False,0,0.0,1181.2,325.17,27.53,COD,Delivered
ORD00984,2024-01-05,C0459,Consumer,South,Bengaluru,Website,P020,Study Table Organizer,Stationery,2,1036.06,15.0,2072.12,310.82,203.08,60.55,900,False,0,0.0,1761.3,597.67,33.93,UPI,Delivered
ORD00985,2024-05-02,C0057,Consumer,North,Delhi,Website,P008,Fitness Band,Sports,6,2049.42,15.0,12296.52,1844.48,82.14,308.47,7200,False,0,0.0,10452.04,2861.43,27.38,UPI,Delivered
ORD00986,2024-02-07,C0046,Corporate,West,Surat,Mobile App,P019,Planner,Stationery,1,721.32,5.0,721.32,36.07,238.16,17.14,320,False,0,0.0,685.25,109.95,16.05,Debit Card,Delivered
ORD00987,2025-08-12,C0380,Consumer,West,Pune,Marketplace,P015,Electric Kettle,Home & Kitchen,2,1923.25,15.0,3846.5,576.98,50.36,88.18,2100,False,0,0.0,3269.52,1030.98,31.53,UPI,Delivered
ORD00988,2024-12-31,C0534,Consumer,South,Bengaluru,Mobile App,P009,Office Backpack,Accessories,5,1846.6,10.0,9233.0,923.3,94.11,171.6,5000,False,0,0.0,8309.7,3043.99,36.63,Debit Card,Delivered
ORD00989,2024-03-30,C0388,Consumer,West,Pune,Website,P002,Smart Watch,Electronics,1,3094.9,5.0,3094.9,154.74,101.74,53.4,1900,False,0,0.0,2940.16,885.02,30.1,Debit Card,Delivered
ORD00990,2024-09-23,C0563,Consumer,South,Hyderabad,Website,P017,Notebook Set,Stationery,1,598.69,10.0,598.69,59.87,189.76,14.63,260,False,0,0.0,538.82,74.43,13.81,Credit Card,Delivered
ORD00991,2024-12-28,C0496,Consumer,West,Ahmedabad,Mobile App,P002,Smart Watch,Electronics,1,3211.98,5.0,3211.98,160.6,198.94,94.44,1900,False,0,0.0,3051.38,858.0,28.12,Credit Card,Delivered
ORD00992,2025-01-19,C0159,Consumer,West,Surat,Mobile App,P016,Desk Lamp,Home & Kitchen,1,1511.15,10.0,1511.15,151.12,199.18,36.3,750,False,0,0.0,1360.03,374.55,27.54,Credit Card,Cancelled
ORD00993,2024-09-06,C0022,Consumer,South,Chennai,Marketplace,P005,Mechanical Keyboard,Electronics,1,2846.22,10.0,2846.22,284.62,234.8,67.44,1650,False,0,0.0,2561.6,609.36,23.79,COD,Delivered
ORD00994,2025-07-26,C0038,Consumer,South,Kochi,Website,P020,Study Table Organizer,Stationery,1,960.95,5.0,960.95,48.05,139.02,19.84,450,False,0,0.0,912.9,304.04,33.3,UPI,Cancelled
ORD00995,2024-08-08,C0560,Corporate,North,Lucknow,Marketplace,P018,Premium Pen Set,Stationery,1,853.69,10.0,853.69,85.37,199.59,24.4,400,False,0,0.0,768.32,144.33,18.79,Credit Card,Delivered
ORD00996,2024-12-18,C0541,Home Office,North,Delhi,Website,P006,Running Shoes,Sports,1,3509.21,5.0,3509.21,175.46,185.44,80.16,2100,False,0,0.0,3333.75,968.15,29.04,Net Banking,Delivered
ORD00997,2025-12-17,C0500,Home Office,South,Kochi,Website,P018,Premium Pen Set,Stationery,3,960.58,0.0,2881.74,0.0,85.94,80.34,1200,False,0,0.0,2881.74,1515.46,52.59,Credit Card,Delivered
ORD00998,2025-08-16,C0126,Consumer,North,Delhi,Website,P017,Notebook Set,Stationery,2,617.31,5.0,1234.62,61.73,149.09,32.5,520,False,0,0.0,1172.89,471.3,40.18,Debit Card,Delivered
ORD00999,2024-04-02,C0031,Consumer,West,Mumbai,Marketplace,P004,Laptop Stand,Electronics,1,1525.06,15.0,1525.06,228.76,207.79,45.08,850,False,0,0.0,1296.3,193.43,14.92,Net Banking,Delivered
ORD01000,2025-12-05,C0025,Consumer,East,Bhubaneswar,Mobile App,P011,Leather Wallet,Accessories,4,1125.2,0.0,4500.8,0.0,106.24,75.68,2200,False,0,0.0,4500.8,2118.88,47.08,COD,Delivered
ORD01001,2024-08-03,C0403,Consumer,South,Kochi,Mobile App,P005,Mechanical Keyboard,Electronics,1,2908.91,0.0,2908.91,0.0,242.7,68.39,1650,False,0,0.0,2908.91,947.82,32.58,UPI,Delivered
ORD01002,2025-07-11,C0495,Consumer,West,Pune,Mobile App,P014,Air Fryer,Home & Kitchen,1,5774.26,5.0,5774.26,288.71,147.68,115.93,3500,False,0,0.0,5485.55,1721.94,31.39,Credit Card,Delivered
ORD01003,2024-07-07,C0595,Home Office,South,Hyderabad,Marketplace,P008,Fitness Band,Sports,6,2031.75,15.0,12190.5,1828.58,76.42,254.08,7200,False,0,0.0,10361.92,2831.42,27.33,Credit Card,Delivered
ORD01004,2025-01-29,C0357,Consumer,South,Hyderabad,Website,P001,Wireless Headphones,Electronics,3,1763.5,5.0,5290.5,264.52,242.6,126.01,3150,False,0,0.0,5025.98,1507.37,29.99,UPI,Delivered
ORD01005,2024-07-01,C0287,Consumer,South,Hyderabad,Website,P004,Laptop Stand,Electronics,4,1396.46,10.0,5585.84,558.58,206.05,150.3,3400,False,0,0.0,5027.26,1270.91,25.28,Net Banking,Delivered
ORD01006,2024-04-10,C0176,Consumer,West,Mumbai,Website,P009,Office Backpack,Accessories,3,1833.76,0.0,5501.28,0.0,228.47,91.26,3000,False,0,0.0,5501.28,2181.55,39.66,Credit Card,Delivered
ORD01007,2025-04-13,C0473,Consumer,West,Pune,Website,P005,Mechanical Keyboard,Electronics,3,2752.12,5.0,8256.36,412.82,191.21,226.2,4950,False,0,0.0,7843.54,2476.13,31.57,Credit Card,Delivered
ORD01008,2024-02-21,C0548,Corporate,South,Hyderabad,Website,P017,Notebook Set,Stationery,4,571.77,5.0,2287.08,114.35,116.89,61.38,1040,False,0,0.0,2172.73,954.46,43.93,UPI,Delivered
ORD01009,2025-07-20,C0271,Corporate,West,Surat,Website,P017,Notebook Set,Stationery,3,578.11,5.0,1734.33,86.72,189.03,29.58,780,False,0,0.0,1647.61,649.0,39.39,Credit Card,Delivered
ORD01010,2025-04-21,C0441,Consumer,West,Pune,Website,P007,Yoga Mat,Sports,1,1276.48,5.0,1276.48,63.82,157.68,38.87,650,False,0,0.0,1212.66,366.11,30.19,COD,Delivered
ORD01011,2024-02-13,C0320,Consumer,South,Kochi,Website,P016,Desk Lamp,Home & Kitchen,2,1493.45,15.0,2986.9,448.04,54.02,58.11,1500,False,0,0.0,2538.86,926.73,36.5,Credit Card,Delivered
ORD01012,2024-06-22,C0196,Consumer,East,Ranchi,Website,P001,Wireless Headphones,Electronics,1,1675.69,10.0,1675.69,167.57,102.16,32.06,1050,False,0,0.0,1508.12,323.9,21.48,Credit Card,Cancelled
ORD01013,2024-05-30,C0180,Consumer,North,Chandigarh,Mobile App,P002,Smart Watch,Electronics,3,3093.75,5.0,9281.25,464.06,78.41,273.66,5700,False,0,0.0,8817.19,2765.12,31.36,Debit Card,Delivered
ORD01014,2025-08-19,C0048,Consumer,West,Mumbai,Mobile App,P013,Coffee Maker,Home & Kitchen,1,4116.51,10.0,4116.51,411.65,192.81,91.29,2550,False,0,0.0,3704.86,870.76,23.5,Debit Card,Delivered
ORD01016,2025-01-14,C0421,Corporate,North,Lucknow,Marketplace,P009,Office Backpack,Accessories,5,1933.62,15.0,9668.1,1450.22,102.21,163.57,5000,False,0,0.0,8217.88,2952.1,35.92,UPI,Delivered
ORD01017,2024-06-20,C0292,Consumer,North,Delhi,Mobile App,P014,Air Fryer,Home & Kitchen,2,5470.56,10.0,10941.12,1094.11,88.2,248.6,7000,False,0,0.0,9847.01,2510.21,25.49,Credit Card,Delivered
ORD01018,2024-01-23,C0106,Consumer,North,Chandigarh,Mobile App,P017,Notebook Set,Stationery,2,626.81,5.0,1253.62,62.68,61.85,23.88,520,False,0,0.0,1190.94,585.21,49.14,COD,Delivered
ORD01019,2025-06-13,C0096,Consumer,East,Bhubaneswar,Website,P014,Air Fryer,Home & Kitchen,2,5763.38,5.0,11526.76,576.34,239.48,352.07,7000,False,0,0.0,10950.42,3358.87,30.67,COD,Delivered
ORD01020,2025-01-06,C0561,Corporate,South,Hyderabad,Website,P014,Air Fryer,Home & Kitchen,1,6087.55,5.0,6087.55,304.38,203.81,147.52,3500,False,0,0.0,5783.17,1931.84,33.4,Credit Card,Delivered
ORD01021,2025-03-04,C0539,Consumer,East,Patna,Mobile App,P009,Office Backpack,Accessories,1,1922.88,10.0,1922.88,192.29,55.68,27.95,1000,False,0,0.0,1730.59,646.96,37.38,Credit Card,Delivered
ORD01022,2025-03-14,C0077,Corporate,South,Kochi,Website,P002,Smart Watch,Electronics,1,2975.91,5.0,2975.91,148.8,148.13,54.68,1900,False,0,0.0,2827.11,724.3,25.62,Credit Card,Delivered
ORD01023,2024-01-31,C0207,Consumer,West,Mumbai,Website,P020,Study Table Organizer,Stationery,1,1067.87,0.0,1067.87,0.0,232.16,28.45,450,False,0,0.0,1067.87,357.26,33.46,UPI,Delivered
ORD01024,2024-06-02,C0423,Consumer,South,Chennai,Marketplace,P015,Electric Kettle,Home & Kitchen,2,1902.11,15.0,3804.22,570.63,233.48,64.6,2100,False,0,0.0,3233.59,835.51,25.84,Credit Card,Delivered
ORD01025,2025-05-23,C0204,Home Office,West,Ahmedabad,Mobile App,P013,Coffee Maker,Home & Kitchen,2,3979.47,10.0,7958.94,795.89,178.93,124.25,5100,False,0,0.0,7163.05,1759.87,24.57,UPI,Delivered
ORD01026,2024-05-14,C0238,Consumer,North,Lucknow,Marketplace,P001,Wireless Headphones,Electronics,1,1747.81,10.0,1747.81,174.78,49.09,31.55,1050,True,1,1573.03,0.0,-1130.64,0.0,UPI,Returned
ORD01027,2025-06-08,C0174,Consumer,East,Patna,Marketplace,P012,Sunglasses,Accessories,1,1679.57,0.0,1679.57,0.0,111.87,29.16,850,False,0,0.0,1679.57,688.54,41.0,Credit Card,Delivered
ORD01028,2024-05-19,C0256,Consumer,South,Chennai,Website,P018,Premium Pen Set,Stationery,2,839.79,5.0,1679.58,83.98,132.08,51.38,800,True,2,1595.6,0.0,-983.46,0.0,UPI,Returned
ORD01029,2024-11-26,C0068,Corporate,South,Chennai,Marketplace,P018,Premium Pen Set,Stationery,3,924.99,5.0,2774.97,138.75,135.03,56.37,1200,False,0,0.0,2636.22,1244.82,47.22,Net Banking,Delivered
ORD01030,2024-09-25,C0215,Corporate,West,Mumbai,Marketplace,P008,Fitness Band,Sports,3,2089.22,15.0,6267.66,940.15,214.58,133.59,3600,False,0,0.0,5327.51,1379.34,25.89,Credit Card,Delivered
ORD01031,2024-05-07,C0217,Consumer,North,Lucknow,Marketplace,P009,Office Backpack,Accessories,3,1751.22,15.0,5253.66,788.05,88.88,95.09,3000,False,0,0.0,4465.61,1281.64,28.7,UPI,Delivered
ORD01032,2025-10-27,C0100,Consumer,West,Pune,Mobile App,P017,Notebook Set,Stationery,1,570.67,10.0,570.67,57.07,45.29,8.38,260,False,0,0.0,513.6,199.93,38.93,Credit Card,Delivered
ORD01033,2024-01-08,C0159,Consumer,North,Lucknow,Mobile App,P008,Fitness Band,Sports,1,1967.32,10.0,1967.32,196.73,129.44,54.93,1200,False,0,0.0,1770.59,386.22,21.81,UPI,Delivered
ORD01034,2024-03-12,C0296,Consumer,South,Hyderabad,Website,P002,Smart Watch,Electronics,2,3211.04,10.0,6422.08,642.21,230.68,97.3,3800,False,0,0.0,5779.87,1651.89,28.58,Debit Card,Cancelled
ORD01035,2025-06-13,C0395,Consumer,South,Chennai,Marketplace,P008,Fitness Band,Sports,5,2083.82,5.0,10419.1,520.96,198.49,213.87,6000,False,0,0.0,9898.14,3485.78,35.22,UPI,Delivered
ORD01036,2025-06-07,C0463,Corporate,West,Pune,Mobile App,P009,Office Backpack,Accessories,1,1702.82,5.0,1702.82,85.14,238.58,51.61,1000,False,0,0.0,1617.68,327.49,20.24,Credit Card,Delivered
ORD01037,2024-11-04,C0160,Corporate,East,Kolkata,Website,P003,Bluetooth Speaker,Electronics,2,2143.61,0.0,4287.22,0.0,164.7,88.61,2600,False,0,0.0,4287.22,1433.91,33.45,UPI,Delivered
ORD01038,2024-09-14,C0558,Consumer,East,Kolkata,Website,P013,Coffee Maker,Home & Kitchen,5,3886.31,5.0,19431.55,971.58,145.53,617.83,12750,False,0,0.0,18459.97,4946.61,26.8,UPI,Delivered
ORD01039,2025-10-30,C0207,Consumer,South,Chennai,Marketplace,P007,Yoga Mat,Sports,4,1175.43,15.0,4701.72,705.26,44.55,114.85,2600,False,0,0.0,3996.46,1237.06,30.95,Credit Card,Delivered
ORD01040,2024-10-08,C0202,Consumer,West,Ahmedabad,Marketplace,P010,Travel Bag,Accessories,3,2581.85,5.0,7745.55,387.28,96.6,125.07,4350,False,0,0.0,7358.27,2786.6,37.87,UPI,Delivered
ORD01041,2024-03-02,C0052,Corporate,East,Bhubaneswar,Website,P016,Desk Lamp,Home & Kitchen,1,1390.25,10.0,1390.25,139.02,55.79,21.25,750,False,0,0.0,1251.23,424.19,33.9,UPI,Delivered
ORD01042,2024-05-07,C0152,Consumer,South,Hyderabad,Website,P016,Desk Lamp,Home & Kitchen,4,1301.33,5.0,5205.32,260.27,77.16,137.26,3000,False,0,0.0,4945.05,1730.63,35.0,Debit Card,Delivered
ORD01043,2024-03-29,C0006,Consumer,North,Chandigarh,Marketplace,P004,Laptop Stand,Electronics,1,1479.27,20.0,1479.27,295.85,155.03,31.46,850,False,0,0.0,1183.42,146.93,12.42,UPI,Delivered
ORD01044,2024-02-01,C0555,Home Office,East,Bhubaneswar,Mobile App,P016,Desk Lamp,Home & Kitchen,1,1373.33,10.0,1373.33,137.33,98.83,34.84,750,False,0,0.0,1236.0,352.33,28.51,Debit Card,Cancelled
ORD01045,2025-07-11,C0273,Home Office,South,Kochi,Mobile App,P013,Coffee Maker,Home & Kitchen,2,4313.51,15.0,8627.02,1294.05,148.72,179.3,5100,False,0,0.0,7332.97,1904.95,25.98,Debit Card,Delivered
ORD01046,2025-10-03,C0409,Home Office,West,Pune,Marketplace,P020,Study Table Organizer,Stationery,3,939.84,10.0,2819.52,281.95,234.26,39.25,1350,False,0,0.0,2537.57,914.06,36.02,COD,Delivered
ORD01047,2024-10-08,C0547,Consumer,South,Bengaluru,Marketplace,P018,Premium Pen Set,Stationery,6,928.8,0.0,5572.8,0.0,94.86,144.8,2400,False,0,0.0,5572.8,2933.14,52.63,UPI,Delivered
ORD01048,2025-09-20,C0447,Home Office,North,Lucknow,Website,P002,Smart Watch,Electronics,1,3378.03,5.0,3378.03,168.9,205.81,50.73,1900,False,0,0.0,3209.13,1052.59,32.8,UPI,Delivered
ORD01049,2025-01-12,C0295,Consumer,South,Kochi,Mobile App,P015,Electric Kettle,Home & Kitchen,1,1705.79,0.0,1705.79,0.0,170.35,45.42,1050,False,0,0.0,1705.79,440.02,25.8,Debit Card,Delivered
ORD01050,2025-05-15,C0284,Consumer,West,Pune,Marketplace,P016,Desk Lamp,Home & Kitchen,1,1510.68,20.0,1510.68,302.14,248.1,27.4,750,False,0,0.0,1208.54,183.04,15.15,Debit Card,Delivered
ORD01051,2025-12-07,C0294,Consumer,North,Lucknow,Marketplace,P005,Mechanical Keyboard,Electronics,3,2898.69,15.0,8696.07,1304.41,137.67,154.56,4950,False,0,0.0,7391.66,2149.43,29.08,Credit Card,Delivered
ORD01052,2025-12-22,C0526,Consumer,South,Chennai,Marketplace,P013,Coffee Maker,Home & Kitchen,1,4418.48,10.0,4418.48,441.85,133.12,77.29,2550,False,0,0.0,3976.63,1216.22,30.58,UPI,Delivered
ORD01053,2025-10-05,C0498,Consumer,East,Bhubaneswar,Mobile App,P011,Leather Wallet,Accessories,2,1131.45,5.0,2262.9,113.14,183.62,42.54,1100,False,0,0.0,2149.76,823.6,38.31,Credit Card,Delivered
ORD01054,2025-08-10,C0019,Consumer,East,Patna,Mobile App,P013,Coffee Maker,Home & Kitchen,2,4482.53,15.0,8965.06,1344.76,83.65,124.62,5100,False,0,0.0,7620.3,2312.03,30.34,Credit Card,Delivered
ORD01055,2025-05-10,C0302,Consumer,West,Ahmedabad,Mobile App,P006,Running Shoes,Sports,1,3568.94,0.0,3568.94,0.0,62.41,53.55,2100,False,0,0.0,3568.94,1352.98,37.91,Credit Card,Delivered
ORD01056,2025-08-02,C0554,Consumer,North,Jaipur,Website,P013,Coffee Maker,Home & Kitchen,1,4461.74,10.0,4461.74,446.17,245.83,119.0,2550,False,0,0.0,4015.57,1100.74,27.41,UPI,Delivered
ORD01057,2024-11-05,C0343,Consumer,South,Kochi,Website,P017,Notebook Set,Stationery,2,611.82,15.0,1223.64,183.55,151.11,22.99,520,False,0,0.0,1040.09,345.99,33.27,Debit Card,Delivered
ORD01058,2025-06-24,C0524,Corporate,West,Pune,Marketplace,P007,Yoga Mat,Sports,1,1160.36,0.0,1160.36,0.0,243.99,36.28,650,False,0,0.0,1160.36,230.09,19.83,COD,Delivered
ORD01059,2025-03-27,C0595,Home Office,West,Ahmedabad,Website,P003,Bluetooth Speaker,Electronics,1,2134.99,0.0,2134.99,0.0,114.56,33.6,1300,False,0,0.0,2134.99,686.83,32.17,Net Banking,Delivered
ORD01060,2024-01-24,C0557,Consumer,South,Bengaluru,Mobile App,P012,Sunglasses,Accessories,2,1613.5,0.0,3227.0,0.0,93.33,49.91,1700,False,0,0.0,3227.0,1383.76,42.88,UPI,Delivered
ORD01061,2025-08-26,C0355,Consumer,South,Hyderabad,Website,P008,Fitness Band,Sports,1,1952.26,0.0,1952.26,0.0,226.37,54.56,1200,False,0,0.0,1952.26,471.33,24.14,Credit Card,Delivered
ORD01062,2025-06-06,C0299,Corporate,East,Patna,Website,P010,Travel Bag,Accessories,2,2590.96,5.0,5181.92,259.1,236.5,138.97,2900,False,0,0.0,4922.82,1647.35,33.46,Credit Card,Delivered
ORD01063,2025-01-11,C0329,Consumer,East,Kolkata,Mobile App,P008,Fitness Band,Sports,1,2142.65,0.0,2142.65,0.0,161.73,49.1,1200,False,0,0.0,2142.65,731.82,34.15,Credit Card,Delivered
ORD01064,2025-10-27,C0014,Consumer,West,Surat,Marketplace,P014,Air Fryer,Home & Kitchen,5,5967.95,5.0,29839.75,1491.99,57.04,893.6,17500,False,0,0.0,28347.76,9897.12,34.91,Credit Card,Delivered
ORD01065,2024-08-26,C0442,Home Office,West,Surat,Mobile App,P004,Laptop Stand,Electronics,1,1500.77,10.0,1500.77,150.08,233.18,23.26,850,False,0,0.0,1350.69,244.25,18.08,Debit Card,Delivered
ORD01066,2024-04-18,C0365,Home Office,North,Jaipur,Mobile App,P015,Electric Kettle,Home & Kitchen,3,1677.3,15.0,5031.9,754.78,52.87,101.17,3150,True,2,2851.41,1425.71,-1878.33,-131.75,COD,Returned
ORD01067,2025-01-04,C0343,Consumer,North,Lucknow,Marketplace,P013,Coffee Maker,Home & Kitchen,3,3946.08,10.0,11838.24,1183.82,151.04,252.25,7650,False,0,0.0,10654.42,2601.13,24.41,UPI,Delivered
ORD01068,2025-02-13,C0015,Consumer,West,Surat,Mobile App,P008,Fitness Band,Sports,1,2241.41,10.0,2241.41,224.14,123.06,62.99,1200,False,0,0.0,2017.27,631.22,31.29,UPI,Delivered
ORD01069,2024-10-28,C0417,Consumer,West,Ahmedabad,Mobile App,P006,Running Shoes,Sports,3,3500.25,5.0,10500.75,525.04,82.54,280.29,6300,False,0,0.0,9975.71,3312.88,33.21,Credit Card,Delivered
ORD01070,2025-11-23,C0322,Corporate,West,Surat,Website,P018,Premium Pen Set,Stationery,3,900.01,0.0,2700.03,0.0,245.22,44.29,1200,False,0,0.0,2700.03,1210.52,44.83,COD,Delivered
ORD01071,2025-07-01,C0029,Consumer,South,Bengaluru,Marketplace,P017,Notebook Set,Stationery,2,604.03,15.0,1208.06,181.21,74.58,30.81,520,False,0,0.0,1026.85,401.46,39.1,UPI,Delivered
ORD01072,2024-07-21,C0180,Consumer,West,Ahmedabad,Website,P018,Premium Pen Set,Stationery,3,882.42,10.0,2647.26,264.73,147.0,47.03,1200,False,0,0.0,2382.53,988.5,41.49,UPI,Delivered
ORD01073,2024-04-12,C0226,Consumer,West,Surat,Mobile App,P014,Air Fryer,Home & Kitchen,1,5935.36,0.0,5935.36,0.0,91.25,133.94,3500,False,0,0.0,5935.36,2210.17,37.24,Debit Card,Cancelled
ORD01074,2024-05-02,C0090,Consumer,South,Kochi,Mobile App,P004,Laptop Stand,Electronics,2,1538.67,10.0,3077.34,307.73,59.04,58.01,1700,False,0,0.0,2769.61,952.56,34.39,UPI,Delivered
ORD01075,2025-01-29,C0186,Corporate,East,Kolkata,Marketplace,P003,Bluetooth Speaker,Electronics,5,2350.09,15.0,11750.45,1762.57,185.34,168.64,6500,False,0,0.0,9987.88,3133.9,31.38,UPI,Delivered
ORD01076,2025-07-30,C0327,Consumer,East,Ranchi,Mobile App,P019,Planner,Stationery,2,694.02,5.0,1388.04,69.4,210.92,25.52,640,True,2,1318.64,0.0,-876.44,0.0,Debit Card,Returned
ORD01077,2025-03-19,C0118,Consumer,South,Hyderabad,Marketplace,P019,Planner,Stationery,1,796.95,0.0,796.95,0.0,122.17,20.07,320,False,0,0.0,796.95,334.71,42.0,Credit Card,Delivered
ORD01078,2025-05-01,C0515,Consumer,South,Hyderabad,Marketplace,P012,Sunglasses,Accessories,1,1583.05,5.0,1583.05,79.15,166.84,51.27,850,False,0,0.0,1503.9,435.79,28.98,Net Banking,Delivered
ORD01079,2024-04-27,C0029,Consumer,South,Chennai,Mobile App,P004,Laptop Stand,Electronics,1,1551.88,10.0,1551.88,155.19,150.69,33.16,850,False,0,0.0,1396.69,362.84,25.98,UPI,Delivered
ORD01080,2025-01-16,C0309,Corporate,West,Surat,Mobile App,P014,Air Fryer,Home & Kitchen,1,6068.04,15.0,6068.04,910.21,106.33,148.77,3500,False,0,0.0,5157.83,1402.73,27.2,Debit Card,Delivered
ORD01081,2024-03-08,C0492,Corporate,East,Patna,Marketplace,P006,Running Shoes,Sports,1,3396.28,20.0,3396.28,679.26,223.05,83.76,2100,False,0,0.0,2717.02,310.21,11.42,Credit Card,Delivered
ORD01082,2025-06-07,C0571,Consumer,West,Ahmedabad,Mobile App,P002,Smart Watch,Electronics,2,2990.64,15.0,5981.28,897.19,73.02,108.93,3800,False,0,0.0,5084.09,1102.14,21.68,UPI,Delivered
ORD01083,2025-11-21,C0332,Corporate,North,Lucknow,Website,P009,Office Backpack,Accessories,1,1860.16,0.0,1860.16,0.0,117.83,35.16,1000,False,0,0.0,1860.16,707.17,38.02,Credit Card,Delivered
ORD01084,2024-07-20,C0428,Home Office,North,Lucknow,Website,P007,Yoga Mat,Sports,2,1132.7,15.0,2265.4,339.81,122.31,30.55,1300,False,0,0.0,1925.59,472.73,24.55,UPI,Delivered
ORD01085,2025-10-28,C0527,Consumer,South,Bengaluru,Mobile App,P003,Bluetooth Speaker,Electronics,2,2089.84,10.0,4179.68,417.97,46.38,105.07,2600,False,0,0.0,3761.71,1010.26,26.86,UPI,Delivered
ORD01086,2025-02-02,C0143,Consumer,East,Bhubaneswar,Website,P016,Desk Lamp,Home & Kitchen,1,1362.82,0.0,1362.82,0.0,87.84,43.58,750,False,0,0.0,1362.82,481.4,35.32,Debit Card,Delivered
ORD01087,2024-02-26,C0394,Corporate,East,Patna,Mobile App,P012,Sunglasses,Accessories,1,1523.07,5.0,1523.07,76.15,46.4,45.66,850,False,0,0.0,1446.92,504.86,34.89,Debit Card,Delivered
ORD01088,2025-11-22,C0473,Consumer,West,Mumbai,Marketplace,P002,Smart Watch,Electronics,4,3384.02,10.0,13536.08,1353.61,183.22,352.98,7600,False,0,0.0,12182.47,4046.27,33.21,Credit Card,Delivered
ORD01089,2025-01-21,C0197,Corporate,East,Ranchi,Mobile App,P001,Wireless Headphones,Electronics,3,1681.16,0.0,5043.48,0.0,89.69,115.46,3150,False,0,0.0,5043.48,1688.33,33.48,UPI,Delivered
ORD01090,2025-06-19,C0197,Corporate,West,Pune,Marketplace,P007,Yoga Mat,Sports,3,1224.43,15.0,3673.29,550.99,102.55,51.49,1950,False,0,0.0,3122.3,1018.26,32.61,UPI,Delivered
ORD01091,2024-02-21,C0437,Consumer,East,Patna,Website,P012,Sunglasses,Accessories,1,1648.76,15.0,1648.76,247.31,164.06,39.43,850,False,0,0.0,1401.45,347.96,24.83,Credit Card,Delivered
ORD01092,2024-10-11,C0130,Consumer,South,Bengaluru,Marketplace,P011,Leather Wallet,Accessories,1,1127.0,15.0,1127.0,169.05,52.23,16.49,550,False,0,0.0,957.95,339.23,35.41,UPI,Cancelled
ORD01093,2024-12-22,C0466,Consumer,West,Surat,Mobile App,P015,Electric Kettle,Home & Kitchen,1,1760.39,10.0,1760.39,176.04,225.49,38.18,1050,False,0,0.0,1584.35,270.68,17.08,UPI,Delivered
ORD01094,2025-06-03,C0271,Corporate,West,Surat,Website,P011,Leather Wallet,Accessories,1,1161.67,15.0,1161.67,174.25,85.38,23.04,550,False,0,0.0,987.42,329.0,33.32,COD,Delivered
ORD01095,2025-10-09,C0547,Consumer,West,Pune,Website,P018,Premium Pen Set,Stationery,4,833.64,10.0,3334.56,333.46,97.05,74.84,1600,True,1,750.28,2250.82,478.93,21.28,UPI,Returned
ORD01096,2025-10-03,C0082,Corporate,North,Chandigarh,Marketplace,P005,Mechanical Keyboard,Electronics,1,2981.67,10.0,2981.67,298.17,239.93,73.94,1650,False,0,0.0,2683.5,719.63,26.82,Debit Card,Delivered
ORD01097,2024-02-11,C0010,Corporate,South,Bengaluru,Marketplace,P001,Wireless Headphones,Electronics,1,1925.17,5.0,1925.17,96.26,71.12,34.28,1050,False,0,0.0,1828.91,673.51,36.83,Credit Card,Delivered
ORD01098,2025-08-21,C0538,Consumer,South,Hyderabad,Mobile App,P005,Mechanical Keyboard,Electronics,2,2585.86,10.0,5171.72,517.17,140.25,84.91,3300,False,0,0.0,4654.55,1129.39,24.26,Net Banking,Delivered
ORD01099,2024-09-02,C0585,Corporate,North,Delhi,Marketplace,P014,Air Fryer,Home & Kitchen,1,5790.95,5.0,5790.95,289.55,80.68,165.24,3500,False,0,0.0,5501.4,1755.48,31.91,UPI,Delivered
ORD01100,2025-01-06,C0597,Corporate,West,Ahmedabad,Mobile App,P010,Travel Bag,Accessories,2,2688.18,10.0,5376.36,537.64,150.93,125.9,2900,False,0,0.0,4838.72,1661.89,34.35,COD,Delivered
ORD01101,2024-05-03,C0068,Corporate,West,Ahmedabad,Website,P012,Sunglasses,Accessories,3,1571.08,0.0,4713.24,0.0,170.33,111.84,2550,False,0,0.0,4713.24,1881.07,39.91,UPI,Delivered
ORD01102,2024-06-10,C0130,Consumer,West,Pune,Marketplace,P003,Bluetooth Speaker,Electronics,1,2175.43,15.0,2175.43,326.31,65.79,46.6,1300,False,0,0.0,1849.12,436.73,23.62,UPI,Delivered
ORD01103,2025-02-28,C0517,Consumer,East,Ranchi,Mobile App,P006,Running Shoes,Sports,3,3339.67,0.0,10019.01,0.0,176.27,302.48,6300,False,0,0.0,10019.01,3240.26,32.34,Debit Card,Delivered
ORD01104,2025-06-22,C0296,Consumer,South,Hyderabad,Marketplace,P006,Running Shoes,Sports,2,3351.6,15.0,6703.2,1005.48,89.07,106.85,4200,True,1,2848.86,2848.86,-1547.06,-54.3,COD,Returned
ORD01105,2025-12-07,C0146,Consumer,East,Kolkata,Website,P016,Desk Lamp,Home & Kitchen,1,1329.33,0.0,1329.33,0.0,117.11,45.09,750,False,0,0.0,1329.33,417.13,31.38,Credit Card,Delivered
ORD01106,2025-09-24,C0333,Consumer,North,Delhi,Website,P009,Office Backpack,Accessories,1,1673.86,5.0,1673.86,83.69,90.48,43.08,1000,False,0,0.0,1590.17,456.61,28.71,Debit Card,Delivered
ORD01107,2025-03-05,C0572,Corporate,West,Mumbai,Mobile App,P015,Electric Kettle,Home & Kitchen,2,1710.66,10.0,3421.32,342.13,72.42,56.52,2100,False,0,0.0,3079.19,850.25,27.61,Credit Card,Delivered
ORD01108,2024-02-29,C0357,Consumer,East,Bhubaneswar,Website,P002,Smart Watch,Electronics,1,3090.57,10.0,3090.57,309.06,80.98,77.32,1900,False,0,0.0,2781.51,723.21,26.0,Debit Card,Delivered
ORD01109,2024-08-02,C0028,Consumer,South,Chennai,Website,P013,Coffee Maker,Home & Kitchen,2,4225.99,5.0,8451.98,422.6,188.71,223.26,5100,False,0,0.0,8029.38,2517.41,31.35,Debit Card,Delivered
ORD01110,2024-03-18,C0570,Consumer,South,Hyderabad,Marketplace,P014,Air Fryer,Home & Kitchen,6,6019.85,10.0,36119.1,3611.91,53.54,1129.93,21000,False,0,0.0,32507.19,10323.72,31.76,COD,Delivered
ORD01111,2025-12-02,C0225,Consumer,North,Chandigarh,Marketplace,P015,Electric Kettle,Home & Kitchen,1,1671.28,15.0,1671.28,250.69,209.78,49.21,1050,False,0,0.0,1420.59,111.6,7.86,UPI,Delivered
ORD01112,2024-05-06,C0270,Consumer,West,Surat,Website,P005,Mechanical Keyboard,Electronics,3,2838.5,5.0,8515.5,425.78,130.88,179.85,4950,False,0,0.0,8089.72,2828.99,34.97,Credit Card,Delivered
ORD01113,2024-04-07,C0009,Consumer,East,Kolkata,Website,P016,Desk Lamp,Home & Kitchen,1,1363.0,15.0,1363.0,204.45,161.89,28.67,750,False,0,0.0,1158.55,217.99,18.82,COD,Cancelled
ORD01114,2024-07-29,C0430,Consumer,West,Surat,Website,P011,Leather Wallet,Accessories,2,1085.83,0.0,2171.66,0.0,225.0,68.96,1100,False,0,0.0,2171.66,777.7,35.81,UPI,Delivered
ORD01115,2025-08-06,C0103,Consumer,West,Surat,Mobile App,P009,Office Backpack,Accessories,5,1724.66,5.0,8623.3,431.16,112.8,220.18,5000,False,0,0.0,8192.14,2859.16,34.9,Credit Card,Delivered
ORD01116,2025-08-10,C0554,Consumer,West,Surat,Mobile App,P005,Mechanical Keyboard,Electronics,3,2664.08,10.0,7992.24,799.22,132.84,234.18,4950,False,0,0.0,7193.02,1876.0,26.08,Credit Card,Delivered
ORD01117,2024-09-22,C0205,Consumer,West,Mumbai,Marketplace,P003,Bluetooth Speaker,Electronics,3,2369.6,10.0,7108.8,710.88,182.02,195.25,3900,False,0,0.0,6397.92,2120.65,33.15,UPI,Delivered
ORD01118,2024-09-01,C0575,Home Office,West,Mumbai,Marketplace,P011,Leather Wallet,Accessories,4,1174.48,20.0,4697.92,939.58,230.64,108.12,2200,False,0,0.0,3758.34,1219.58,32.45,UPI,Delivered
ORD01119,2024-07-26,C0054,Home Office,East,Kolkata,Website,P018,Premium Pen Set,Stationery,1,910.25,10.0,910.25,91.02,236.72,15.9,400,False,0,0.0,819.23,166.61,20.34,Net Banking,Delivered
ORD01120,2024-02-22,C0468,Home Office,West,Pune,Mobile App,P011,Leather Wallet,Accessories,1,1153.35,10.0,1153.35,115.34,168.44,23.31,550,True,1,1038.01,0.0,-741.75,0.0,UPI,Returned
ORD01121,2025-11-15,C0041,Consumer,East,Patna,Mobile App,P007,Yoga Mat,Sports,1,1131.14,5.0,1131.14,56.56,219.53,36.79,650,False,0,0.0,1074.58,168.26,15.66,Debit Card,Delivered
ORD01122,2025-04-14,C0224,Consumer,East,Patna,Website,P001,Wireless Headphones,Electronics,2,1839.26,10.0,3678.52,367.85,87.11,89.67,2100,False,0,0.0,3310.67,1033.89,31.23,Credit Card,Delivered
ORD01123,2025-01-19,C0373,Consumer,East,Kolkata,Website,P020,Study Table Organizer,Stationery,1,979.25,10.0,979.25,97.92,64.51,13.47,450,False,0,0.0,881.33,353.35,40.09,UPI,Delivered
ORD01124,2024-01-10,C0531,Corporate,West,Ahmedabad,Mobile App,P013,Coffee Maker,Home & Kitchen,1,4129.89,10.0,4129.89,412.99,179.04,67.22,2550,False,0,0.0,3716.9,920.64,24.77,Debit Card,Delivered
ORD01125,2025-01-11,C0585,Corporate,West,Ahmedabad,Mobile App,P017,Notebook Set,Stationery,2,627.33,0.0,1254.66,0.0,157.18,23.42,520,False,0,0.0,1254.66,554.06,44.16,Credit Card,Cancelled
ORD01126,2024-09-28,C0194,Corporate,West,Mumbai,Website,P016,Desk Lamp,Home & Kitchen,1,1412.94,5.0,1412.94,70.65,153.73,27.15,750,False,0,0.0,1342.29,411.41,30.65,Credit Card,Cancelled
ORD01127,2025-06-29,C0470,Home Office,South,Bengaluru,Website,P012,Sunglasses,Accessories,4,1705.49,5.0,6821.96,341.1,223.69,105.51,3400,False,0,0.0,6480.86,2751.66,42.46,UPI,Delivered
ORD01128,2024-05-10,C0384,Home Office,West,Pune,Website,P012,Sunglasses,Accessories,2,1529.28,10.0,3058.56,305.86,164.74,91.92,1700,False,0,0.0,2752.7,796.04,28.92,Debit Card,Delivered
ORD01129,2025-01-10,C0319,Consumer,West,Mumbai,Website,P010,Travel Bag,Accessories,3,2556.85,15.0,7670.55,1150.58,230.47,146.72,4350,False,0,0.0,6519.97,1792.78,27.5,Credit Card,Delivered
ORD01130,2025-07-26,C0032,Consumer,West,Mumbai,Website,P010,Travel Bag,Accessories,2,2728.72,0.0,5457.44,0.0,99.21,151.62,2900,False,0,0.0,5457.44,2306.61,42.27,Net Banking,Delivered
ORD01131,2024-03-10,C0508,Corporate,North,Delhi,Website,P013,Coffee Maker,Home & Kitchen,1,3902.47,5.0,3902.47,195.12,92.94,128.49,2550,False,0,0.0,3707.35,935.92,25.24,Net Banking,Delivered
ORD01132,2025-07-31,C0325,Home Office,North,Delhi,Mobile App,P002,Smart Watch,Electronics,4,3084.74,0.0,12338.96,0.0,132.33,370.02,7600,False,0,0.0,12338.96,4236.61,34.34,Credit Card,Delivered
ORD01133,2024-05-25,C0564,Consumer,South,Kochi,Marketplace,P014,Air Fryer,Home & Kitchen,1,6123.29,10.0,6123.29,612.33,97.09,112.88,3500,True,1,5510.96,0.0,-3709.97,0.0,Credit Card,Returned
ORD01134,2024-11-01,C0479,Home Office,North,Chandigarh,Mobile App,P005,Mechanical Keyboard,Electronics,2,2632.31,10.0,5264.62,526.46,111.76,88.64,3300,False,0,0.0,4738.16,1237.76,26.12,Credit Card,Delivered
ORD01135,2024-06-21,C0511,Consumer,West,Surat,Website,P015,Electric Kettle,Home & Kitchen,1,1938.09,15.0,1938.09,290.71,71.23,49.88,1050,False,0,0.0,1647.38,476.27,28.91,Net Banking,Delivered
ORD01136,2024-12-23,C0022,Consumer,West,Pune,Marketplace,P016,Desk Lamp,Home & Kitchen,2,1477.94,15.0,2955.88,443.38,46.42,80.88,1500,False,0,0.0,2512.5,885.2,35.23,COD,Delivered
ORD01137,2024-03-28,C0598,Consumer,South,Bengaluru,Website,P013,Coffee Maker,Home & Kitchen,1,4016.53,5.0,4016.53,200.83,225.09,68.7,2550,False,0,0.0,3815.7,971.91,25.47,COD,Delivered
ORD01138,2025-08-14,C0409,Home Office,North,Jaipur,Website,P009,Office Backpack,Accessories,1,1668.23,5.0,1668.23,83.41,41.77,42.69,1000,True,1,1584.82,0.0,-1084.46,0.0,Net Banking,Returned
ORD01139,2025-04-05,C0482,Corporate,South,Chennai,Marketplace,P018,Premium Pen Set,Stationery,1,920.88,20.0,920.88,184.18,221.85,15.77,400,False,0,0.0,736.7,99.08,13.45,Credit Card,Delivered
ORD01140,2024-07-09,C0252,Consumer,South,Hyderabad,Website,P014,Air Fryer,Home & Kitchen,1,6200.85,0.0,6200.85,0.0,239.34,156.22,3500,False,0,0.0,6200.85,2305.29,37.18,Credit Card,Delivered
ORD01141,2025-02-19,C0560,Corporate,North,Delhi,Website,P020,Study Table Organizer,Stationery,1,971.82,10.0,971.82,97.18,189.33,18.7,450,False,0,0.0,874.64,216.61,24.77,UPI,Delivered
ORD01142,2024-12-14,C0590,Consumer,West,Pune,Mobile App,P019,Planner,Stationery,6,768.3,5.0,4609.8,230.49,241.74,93.3,1920,False,0,0.0,4379.31,2124.27,48.51,UPI,Delivered
ORD01143,2024-09-06,C0512,Consumer,North,Jaipur,Website,P018,Premium Pen Set,Stationery,1,868.43,0.0,868.43,0.0,205.08,18.65,400,False,0,0.0,868.43,244.7,28.18,UPI,Delivered
ORD01144,2024-03-05,C0153,Consumer,West,Mumbai,Website,P018,Premium Pen Set,Stationery,1,920.34,5.0,920.34,46.02,125.02,21.24,400,False,0,0.0,874.32,328.06,37.52,UPI,Delivered
ORD01145,2025-01-31,C0125,Consumer,East,Patna,Mobile App,P017,Notebook Set,Stationery,3,586.36,5.0,1759.08,87.95,92.4,39.35,780,False,0,0.0,1671.13,759.38,45.44,UPI,Cancelled
ORD01146,2024-01-27,C0119,Home Office,South,Hyderabad,Mobile App,P008,Fitness Band,Sports,1,2093.06,10.0,2093.06,209.31,71.51,56.29,1200,False,0,0.0,1883.75,555.95,29.51,UPI,Delivered
ORD01147,2025-04-20,C0342,Consumer,West,Mumbai,Website,P008,Fitness Band,Sports,1,2223.89,0.0,2223.89,0.0,45.06,35.31,1200,True,1,2223.89,0.0,-1280.37,0.0,Net Banking,Returned
ORD01148,2024-07-07,C0161,Consumer,North,Delhi,Website,P013,Coffee Maker,Home & Kitchen,1,3922.73,0.0,3922.73,0.0,236.75,59.87,2550,False,0,0.0,3922.73,1076.11,27.43,Debit Card,Delivered
ORD01149,2025-08-18,C0367,Home Office,East,Bhubaneswar,Website,P006,Running Shoes,Sports,1,3698.11,5.0,3698.11,184.91,176.22,92.37,2100,False,0,0.0,3513.2,1144.61,32.58,Debit Card,Delivered
ORD01150,2024-08-05,C0056,Home Office,North,Delhi,Website,P008,Fitness Band,Sports,5,2060.97,15.0,10304.85,1545.73,216.38,304.89,6000,False,0,0.0,8759.12,2237.85,25.55,Net Banking,Delivered
ORD01151,2025-11-17,C0171,Corporate,South,Kochi,Marketplace,P012,Sunglasses,Accessories,1,1477.09,10.0,1477.09,147.71,224.64,33.06,850,False,0,0.0,1329.38,221.68,16.68,UPI,Delivered
ORD01152,2025-03-25,C0297,Corporate,East,Kolkata,Marketplace,P015,Electric Kettle,Home & Kitchen,1,1684.52,10.0,1684.52,168.45,55.36,35.2,1050,False,0,0.0,1516.07,375.51,24.77,UPI,Delivered
ORD01153,2025-02-13,C0285,Consumer,North,Lucknow,Mobile App,P010,Travel Bag,Accessories,1,2461.23,10.0,2461.23,246.12,76.14,63.84,1450,False,0,0.0,2215.11,625.13,28.22,UPI,Delivered
ORD01154,2025-07-28,C0524,Corporate,West,Surat,Website,P014,Air Fryer,Home & Kitchen,3,5849.06,5.0,17547.18,877.36,45.41,507.13,10500,False,0,0.0,16669.82,5617.28,33.7,Debit Card,Delivered
ORD01155,2025-06-02,C0304,Corporate,North,Chandigarh,Website,P018,Premium Pen Set,Stationery,1,849.41,10.0,849.41,84.94,40.43,16.73,400,False,0,0.0,764.47,307.31,40.2,Net Banking,Delivered
ORD01156,2025-01-20,C0360,Consumer,West,Surat,Mobile App,P012,Sunglasses,Accessories,1,1579.46,0.0,1579.46,0.0,141.74,50.55,850,False,0,0.0,1579.46,537.17,34.01,Debit Card,Delivered
ORD01157,2025-07-16,C0572,Corporate,South,Hyderabad,Website,P002,Smart Watch,Electronics,3,3090.54,5.0,9271.62,463.58,161.67,248.23,5700,False,0,0.0,8808.04,2698.14,30.63,Debit Card,Delivered
ORD01158,2025-01-15,C0219,Corporate,East,Bhubaneswar,Marketplace,P008,Fitness Band,Sports,3,2058.94,10.0,6176.82,617.68,220.12,182.88,3600,False,0,0.0,5559.14,1556.14,27.99,Credit Card,Delivered
ORD01159,2024-10-21,C0034,Home Office,West,Mumbai,Mobile App,P005,Mechanical Keyboard,Electronics,1,2630.79,5.0,2630.79,131.54,248.34,65.93,1650,False,0,0.0,2499.25,534.98,21.41,Credit Card,Delivered
ORD01160,2025-08-30,C0481,Corporate,North,Lucknow,Website,P003,Bluetooth Speaker,Electronics,1,2373.1,0.0,2373.1,0.0,70.32,71.61,1300,False,0,0.0,2373.1,931.17,39.24,UPI,Delivered
ORD01161,2024-01-30,C0010,Corporate,South,Hyderabad,Marketplace,P005,Mechanical Keyboard,Electronics,3,2757.88,0.0,8273.64,0.0,160.16,219.35,4950,False,0,0.0,8273.64,2944.13,35.58,Credit Card,Delivered
ORD01162,2024-12-07,C0440,Consumer,West,Mumbai,Mobile App,P015,Electric Kettle,Home & Kitchen,1,1869.47,10.0,1869.47,186.95,249.36,51.76,1050,False,0,0.0,1682.52,331.4,19.7,Credit Card,Delivered
ORD01163,2024-05-03,C0238,Consumer,East,Patna,Website,P007,Yoga Mat,Sports,1,1115.98,10.0,1115.98,111.6,120.83,35.15,650,False,0,0.0,1004.38,198.4,19.75,Credit Card,Delivered
ORD01164,2025-09-07,C0486,Home Office,North,Jaipur,Mobile App,P004,Laptop Stand,Electronics,2,1481.56,5.0,2963.12,148.16,215.99,69.38,1700,False,0,0.0,2814.96,829.59,29.47,Credit Card,Delivered
ORD01165,2025-03-06,C0457,Consumer,West,Pune,Mobile App,P011,Leather Wallet,Accessories,3,1053.5,5.0,3160.5,158.02,193.36,56.12,1650,False,0,0.0,3002.48,1103.0,36.74,Debit Card,Delivered
ORD01166,2024-10-23,C0016,Consumer,South,Chennai,Marketplace,P009,Office Backpack,Accessories,4,1662.59,10.0,6650.36,665.04,202.7,137.48,4000,False,0,0.0,5985.32,1645.14,27.49,UPI,Delivered
ORD01167,2024-10-19,C0194,Corporate,West,Pune,Mobile App,P001,Wireless Headphones,Electronics,1,1931.91,10.0,1931.91,193.19,151.59,33.73,1050,False,0,0.0,1738.72,503.4,28.95,COD,Delivered
ORD01168,2025-07-18,C0146,Consumer,West,Mumbai,Mobile App,P016,Desk Lamp,Home & Kitchen,2,1454.3,0.0,2908.6,0.0,94.9,62.44,1500,False,0,0.0,2908.6,1251.26,43.02,Net Banking,Delivered
ORD01169,2025-04-13,C0278,Corporate,West,Pune,Website,P004,Laptop Stand,Electronics,1,1384.31,5.0,1384.31,69.22,98.32,38.15,850,False,0,0.0,1315.09,328.62,24.99,UPI,Delivered
ORD01170,2025-06-03,C0270,Consumer,North,Lucknow,Marketplace,P003,Bluetooth Speaker,Electronics,3,2283.43,20.0,6850.29,1370.06,69.3,159.96,3900,False,0,0.0,5480.23,1350.97,24.65,COD,Delivered
ORD01171,2025-01-22,C0501,Corporate,West,Mumbai,Website,P018,Premium Pen Set,Stationery,1,885.73,15.0,885.73,132.86,224.97,24.44,400,False,0,0.0,752.87,103.46,13.74,COD,Delivered
ORD01172,2025-08-19,C0571,Consumer,West,Pune,Marketplace,P010,Travel Bag,Accessories,5,2555.87,0.0,12779.35,0.0,166.49,214.86,7250,False,0,0.0,12779.35,5148.0,40.28,Credit Card,Delivered
ORD01173,2025-07-21,C0374,Corporate,South,Hyderabad,Marketplace,P006,Running Shoes,Sports,5,3464.84,10.0,17324.2,1732.42,239.87,522.56,10500,False,0,0.0,15591.78,4329.35,27.77,UPI,Delivered
ORD01174,2024-05-20,C0222,Consumer,West,Ahmedabad,Mobile App,P017,Notebook Set,Stationery,3,585.74,10.0,1757.22,175.72,184.77,24.41,780,False,0,0.0,1581.5,592.32,37.45,UPI,Delivered
ORD01175,2025-06-03,C0215,Corporate,South,Hyderabad,Mobile App,P009,Office Backpack,Accessories,2,1898.88,15.0,3797.76,569.66,101.3,78.21,2000,False,0,0.0,3228.1,1048.59,32.48,Debit Card,Delivered
ORD01176,2024-11-15,C0248,Home Office,West,Mumbai,Mobile App,P010,Travel Bag,Accessories,1,2793.23,10.0,2793.23,279.32,187.04,79.22,1450,False,0,0.0,2513.91,797.65,31.73,Debit Card,Delivered
ORD01177,2024-05-02,C0471,Consumer,South,Chennai,Mobile App,P005,Mechanical Keyboard,Electronics,3,2738.04,0.0,8214.12,0.0,97.84,222.27,4950,False,0,0.0,8214.12,2944.01,35.84,Debit Card,Delivered
ORD01178,2025-12-02,C0542,Consumer,East,Bhubaneswar,Marketplace,P013,Coffee Maker,Home & Kitchen,1,4319.91,15.0,4319.91,647.99,146.43,88.97,2550,False,0,0.0,3671.92,886.52,24.14,Credit Card,Delivered
ORD01179,2025-12-27,C0243,Home Office,South,Hyderabad,Website,P009,Office Backpack,Accessories,1,1790.56,5.0,1790.56,89.53,94.71,39.16,1000,False,0,0.0,1701.03,567.16,33.34,Net Banking,Delivered
ORD01180,2025-11-04,C0400,Corporate,North,Lucknow,Marketplace,P007,Yoga Mat,Sports,1,1134.56,5.0,1134.56,56.73,140.03,26.52,650,False,0,0.0,1077.83,261.28,24.24,Credit Card,Cancelled
ORD01181,2024-05-11,C0046,Corporate,West,Pune,Website,P002,Smart Watch,Electronics,1,3037.59,0.0,3037.59,0.0,237.26,64.28,1900,False,0,0.0,3037.59,836.05,27.52,UPI,Delivered
ORD01182,2024-08-27,C0079,Consumer,East,Patna,Website,P018,Premium Pen Set,Stationery,3,944.42,5.0,2833.26,141.66,89.11,52.59,1200,False,0,0.0,2691.6,1349.9,50.15,UPI,Delivered
ORD01183,2025-08-16,C0180,Consumer,North,Jaipur,Mobile App,P001,Wireless Headphones,Electronics,2,1834.11,5.0,3668.22,183.41,60.13,107.81,2100,False,0,0.0,3484.81,1216.87,34.92,UPI,Delivered
ORD01184,2025-10-08,C0263,Consumer,South,Kochi,Mobile App,P007,Yoga Mat,Sports,2,1111.56,10.0,2223.12,222.31,76.58,56.49,1300,False,0,0.0,2000.81,567.74,28.38,UPI,Delivered
ORD01185,2025-04-22,C0504,Corporate,North,Jaipur,Website,P012,Sunglasses,Accessories,4,1727.78,0.0,6911.12,0.0,66.86,172.0,3400,False,0,0.0,6911.12,3272.26,47.35,UPI,Delivered
ORD01186,2025-07-18,C0306,Home Office,North,Chandigarh,Marketplace,P014,Air Fryer,Home & Kitchen,2,5694.83,20.0,11389.66,2277.93,89.67,303.93,7000,True,2,9111.73,0.0,-7393.6,0.0,UPI,Returned
ORD01187,2025-02-15,C0178,Consumer,South,Kochi,Website,P013,Coffee Maker,Home & Kitchen,1,4426.03,0.0,4426.03,0.0,46.66,120.05,2550,False,0,0.0,4426.03,1709.32,38.62,Credit Card,Delivered
ORD01188,2024-11-22,C0037,Consumer,East,Ranchi,Marketplace,P007,Yoga Mat,Sports,6,1173.77,5.0,7042.62,352.13,73.03,173.88,3900,False,0,0.0,6690.49,2543.58,38.02,Credit Card,Delivered
ORD01189,2025-10-03,C0426,Consumer,West,Mumbai,Website,P016,Desk Lamp,Home & Kitchen,1,1507.89,0.0,1507.89,0.0,116.1,32.47,750,False,0,0.0,1507.89,609.32,40.41,Credit Card,Delivered
ORD01190,2024-07-09,C0457,Consumer,West,Ahmedabad,Marketplace,P014,Air Fryer,Home & Kitchen,2,5830.54,5.0,11661.08,583.05,227.84,273.15,7000,False,0,0.0,11078.03,3577.04,32.29,UPI,Delivered
ORD01191,2025-11-07,C0283,Consumer,West,Surat,Website,P009,Office Backpack,Accessories,1,1764.66,5.0,1764.66,88.23,93.0,57.19,1000,False,0,0.0,1676.43,526.24,31.39,UPI,Delivered
ORD01192,2025-01-06,C0138,Corporate,West,Mumbai,Marketplace,P013,Coffee Maker,Home & Kitchen,3,3934.16,0.0,11802.48,0.0,84.84,231.46,7650,False,0,0.0,11802.48,3836.18,32.5,Credit Card,Delivered
ORD01193,2024-06-29,C0152,Consumer,East,Ranchi,Website,P006,Running Shoes,Sports,2,3598.69,10.0,7197.38,719.74,244.62,203.37,4200,False,0,0.0,6477.64,1829.65,28.25,UPI,Delivered
ORD01194,2024-10-24,C0581,Consumer,West,Mumbai,Mobile App,P013,Coffee Maker,Home & Kitchen,1,4523.52,5.0,4523.52,226.18,113.17,109.12,2550,False,0,0.0,4297.34,1525.05,35.49,Debit Card,Delivered
ORD01195,2024-09-14,C0220,Corporate,West,Mumbai,Mobile App,P020,Study Table Organizer,Stationery,1,1037.48,5.0,1037.48,51.87,59.34,34.46,450,False,0,0.0,985.61,441.81,44.83,Credit Card,Delivered
ORD01196,2024-04-21,C0157,Corporate,North,Jaipur,Mobile App,P013,Coffee Maker,Home & Kitchen,1,4388.68,5.0,4388.68,219.43,114.02,87.81,2550,False,0,0.0,4169.25,1417.42,34.0,Debit Card,Delivered
ORD01197,2024-08-15,C0310,Consumer,West,Ahmedabad,Website,P002,Smart Watch,Electronics,1,3102.71,5.0,3102.71,155.14,75.23,89.69,1900,False,0,0.0,2947.57,882.65,29.95,UPI,Delivered
ORD01198,2025-06-19,C0376,Consumer,West,Surat,Mobile App,P001,Wireless Headphones,Electronics,1,1933.44,10.0,1933.44,193.34,137.71,41.55,1050,False,0,0.0,1740.1,510.84,29.36,UPI,Delivered
ORD01199,2025-02-13,C0017,Consumer,North,Lucknow,Website,P007,Yoga Mat,Sports,1,1275.28,0.0,1275.28,0.0,114.09,28.47,650,False,0,0.0,1275.28,482.72,37.85,Credit Card,Delivered
ORD01200,2025-12-31,C0220,Corporate,North,Delhi,Website,P014,Air Fryer,Home & Kitchen,4,5783.85,10.0,23135.4,2313.54,116.99,339.3,14000,False,0,0.0,20821.86,6365.57,30.57,Net Banking,Delivered
ORD01201,2025-01-14,C0550,Corporate,South,Hyderabad,Website,P005,Mechanical Keyboard,Electronics,2,2782.95,5.0,5565.9,278.3,230.54,163.63,3300,False,0,0.0,5287.6,1593.43,30.14,Credit Card,Cancelled
ORD01202,2024-12-05,C0462,Corporate,West,Surat,Marketplace,P018,Premium Pen Set,Stationery,1,910.51,5.0,910.51,45.53,106.32,16.56,400,False,0,0.0,864.98,342.1,39.55,UPI,Delivered
ORD01203,2025-10-31,C0550,Corporate,East,Patna,Website,P018,Premium Pen Set,Stationery,1,963.74,15.0,963.74,144.56,173.9,28.34,400,False,0,0.0,819.18,216.94,26.48,UPI,Delivered
ORD01204,2025-05-26,C0203,Consumer,South,Chennai,Marketplace,P005,Mechanical Keyboard,Electronics,5,2956.49,15.0,14782.45,2217.37,81.93,434.16,8250,False,0,0.0,12565.08,3798.99,30.23,UPI,Delivered
ORD01205,2025-12-28,C0397,Home Office,North,Delhi,Website,P018,Premium Pen Set,Stationery,1,946.16,10.0,946.16,94.62,59.95,13.17,400,False,0,0.0,851.54,378.42,44.44,UPI,Delivered
ORD01206,2025-05-13,C0295,Consumer,South,Hyderabad,Marketplace,P009,Office Backpack,Accessories,1,1687.56,10.0,1687.56,168.76,138.01,40.08,1000,False,0,0.0,1518.8,340.71,22.43,COD,Delivered
ORD01207,2024-10-22,C0144,Consumer,North,Jaipur,Mobile App,P009,Office Backpack,Accessories,1,1749.06,10.0,1749.06,174.91,69.81,45.89,1000,False,0,0.0,1574.15,458.45,29.12,UPI,Delivered
ORD01208,2024-01-29,C0244,Consumer,South,Kochi,Website,P014,Air Fryer,Home & Kitchen,2,6035.59,0.0,12071.18,0.0,77.53,294.78,7000,False,0,0.0,12071.18,4698.87,38.93,UPI,Delivered
ORD01209,2025-05-08,C0236,Corporate,South,Bengaluru,Mobile App,P013,Coffee Maker,Home & Kitchen,1,4528.73,10.0,4528.73,452.87,60.13,89.95,2550,False,0,0.0,4075.86,1375.78,33.75,COD,Delivered
ORD01210,2025-02-02,C0460,Consumer,West,Surat,Website,P011,Leather Wallet,Accessories,1,1059.43,5.0,1059.43,52.97,40.01,32.98,550,True,1,1006.46,0.0,-622.99,0.0,Debit Card,Returned
ORD01211,2024-01-22,C0068,Corporate,South,Chennai,Mobile App,P015,Electric Kettle,Home & Kitchen,2,1869.54,5.0,3739.08,186.95,146.81,71.18,2100,False,0,0.0,3552.13,1234.14,34.74,Debit Card,Delivered
ORD01212,2025-09-14,C0559,Corporate,East,Ranchi,Website,P018,Premium Pen Set,Stationery,2,940.13,5.0,1880.26,94.01,217.64,45.9,800,False,0,0.0,1786.25,722.71,40.46,UPI,Delivered
ORD01213,2025-07-19,C0478,Consumer,North,Chandigarh,Mobile App,P008,Fitness Band,Sports,1,2019.52,0.0,2019.52,0.0,218.41,54.96,1200,False,0,0.0,2019.52,546.15,27.04,Credit Card,Delivered
ORD01214,2024-11-24,C0047,Consumer,North,Jaipur,Website,P009,Office Backpack,Accessories,1,1744.35,5.0,1744.35,87.22,122.9,43.32,1000,False,0,0.0,1657.13,490.91,29.62,Credit Card,Delivered
ORD01215,2024-03-21,C0275,Consumer,North,Delhi,Marketplace,P017,Notebook Set,Stationery,2,566.56,15.0,1133.12,169.97,115.96,29.56,520,False,0,0.0,963.15,297.63,30.9,Debit Card,Delivered
ORD01216,2025-06-21,C0239,Corporate,South,Bengaluru,Website,P012,Sunglasses,Accessories,1,1665.36,0.0,1665.36,0.0,217.01,46.31,850,True,1,1665.36,0.0,-1113.32,0.0,UPI,Returned
ORD01217,2024-10-23,C0095,Corporate,North,Delhi,Marketplace,P002,Smart Watch,Electronics,4,3388.41,0.0,13553.64,0.0,216.59,414.72,7600,False,0,0.0,13553.64,5322.33,39.27,UPI,Delivered
ORD01218,2024-04-09,C0343,Consumer,South,Hyderabad,Mobile App,P008,Fitness Band,Sports,1,2191.0,10.0,2191.0,219.1,63.24,44.8,1200,False,0,0.0,1971.9,663.86,33.67,UPI,Delivered
ORD01219,2025-08-25,C0322,Corporate,West,Pune,Website,P018,Premium Pen Set,Stationery,2,846.15,5.0,1692.3,84.62,207.85,43.38,800,False,0,0.0,1607.68,556.45,34.61,UPI,Delivered
ORD01220,2024-11-25,C0299,Corporate,West,Ahmedabad,Mobile App,P012,Sunglasses,Accessories,2,1568.43,0.0,3136.86,0.0,112.38,97.39,1700,False,0,0.0,3136.86,1227.09,39.12,COD,Delivered
ORD01221,2024-03-14,C0246,Home Office,North,Jaipur,Website,P016,Desk Lamp,Home & Kitchen,1,1508.79,5.0,1508.79,75.44,168.43,41.21,750,True,1,1433.35,0.0,-959.64,0.0,UPI,Returned
ORD01222,2024-09-07,C0160,Corporate,East,Ranchi,Website,P007,Yoga Mat,Sports,3,1270.76,10.0,3812.28,381.23,188.02,83.5,1950,False,0,0.0,3431.05,1209.53,35.25,Credit Card,Delivered
ORD01223,2025-04-17,C0486,Home Office,North,Chandigarh,Mobile App,P001,Wireless Headphones,Electronics,1,1763.37,0.0,1763.37,0.0,142.4,43.9,1050,False,0,0.0,1763.37,527.07,29.89,Debit Card,Delivered
ORD01224,2025-06-05,C0105,Home Office,West,Mumbai,Mobile App,P017,Notebook Set,Stationery,1,633.7,15.0,633.7,95.06,177.36,11.2,260,False,0,0.0,538.64,90.08,16.72,COD,Delivered
ORD01225,2024-09-23,C0354,Consumer,West,Mumbai,Mobile App,P018,Premium Pen Set,Stationery,1,904.99,0.0,904.99,0.0,218.75,31.65,400,False,0,0.0,904.99,254.59,28.13,Credit Card,Delivered
ORD01226,2024-11-24,C0172,Consumer,North,Delhi,Marketplace,P006,Running Shoes,Sports,1,3620.84,5.0,3620.84,181.04,72.04,68.58,2100,False,0,0.0,3439.8,1199.18,34.86,Debit Card,Delivered
ORD01227,2025-03-11,C0189,Consumer,East,Kolkata,Website,P015,Electric Kettle,Home & Kitchen,1,1806.92,10.0,1806.92,180.69,249.94,34.88,1050,False,0,0.0,1626.23,291.41,17.92,Net Banking,Cancelled
ORD01228,2025-03-10,C0527,Consumer,South,Chennai,Mobile App,P012,Sunglasses,Accessories,2,1514.32,10.0,3028.64,302.86,178.49,89.6,1700,False,0,0.0,2725.78,757.69,27.8,UPI,Delivered
ORD01229,2025-08-10,C0489,Home Office,South,Bengaluru,Mobile App,P018,Premium Pen Set,Stationery,1,888.58,15.0,888.58,133.29,161.4,16.89,400,False,0,0.0,755.29,177.0,23.43,Credit Card,Delivered
ORD01230,2025-11-25,C0034,Home Office,South,Hyderabad,Mobile App,P009,Office Backpack,Accessories,3,1848.33,0.0,5544.99,0.0,238.66,101.54,3000,True,1,1848.33,3696.66,356.46,9.64,Debit Card,Returned
ORD01231,2024-06-02,C0510,Corporate,East,Ranchi,Website,P008,Fitness Band,Sports,3,2105.18,0.0,6315.54,0.0,61.92,104.14,3600,False,0,0.0,6315.54,2549.48,40.37,Net Banking,Delivered
ORD01232,2024-02-26,C0300,Consumer,South,Hyderabad,Website,P012,Sunglasses,Accessories,3,1650.48,5.0,4951.44,247.57,60.26,86.45,2550,False,0,0.0,4703.87,2007.16,42.67,Credit Card,Delivered
ORD01233,2024-09-28,C0100,Consumer,East,Bhubaneswar,Mobile App,P004,Laptop Stand,Electronics,1,1400.75,10.0,1400.75,140.07,150.38,41.0,850,False,0,0.0,1260.68,219.3,17.4,UPI,Delivered
ORD01234,2024-03-22,C0398,Consumer,South,Kochi,Website,P019,Planner,Stationery,1,737.25,5.0,737.25,36.86,226.99,17.07,320,False,0,0.0,700.39,136.33,19.46,UPI,Delivered
ORD01235,2024-11-28,C0405,Consumer,East,Bhubaneswar,Website,P015,Electric Kettle,Home & Kitchen,2,1908.58,5.0,3817.16,190.86,100.66,70.77,2100,False,0,0.0,3626.3,1354.87,37.36,Debit Card,Delivered
ORD01236,2025-06-21,C0104,Consumer,East,Kolkata,Marketplace,P018,Premium Pen Set,Stationery,5,969.84,5.0,4849.2,242.46,121.27,138.45,2000,False,0,0.0,4606.74,2347.02,50.95,COD,Delivered
ORD01237,2024-06-28,C0409,Home Office,East,Patna,Marketplace,P019,Planner,Stationery,3,766.39,20.0,2299.17,459.83,220.73,42.99,960,False,0,0.0,1839.34,615.62,33.47,UPI,Delivered
ORD01238,2024-02-29,C0477,Consumer,South,Kochi,Website,P002,Smart Watch,Electronics,1,3386.68,10.0,3386.68,338.67,71.82,51.54,1900,False,0,0.0,3048.01,1024.65,33.62,Credit Card,Delivered
ORD01239,2024-09-07,C0212,Corporate,West,Ahmedabad,Website,P019,Planner,Stationery,2,702.45,10.0,1404.9,140.49,205.58,36.54,640,False,0,0.0,1264.41,382.29,30.23,Credit Card,Delivered
ORD01240,2024-05-13,C0445,Corporate,West,Surat,Website,P016,Desk Lamp,Home & Kitchen,1,1430.29,0.0,1430.29,0.0,103.34,22.51,750,False,0,0.0,1430.29,554.44,38.76,Debit Card,Delivered
ORD01241,2024-07-05,C0043,Consumer,West,Ahmedabad,Website,P002,Smart Watch,Electronics,2,3224.18,15.0,6448.36,967.25,118.54,100.47,3800,False,0,0.0,5481.11,1462.1,26.68,Credit Card,Delivered
ORD01242,2025-08-01,C0122,Home Office,East,Ranchi,Website,P003,Bluetooth Speaker,Electronics,1,2115.38,0.0,2115.38,0.0,192.24,54.42,1300,False,0,0.0,2115.38,568.72,26.89,UPI,Cancelled
ORD01243,2024-03-23,C0006,Consumer,South,Hyderabad,Mobile App,P002,Smart Watch,Electronics,4,3016.77,5.0,12067.08,603.35,44.77,394.86,7600,False,0,0.0,11463.73,3424.1,29.87,Credit Card,Cancelled
ORD01244,2024-10-22,C0236,Corporate,South,Chennai,Mobile App,P019,Planner,Stationery,1,767.27,5.0,767.27,38.36,110.24,23.82,320,False,0,0.0,728.91,274.85,37.71,Net Banking,Delivered
ORD01245,2025-10-11,C0065,Consumer,West,Ahmedabad,Website,P010,Travel Bag,Accessories,1,2551.45,5.0,2551.45,127.57,59.65,41.9,1450,False,0,0.0,2423.88,872.33,35.99,Net Banking,Delivered
ORD01246,2024-09-10,C0460,Consumer,South,Kochi,Mobile App,P012,Sunglasses,Accessories,1,1522.69,10.0,1522.69,152.27,138.5,45.66,850,False,0,0.0,1370.42,336.26,24.54,Debit Card,Delivered
ORD01247,2024-01-30,C0291,Consumer,West,Pune,Website,P019,Planner,Stationery,1,716.84,0.0,716.84,0.0,179.86,19.57,320,False,0,0.0,716.84,197.41,27.54,UPI,Delivered
ORD01248,2024-04-12,C0246,Home Office,South,Hyderabad,Marketplace,P019,Planner,Stationery,3,773.66,15.0,2320.98,348.15,116.69,49.75,960,False,0,0.0,1972.83,846.39,42.9,Debit Card,Delivered
ORD01249,2024-05-12,C0197,Corporate,East,Kolkata,Mobile App,P003,Bluetooth Speaker,Electronics,3,2129.58,0.0,6388.74,0.0,79.63,198.2,3900,False,0,0.0,6388.74,2210.91,34.61,Debit Card,Cancelled
ORD01250,2024-08-09,C0436,Corporate,West,Surat,Website,P010,Travel Bag,Accessories,3,2758.63,5.0,8275.89,413.79,123.0,222.92,4350,False,0,0.0,7862.1,3166.18,40.27,UPI,Delivered
ORD01251,2025-03-19,C0441,Consumer,South,Kochi,Website,P016,Desk Lamp,Home & Kitchen,1,1361.08,5.0,1361.08,68.05,141.55,31.86,750,False,0,0.0,1293.03,369.62,28.59,Net Banking,Delivered
ORD01252,2025-09-13,C0293,Corporate,East,Kolkata,Website,P011,Leather Wallet,Accessories,1,1115.8,0.0,1115.8,0.0,183.79,28.54,550,False,0,0.0,1115.8,353.47,31.68,Net Banking,Delivered
ORD01253,2024-08-03,C0437,Consumer,South,Kochi,Mobile App,P001,Wireless Headphones,Electronics,1,1708.09,5.0,1708.09,85.4,60.81,55.41,1050,True,1,1622.69,0.0,-1166.22,0.0,Credit Card,Returned
ORD01254,2025-09-22,C0270,Consumer,South,Kochi,Mobile App,P006,Running Shoes,Sports,6,3421.02,5.0,20526.12,1026.31,163.9,402.5,12600,False,0,0.0,19499.81,6333.41,32.48,Credit Card,Delivered
ORD01255,2025-01-06,C0289,Consumer,North,Jaipur,Mobile App,P015,Electric Kettle,Home & Kitchen,1,1912.48,15.0,1912.48,286.87,61.31,27.69,1050,False,0,0.0,1625.61,486.61,29.93,Debit Card,Delivered
ORD01256,2025-10-05,C0274,Home Office,East,Bhubaneswar,Mobile App,P005,Mechanical Keyboard,Electronics,2,3000.65,5.0,6001.3,300.06,114.35,155.42,3300,False,0,0.0,5701.24,2131.47,37.39,Credit Card,Delivered
ORD01257,2024-07-06,C0052,Corporate,North,Chandigarh,Website,P001,Wireless Headphones,Electronics,1,1656.12,5.0,1656.12,82.81,45.36,48.22,1050,True,1,1573.31,0.0,-1143.58,0.0,Debit Card,Returned
ORD01258,2024-04-11,C0063,Corporate,West,Mumbai,Marketplace,P001,Wireless Headphones,Electronics,4,1774.6,10.0,7098.4,709.84,189.16,211.99,4200,False,0,0.0,6388.56,1787.41,27.98,Credit Card,Delivered
ORD01259,2024-01-03,C0259,Consumer,South,Kochi,Website,P017,Notebook Set,Stationery,1,553.27,0.0,553.27,0.0,154.15,12.48,260,False,0,0.0,553.27,126.64,22.89,Debit Card,Delivered
ORD01260,2024-02-17,C0107,Consumer,North,Lucknow,Marketplace,P005,Mechanical Keyboard,Electronics,1,2658.07,10.0,2658.07,265.81,73.48,63.49,1650,False,0,0.0,2392.26,605.29,25.3,Credit Card,Delivered
ORD01261,2025-09-07,C0371,Consumer,West,Ahmedabad,Marketplace,P009,Office Backpack,Accessories,1,1779.27,20.0,1779.27,355.85,85.82,24.28,1000,False,0,0.0,1423.42,313.32,22.01,UPI,Delivered
ORD01262,2025-07-09,C0295,Consumer,East,Kolkata,Website,P005,Mechanical Keyboard,Electronics,3,2673.22,0.0,8019.66,0.0,186.63,257.52,4950,False,0,0.0,8019.66,2625.51,32.74,Credit Card,Cancelled
ORD01263,2024-02-29,C0499,Home Office,West,Surat,Mobile App,P014,Air Fryer,Home & Kitchen,2,6051.53,10.0,12103.06,1210.31,109.91,190.83,7000,False,0,0.0,10892.75,3592.01,32.98,UPI,Delivered
ORD01264,2025-10-05,C0047,Consumer,North,Delhi,Website,P011,Leather Wallet,Accessories,1,1078.88,10.0,1078.88,107.89,61.44,27.52,550,False,0,0.0,970.99,332.03,34.19,UPI,Cancelled
ORD01265,2024-01-08,C0549,Consumer,East,Kolkata,Website,P019,Planner,Stationery,2,694.71,5.0,1389.42,69.47,63.72,28.85,640,False,0,0.0,1319.95,587.38,44.5,UPI,Delivered
ORD01266,2025-06-11,C0243,Home Office,South,Chennai,Website,P016,Desk Lamp,Home & Kitchen,1,1393.95,10.0,1393.95,139.4,216.92,41.38,750,False,0,0.0,1254.55,246.25,19.63,Debit Card,Cancelled
ORD01267,2024-09-14,C0347,Corporate,North,Chandigarh,Website,P002,Smart Watch,Electronics,5,3252.11,0.0,16260.55,0.0,85.06,262.52,9500,False,0,0.0,16260.55,6412.97,39.44,Credit Card,Delivered
ORD01268,2024-04-24,C0203,Consumer,West,Pune,Website,P016,Desk Lamp,Home & Kitchen,1,1426.46,10.0,1426.46,142.65,170.0,35.09,750,False,0,0.0,1283.81,328.72,25.61,COD,Delivered
ORD01269,2024-04-17,C0595,Home Office,South,Bengaluru,Marketplace,P011,Leather Wallet,Accessories,2,1098.57,10.0,2197.14,219.71,197.48,65.45,1100,False,0,0.0,1977.43,614.5,31.08,Net Banking,Delivered
ORD01270,2025-05-12,C0148,Consumer,North,Chandigarh,Marketplace,P001,Wireless Headphones,Electronics,3,1696.74,10.0,5090.22,509.02,146.61,138.96,3150,False,0,0.0,4581.2,1145.63,25.01,UPI,Delivered
ORD01271,2025-03-23,C0226,Consumer,South,Hyderabad,Mobile App,P017,Notebook Set,Stationery,2,637.38,10.0,1274.76,127.48,247.33,31.62,520,False,0,0.0,1147.28,348.33,30.36,UPI,Delivered
ORD01272,2025-02-19,C0145,Consumer,North,Jaipur,Marketplace,P004,Laptop Stand,Electronics,1,1577.37,0.0,1577.37,0.0,85.73,38.78,850,False,0,0.0,1577.37,602.86,38.22,UPI,Delivered
ORD01273,2024-02-09,C0081,Home Office,East,Kolkata,Mobile App,P017,Notebook Set,Stationery,1,577.93,15.0,577.93,86.69,173.66,15.94,260,False,0,0.0,491.24,41.64,8.48,Debit Card,Delivered
ORD01274,2024-01-27,C0072,Consumer,West,Pune,Mobile App,P020,Study Table Organizer,Stationery,1,1016.16,0.0,1016.16,0.0,239.02,22.11,450,False,0,0.0,1016.16,305.03,30.02,UPI,Delivered
ORD01275,2025-06-26,C0484,Corporate,West,Ahmedabad,Website,P010,Travel Bag,Accessories,1,2739.51,5.0,2739.51,136.98,126.61,75.97,1450,False,0,0.0,2602.53,949.95,36.5,UPI,Delivered
ORD01276,2024-10-23,C0197,Corporate,East,Bhubaneswar,Website,P015,Electric Kettle,Home & Kitchen,1,1896.5,0.0,1896.5,0.0,156.54,47.77,1050,False,0,0.0,1896.5,642.19,33.86,Debit Card,Delivered
ORD01277,2025-09-29,C0138,Corporate,West,Surat,Mobile App,P001,Wireless Headphones,Electronics,2,1777.13,0.0,3554.26,0.0,210.92,70.4,2100,False,0,0.0,3554.26,1172.94,33.0,UPI,Delivered
ORD01278,2024-06-28,C0017,Consumer,West,Mumbai,Mobile App,P009,Office Backpack,Accessories,1,1870.29,10.0,1870.29,187.03,114.56,36.65,1000,True,1,1683.26,0.0,-1151.21,0.0,COD,Returned
ORD01279,2024-08-23,C0596,Consumer,North,Delhi,Website,P015,Electric Kettle,Home & Kitchen,3,1673.27,10.0,5019.81,501.98,118.93,69.47,3150,True,2,3011.89,1505.94,-1832.46,-121.68,Credit Card,Returned
ORD01280,2025-10-13,C0013,Corporate,South,Kochi,Website,P008,Fitness Band,Sports,1,2166.4,5.0,2166.4,108.32,211.49,54.44,1200,False,0,0.0,2058.08,592.15,28.77,UPI,Delivered
ORD01281,2025-06-17,C0003,Corporate,West,Surat,Mobile App,P005,Mechanical Keyboard,Electronics,3,2705.34,5.0,8116.02,405.8,237.29,256.67,4950,True,1,2570.07,5140.15,-303.81,-5.91,UPI,Returned
ORD01282,2025-10-30,C0541,Home Office,South,Kochi,Mobile App,P018,Premium Pen Set,Stationery,2,893.71,5.0,1787.42,89.37,165.67,26.47,800,False,0,0.0,1698.05,705.91,41.57,Debit Card,Delivered
ORD01283,2024-11-12,C0286,Consumer,West,Ahmedabad,Website,P014,Air Fryer,Home & Kitchen,2,6201.58,10.0,12403.16,1240.32,213.64,212.94,7000,False,0,0.0,11162.84,3736.26,33.47,Debit Card,Delivered
ORD01284,2024-05-14,C0503,Consumer,West,Mumbai,Mobile App,P014,Air Fryer,Home & Kitchen,5,5764.13,10.0,28820.65,2882.06,83.21,592.07,17500,False,0,0.0,25938.59,7763.31,29.93,UPI,Delivered
ORD01285,2025-05-07,C0261,Consumer,North,Delhi,Marketplace,P008,Fitness Band,Sports,1,2249.94,10.0,2249.94,224.99,189.96,63.39,1200,False,0,0.0,2024.95,571.6,28.23,UPI,Delivered
ORD01286,2024-07-09,C0252,Consumer,West,Mumbai,Mobile App,P019,Planner,Stationery,2,800.89,15.0,1601.78,240.27,183.73,25.92,640,False,0,0.0,1361.51,511.86,37.6,UPI,Delivered
ORD01287,2024-04-20,C0059,Consumer,South,Bengaluru,Marketplace,P011,Leather Wallet,Accessories,2,1093.69,10.0,2187.38,218.74,173.63,57.88,1100,False,0,0.0,1968.64,637.13,32.36,Credit Card,Delivered
ORD01288,2025-05-14,C0074,Corporate,East,Kolkata,Website,P003,Bluetooth Speaker,Electronics,2,2220.14,10.0,4440.28,444.03,109.93,94.25,2600,False,0,0.0,3996.25,1192.07,29.83,Credit Card,Delivered
ORD01289,2025-09-12,C0526,Consumer,West,Pune,Website,P008,Fitness Band,Sports,5,2106.56,10.0,10532.8,1053.28,174.35,177.36,6000,False,0,0.0,9479.52,3127.81,33.0,Debit Card,Delivered
ORD01290,2025-12-06,C0378,Consumer,South,Hyderabad,Website,P012,Sunglasses,Accessories,3,1713.53,15.0,5140.59,771.09,249.71,103.45,2550,False,0,0.0,4369.5,1466.34,33.56,Credit Card,Delivered
ORD01291,2024-01-04,C0328,Consumer,West,Ahmedabad,Mobile App,P012,Sunglasses,Accessories,1,1697.78,0.0,1697.78,0.0,103.84,30.96,850,False,0,0.0,1697.78,712.98,41.99,Debit Card,Delivered
ORD01292,2024-09-20,C0299,Corporate,East,Patna,Website,P017,Notebook Set,Stationery,1,645.89,5.0,645.89,32.29,165.88,15.09,260,False,0,0.0,613.6,172.63,28.13,Debit Card,Delivered
ORD01293,2024-07-08,C0416,Consumer,West,Pune,Mobile App,P014,Air Fryer,Home & Kitchen,1,6005.52,0.0,6005.52,0.0,141.15,189.59,3500,False,0,0.0,6005.52,2174.78,36.21,Net Banking,Delivered
ORD01294,2025-06-16,C0314,Home Office,East,Kolkata,Website,P003,Bluetooth Speaker,Electronics,5,2312.0,0.0,11560.0,0.0,161.63,359.36,6500,False,0,0.0,11560.0,4539.01,39.26,Credit Card,Delivered
ORD01295,2024-09-20,C0382,Corporate,South,Bengaluru,Mobile App,P018,Premium Pen Set,Stationery,1,876.5,10.0,876.5,87.65,190.18,20.55,400,False,0,0.0,788.85,178.12,22.58,UPI,Delivered
ORD01296,2025-05-06,C0009,Consumer,West,Mumbai,Mobile App,P006,Running Shoes,Sports,2,3576.38,5.0,7152.76,357.64,176.19,181.35,4200,False,0,0.0,6795.12,2237.58,32.93,Credit Card,Delivered
ORD01297,2025-06-02,C0526,Consumer,West,Ahmedabad,Marketplace,P010,Travel Bag,Accessories,1,2709.12,10.0,2709.12,270.91,231.16,43.2,1450,False,0,0.0,2438.21,713.85,29.28,Debit Card,Delivered
ORD01298,2025-12-18,C0047,Consumer,South,Kochi,Mobile App,P016,Desk Lamp,Home & Kitchen,1,1324.6,5.0,1324.6,66.23,202.93,37.72,750,False,0,0.0,1258.37,267.72,21.28,UPI,Delivered
ORD01299,2025-10-21,C0031,Consumer,North,Jaipur,Mobile App,P002,Smart Watch,Electronics,1,3035.3,5.0,3035.3,151.76,67.59,50.82,1900,False,0,0.0,2883.54,865.13,30.0,Debit Card,Delivered
ORD01300,2024-04-22,C0174,Consumer,West,Mumbai,Mobile App,P018,Premium Pen Set,Stationery,1,938.33,15.0,938.33,140.75,167.59,26.3,400,False,0,0.0,797.58,203.69,25.54,Credit Card,Delivered
ORD01301,2024-12-21,C0468,Home Office,East,Bhubaneswar,Website,P012,Sunglasses,Accessories,1,1542.52,0.0,1542.52,0.0,226.76,38.9,850,False,0,0.0,1542.52,426.86,27.67,UPI,Delivered
ORD01302,2025-03-12,C0514,Home Office,South,Chennai,Website,P009,Office Backpack,Accessories,1,1782.15,0.0,1782.15,0.0,83.82,46.47,1000,False,0,0.0,1782.15,651.86,36.58,UPI,Delivered
ORD01303,2024-04-23,C0134,Consumer,North,Jaipur,Mobile App,P020,Study Table Organizer,Stationery,2,1019.82,5.0,2039.64,101.98,136.93,33.28,900,False,0,0.0,1937.66,867.45,44.77,UPI,Delivered
ORD01304,2024-04-24,C0575,Home Office,North,Jaipur,Website,P016,Desk Lamp,Home & Kitchen,5,1421.24,5.0,7106.2,355.31,58.0,174.24,3750,False,0,0.0,6750.89,2768.65,41.01,UPI,Delivered
ORD01305,2025-01-11,C0159,Consumer,East,Kolkata,Marketplace,P017,Notebook Set,Stationery,2,567.05,10.0,1134.1,113.41,191.74,29.01,520,False,0,0.0,1020.69,279.94,27.43,Net Banking,Delivered
ORD01306,2025-01-16,C0225,Consumer,West,Surat,Website,P004,Laptop Stand,Electronics,1,1519.95,10.0,1519.95,152.0,247.59,29.91,850,False,0,0.0,1367.95,240.45,17.58,Debit Card,Delivered
ORD01307,2024-05-06,C0028,Consumer,West,Surat,Marketplace,P013,Coffee Maker,Home & Kitchen,2,3938.64,15.0,7877.28,1181.59,50.72,101.03,5100,False,0,0.0,6695.69,1443.94,21.57,UPI,Delivered
ORD01308,2025-10-29,C0421,Corporate,West,Ahmedabad,Website,P008,Fitness Band,Sports,1,1934.83,10.0,1934.83,193.48,152.14,48.15,1200,False,0,0.0,1741.35,341.06,19.59,Credit Card,Delivered
ORD01309,2024-07-17,C0108,Corporate,East,Kolkata,Website,P019,Planner,Stationery,1,762.11,0.0,762.11,0.0,151.62,16.09,320,False,0,0.0,762.11,274.4,36.01,Credit Card,Delivered
ORD01310,2025-06-27,C0202,Consumer,North,Jaipur,Website,P002,Smart Watch,Electronics,1,3179.0,0.0,3179.0,0.0,48.97,91.22,1900,False,0,0.0,3179.0,1138.81,35.82,COD,Delivered
ORD01311,2024-02-29,C0368,Home Office,South,Kochi,Marketplace,P006,Running Shoes,Sports,1,3671.14,10.0,3671.14,367.11,56.91,72.79,2100,False,0,0.0,3304.03,1074.33,32.52,Credit Card,Delivered
ORD01312,2024-03-17,C0599,Consumer,North,Lucknow,Marketplace,P004,Laptop Stand,Electronics,2,1515.04,10.0,3030.08,303.01,213.82,70.4,1700,False,0,0.0,2727.07,742.85,27.24,UPI,Cancelled
ORD01313,2025-06-17,C0267,Corporate,West,Pune,Mobile App,P013,Coffee Maker,Home & Kitchen,5,4445.17,10.0,22225.85,2222.58,183.28,644.04,12750,False,0,0.0,20003.27,6425.95,32.12,COD,Delivered
ORD01314,2025-03-21,C0394,Corporate,West,Pune,Website,P005,Mechanical Keyboard,Electronics,1,2664.75,10.0,2664.75,266.48,62.73,42.6,1650,False,0,0.0,2398.27,642.94,26.81,Credit Card,Delivered
ORD01315,2024-02-01,C0367,Home Office,North,Chandigarh,Marketplace,P019,Planner,Stationery,1,691.78,10.0,691.78,69.18,141.75,19.77,320,False,0,0.0,622.6,141.08,22.66,UPI,Delivered
ORD01316,2025-01-12,C0102,Corporate,West,Ahmedabad,Website,P017,Notebook Set,Stationery,2,601.35,5.0,1202.7,60.14,79.76,24.38,520,False,0,0.0,1142.56,518.42,45.37,Credit Card,Delivered
ORD01317,2025-09-05,C0482,Corporate,South,Bengaluru,Marketplace,P014,Air Fryer,Home & Kitchen,1,5993.58,20.0,5993.58,1198.72,148.73,134.09,3500,False,0,0.0,4794.86,1012.04,21.11,UPI,Delivered
ORD01318,2025-02-24,C0217,Consumer,East,Bhubaneswar,Mobile App,P012,Sunglasses,Accessories,1,1518.55,5.0,1518.55,75.93,115.98,46.65,850,False,0,0.0,1442.62,429.99,29.81,Net Banking,Delivered
ORD01319,2024-10-29,C0242,Home Office,North,Delhi,Website,P008,Fitness Band,Sports,2,1986.9,0.0,3973.8,0.0,157.69,118.26,2400,False,0,0.0,3973.8,1297.85,32.66,Credit Card,Delivered
ORD01320,2024-03-30,C0333,Consumer,West,Pune,Website,P015,Electric Kettle,Home & Kitchen,1,1739.15,5.0,1739.15,86.96,202.51,33.3,1050,False,0,0.0,1652.19,366.38,22.18,UPI,Delivered
ORD01321,2025-01-14,C0208,Corporate,West,Mumbai,Mobile App,P002,Smart Watch,Electronics,1,3404.13,0.0,3404.13,0.0,226.03,59.68,1900,True,1,3404.13,0.0,-2185.71,0.0,UPI,Returned
ORD01322,2024-05-14,C0026,Corporate,North,Delhi,Marketplace,P017,Notebook Set,Stationery,2,629.21,5.0,1258.42,62.92,72.14,33.04,520,False,0,0.0,1195.5,570.32,47.71,UPI,Delivered
ORD01323,2025-05-30,C0480,Consumer,North,Jaipur,Website,P009,Office Backpack,Accessories,2,1684.83,10.0,3369.66,336.97,229.09,76.69,2000,True,2,3032.69,0.0,-2305.78,0.0,Credit Card,Returned
ORD01324,2024-12-09,C0521,Consumer,West,Pune,Mobile App,P002,Smart Watch,Electronics,2,3338.59,5.0,6677.18,333.86,173.97,155.65,3800,False,0,0.0,6343.32,2213.7,34.9,COD,Delivered
ORD01325,2025-05-19,C0137,Consumer,South,Hyderabad,Marketplace,P002,Smart Watch,Electronics,1,3338.22,10.0,3338.22,333.82,215.43,80.58,1900,False,0,0.0,3004.4,808.39,26.91,UPI,Delivered
ORD01326,2024-12-22,C0548,Corporate,West,Surat,Website,P001,Wireless Headphones,Electronics,1,1892.43,0.0,1892.43,0.0,249.78,40.77,1050,False,0,0.0,1892.43,551.88,29.16,COD,Delivered
ORD01327,2024-07-12,C0117,Corporate,West,Ahmedabad,Website,P002,Smart Watch,Electronics,6,3415.69,10.0,20494.14,2049.41,147.94,328.68,11400,False,0,0.0,18444.73,6568.11,35.61,Credit Card,Cancelled
ORD01328,2025-06-06,C0189,Consumer,South,Chennai,Website,P006,Running Shoes,Sports,1,3565.38,10.0,3565.38,356.54,153.5,75.31,2100,False,0,0.0,3208.84,880.03,27.43,Credit Card,Delivered
ORD01329,2024-01-27,C0290,Consumer,North,Delhi,Marketplace,P017,Notebook Set,Stationery,2,614.19,0.0,1228.38,0.0,75.89,30.12,520,False,0,0.0,1228.38,602.37,49.04,Debit Card,Delivered
ORD01330,2024-03-12,C0489,Home Office,West,Ahmedabad,Mobile App,P014,Air Fryer,Home & Kitchen,1,5840.02,0.0,5840.02,0.0,183.5,118.14,3500,False,0,0.0,5840.02,2038.38,34.9,UPI,Delivered
ORD01331,2024-02-27,C0451,Corporate,North,Chandigarh,Website,P003,Bluetooth Speaker,Electronics,2,2317.35,10.0,4634.7,463.47,239.94,140.58,2600,False,0,0.0,4171.23,1190.71,28.55,Credit Card,Delivered
ORD01332,2024-06-23,C0444,Consumer,South,Hyderabad,Website,P001,Wireless Headphones,Electronics,3,1878.83,5.0,5636.49,281.82,103.96,152.9,3150,False,0,0.0,5354.67,1947.81,36.38,Debit Card,Delivered
ORD01333,2025-05-07,C0491,Consumer,West,Mumbai,Website,P008,Fitness Band,Sports,1,2255.0,5.0,2255.0,112.75,95.39,74.36,1200,True,1,2142.25,0.0,-1369.75,0.0,UPI,Returned
ORD01335,2024-10-10,C0047,Consumer,West,Ahmedabad,Marketplace,P002,Smart Watch,Electronics,5,3006.16,10.0,15030.8,1503.08,59.45,262.61,9500,False,0,0.0,13527.72,3705.66,27.39,UPI,Delivered
ORD01336,2024-09-28,C0032,Consumer,South,Hyderabad,Website,P008,Fitness Band,Sports,3,2186.33,5.0,6558.99,327.95,152.72,188.14,3600,False,0,0.0,6231.04,2290.18,36.75,UPI,Delivered
ORD01337,2024-03-12,C0491,Consumer,West,Mumbai,Website,P013,Coffee Maker,Home & Kitchen,1,4120.22,15.0,4120.22,618.03,67.15,80.85,2550,True,1,3502.19,0.0,-2698.0,0.0,Net Banking,Returned
ORD01338,2024-02-27,C0325,Home Office,West,Mumbai,Website,P004,Laptop Stand,Electronics,1,1486.79,10.0,1486.79,148.68,158.64,45.16,850,False,0,0.0,1338.11,284.31,21.25,COD,Delivered
ORD01339,2025-10-11,C0168,Consumer,West,Mumbai,Marketplace,P012,Sunglasses,Accessories,1,1564.47,10.0,1564.47,156.45,154.31,45.73,850,False,0,0.0,1408.02,357.98,25.42,Credit Card,Delivered
ORD01340,2024-01-22,C0194,Corporate,North,Chandigarh,Website,P013,Coffee Maker,Home & Kitchen,3,3998.15,0.0,11994.45,0.0,217.16,304.92,7650,False,0,0.0,11994.45,3822.37,31.87,UPI,Delivered
ORD01341,2025-12-20,C0022,Consumer,North,Lucknow,Marketplace,P001,Wireless Headphones,Electronics,6,1879.49,15.0,11276.94,1691.54,73.04,186.99,6300,False,0,0.0,9585.4,3025.37,31.56,Credit Card,Delivered
ORD01342,2025-01-01,C0492,Corporate,South,Hyderabad,Mobile App,P004,Laptop Stand,Electronics,4,1380.02,10.0,5520.08,552.01,242.43,110.29,3400,False,0,0.0,4968.07,1215.35,24.46,UPI,Delivered
ORD01343,2024-11-14,C0132,Consumer,West,Surat,Website,P008,Fitness Band,Sports,1,2079.62,10.0,2079.62,207.96,74.97,46.14,1200,False,0,0.0,1871.66,550.55,29.42,UPI,Delivered
ORD01344,2024-09-04,C0264,Consumer,West,Mumbai,Marketplace,P006,Running Shoes,Sports,1,3756.72,20.0,3756.72,751.34,135.85,47.94,2100,False,0,0.0,3005.38,721.59,24.01,UPI,Delivered
ORD01345,2025-06-04,C0066,Consumer,South,Kochi,Website,P010,Travel Bag,Accessories,1,2716.33,0.0,2716.33,0.0,206.96,65.4,1450,False,0,0.0,2716.33,993.97,36.59,Credit Card,Delivered
ORD01346,2024-01-31,C0510,Corporate,South,Bengaluru,Marketplace,P019,Planner,Stationery,1,809.82,15.0,809.82,121.47,76.63,21.88,320,False,0,0.0,688.35,269.84,39.2,Credit Card,Delivered
ORD01347,2024-08-09,C0288,Consumer,West,Ahmedabad,Website,P018,Premium Pen Set,Stationery,1,901.43,10.0,901.43,90.14,76.39,12.5,400,False,0,0.0,811.29,322.4,39.74,COD,Delivered
ORD01349,2024-05-06,C0335,Consumer,South,Kochi,Website,P013,Coffee Maker,Home & Kitchen,1,4261.78,0.0,4261.78,0.0,75.01,113.9,2550,False,0,0.0,4261.78,1522.87,35.73,UPI,Delivered
ORD01350,2025-12-29,C0044,Home Office,West,Mumbai,Marketplace,P010,Travel Bag,Accessories,1,2505.76,10.0,2505.76,250.58,147.75,59.67,1450,False,0,0.0,2255.18,597.76,26.51,UPI,Delivered
ORD01351,2024-11-02,C0510,Corporate,North,Jaipur,Website,P013,Coffee Maker,Home & Kitchen,1,4038.48,10.0,4038.48,403.85,224.27,73.88,2550,False,0,0.0,3634.63,786.48,21.64,UPI,Delivered
ORD01352,2024-01-09,C0083,Consumer,North,Jaipur,Website,P012,Sunglasses,Accessories,1,1696.07,5.0,1696.07,84.8,88.14,47.41,850,False,0,0.0,1611.27,625.72,38.83,Net Banking,Delivered
ORD01353,2024-02-01,C0540,Consumer,West,Ahmedabad,Website,P016,Desk Lamp,Home & Kitchen,3,1498.04,10.0,4494.12,449.41,231.51,107.44,2250,False,0,0.0,4044.71,1455.76,35.99,Credit Card,Delivered
ORD01354,2024-08-29,C0331,Consumer,North,Chandigarh,Mobile App,P016,Desk Lamp,Home & Kitchen,2,1345.42,0.0,2690.84,0.0,121.91,44.98,1500,False,0,0.0,2690.84,1023.95,38.05,UPI,Delivered
ORD01355,2025-08-18,C0268,Corporate,West,Pune,Website,P014,Air Fryer,Home & Kitchen,1,5858.19,10.0,5858.19,585.82,196.51,146.83,3500,False,0,0.0,5272.37,1429.03,27.1,Credit Card,Delivered
ORD01356,2024-12-09,C0314,Home Office,West,Pune,Website,P001,Wireless Headphones,Electronics,6,1909.84,15.0,11459.04,1718.86,165.59,158.14,6300,False,0,0.0,9740.18,3116.45,32.0,UPI,Delivered
ORD01357,2025-09-21,C0428,Home Office,West,Mumbai,Mobile App,P014,Air Fryer,Home & Kitchen,2,6227.41,5.0,12454.82,622.74,217.01,183.22,7000,False,0,0.0,11832.08,4431.85,37.46,Net Banking,Delivered
ORD01358,2025-05-12,C0105,Home Office,East,Patna,Website,P006,Running Shoes,Sports,1,3358.27,5.0,3358.27,167.91,206.96,104.59,2100,False,0,0.0,3190.36,778.81,24.41,COD,Delivered
ORD01359,2024-09-01,C0544,Corporate,East,Ranchi,Website,P012,Sunglasses,Accessories,1,1725.23,5.0,1725.23,86.26,98.84,26.03,850,False,0,0.0,1638.97,664.1,40.52,COD,Delivered
ORD01360,2024-03-26,C0048,Consumer,North,Jaipur,Marketplace,P013,Coffee Maker,Home & Kitchen,3,4439.11,10.0,13317.33,1331.73,176.92,365.69,7650,False,0,0.0,11985.6,3792.99,31.65,UPI,Delivered
ORD01361,2024-05-19,C0062,Consumer,East,Patna,Mobile App,P012,Sunglasses,Accessories,2,1673.58,5.0,3347.16,167.36,112.5,74.34,1700,False,0,0.0,3179.8,1292.96,40.66,Net Banking,Delivered
ORD01362,2024-01-12,C0361,Consumer,North,Lucknow,Mobile App,P008,Fitness Band,Sports,5,2248.97,10.0,11244.85,1124.48,60.6,152.21,6000,False,0,0.0,10120.37,3907.56,38.61,Net Banking,Cancelled
ORD01363,2024-02-14,C0565,Consumer,South,Bengaluru,Marketplace,P002,Smart Watch,Electronics,3,3040.92,5.0,9122.76,456.14,145.74,168.38,5700,False,0,0.0,8666.62,2652.5,30.61,Net Banking,Delivered
ORD01364,2025-05-03,C0268,Corporate,South,Hyderabad,Website,P007,Yoga Mat,Sports,1,1149.16,0.0,1149.16,0.0,69.75,24.68,650,False,0,0.0,1149.16,404.73,35.22,Net Banking,Delivered
ORD01365,2025-02-19,C0568,Consumer,South,Kochi,Marketplace,P009,Office Backpack,Accessories,3,1869.48,10.0,5608.44,560.84,42.8,101.93,3000,False,0,0.0,5047.6,1902.87,37.7,Debit Card,Delivered
ORD01367,2025-08-19,C0342,Consumer,North,Lucknow,Marketplace,P017,Notebook Set,Stationery,1,612.2,15.0,612.2,91.83,154.71,16.43,260,False,0,0.0,520.37,89.23,17.15,Debit Card,Delivered
ORD01368,2024-08-19,C0031,Consumer,South,Kochi,Website,P018,Premium Pen Set,Stationery,1,912.81,10.0,912.81,91.28,247.29,14.29,400,False,0,0.0,821.53,159.95,19.47,Debit Card,Delivered
ORD01369,2025-01-01,C0178,Consumer,West,Mumbai,Marketplace,P005,Mechanical Keyboard,Electronics,2,2947.4,20.0,5894.8,1178.96,95.94,91.83,3300,False,0,0.0,4715.84,1228.07,26.04,Credit Card,Delivered
ORD01370,2025-12-02,C0079,Consumer,East,Ranchi,Website,P007,Yoga Mat,Sports,1,1139.55,10.0,1139.55,113.96,153.7,28.24,650,False,0,0.0,1025.59,193.65,18.88,UPI,Delivered
ORD01371,2025-08-27,C0511,Consumer,West,Mumbai,Mobile App,P004,Laptop Stand,Electronics,1,1558.27,10.0,1558.27,155.83,143.87,34.25,850,False,0,0.0,1402.44,374.32,26.69,UPI,Delivered
ORD01372,2024-09-14,C0492,Corporate,West,Surat,Website,P018,Premium Pen Set,Stationery,4,876.02,5.0,3504.08,175.2,182.06,50.32,1600,False,0,0.0,3328.88,1496.5,44.96,Credit Card,Delivered
ORD01373,2025-04-20,C0579,Consumer,West,Ahmedabad,Mobile App,P016,Desk Lamp,Home & Kitchen,3,1343.8,10.0,4031.4,403.14,92.31,92.69,2250,False,0,0.0,3628.26,1193.26,32.89,UPI,Delivered
ORD01374,2024-07-03,C0214,Consumer,North,Lucknow,Website,P014,Air Fryer,Home & Kitchen,1,6239.05,5.0,6239.05,311.95,109.31,138.01,3500,False,0,0.0,5927.1,2179.78,36.78,Credit Card,Delivered
ORD01376,2025-04-14,C0579,Consumer,East,Kolkata,Marketplace,P020,Study Table Organizer,Stationery,1,970.35,5.0,970.35,48.52,131.22,22.37,450,False,0,0.0,921.83,318.24,34.52,COD,Delivered
ORD01377,2025-10-23,C0307,Consumer,South,Bengaluru,Mobile App,P004,Laptop Stand,Electronics,1,1561.14,5.0,1561.14,78.06,66.76,37.91,850,True,1,1483.08,0.0,-954.67,0.0,Debit Card,Returned
ORD01378,2024-12-21,C0304,Corporate,East,Patna,Mobile App,P013,Coffee Maker,Home & Kitchen,2,4168.75,15.0,8337.5,1250.62,203.08,140.56,5100,False,0,0.0,7086.88,1643.24,23.19,Credit Card,Delivered
ORD01379,2025-08-11,C0082,Corporate,West,Pune,Mobile App,P001,Wireless Headphones,Electronics,1,1736.31,5.0,1736.31,86.82,175.89,36.3,1050,False,0,0.0,1649.49,387.3,23.48,UPI,Cancelled
ORD01380,2024-06-14,C0203,Consumer,North,Chandigarh,Website,P009,Office Backpack,Accessories,2,1917.88,5.0,3835.76,191.79,50.9,109.2,2000,False,0,0.0,3643.97,1483.87,40.72,Debit Card,Delivered
ORD01381,2024-09-12,C0442,Home Office,West,Mumbai,Website,P013,Coffee Maker,Home & Kitchen,1,4346.69,0.0,4346.69,0.0,169.07,85.22,2550,False,0,0.0,4346.69,1542.4,35.48,UPI,Delivered
ORD01382,2025-04-18,C0280,Corporate,South,Chennai,Mobile App,P020,Study Table Organizer,Stationery,2,1061.47,10.0,2122.94,212.29,100.73,66.75,900,False,0,0.0,1910.65,843.17,44.13,COD,Delivered
ORD01383,2024-12-31,C0438,Corporate,West,Mumbai,Mobile App,P020,Study Table Organizer,Stationery,2,957.01,0.0,1914.02,0.0,144.74,41.51,900,False,0,0.0,1914.02,827.77,43.25,Net Banking,Delivered
ORD01384,2024-07-19,C0064,Consumer,North,Chandigarh,Website,P015,Electric Kettle,Home & Kitchen,1,1840.29,5.0,1840.29,92.01,133.6,36.78,1050,False,0,0.0,1748.28,527.9,30.2,UPI,Delivered
ORD01385,2024-11-25,C0083,Consumer,West,Pune,Mobile App,P016,Desk Lamp,Home & Kitchen,6,1349.49,10.0,8096.94,809.69,208.58,249.01,4500,True,5,6072.7,1214.55,-3743.04,-308.18,COD,Returned
ORD01386,2025-07-29,C0173,Consumer,South,Chennai,Mobile App,P011,Leather Wallet,Accessories,3,1119.73,0.0,3359.19,0.0,145.02,88.61,1650,False,0,0.0,3359.19,1475.56,43.93,UPI,Delivered
ORD01387,2025-11-11,C0346,Consumer,East,Kolkata,Website,P014,Air Fryer,Home & Kitchen,1,5737.86,15.0,5737.86,860.68,198.57,133.78,3500,False,0,0.0,4877.18,1044.83,21.42,Credit Card,Delivered
ORD01388,2024-06-20,C0160,Corporate,North,Delhi,Marketplace,P007,Yoga Mat,Sports,1,1180.07,5.0,1180.07,59.0,124.76,31.03,650,True,1,1121.07,0.0,-805.79,0.0,COD,Returned
ORD01389,2025-04-24,C0307,Consumer,South,Kochi,Website,P003,Bluetooth Speaker,Electronics,5,2178.54,0.0,10892.7,0.0,86.4,295.07,6500,False,0,0.0,10892.7,4011.23,36.82,Debit Card,Delivered
ORD01390,2025-05-02,C0080,Consumer,South,Chennai,Website,P017,Notebook Set,Stationery,3,588.89,10.0,1766.67,176.67,172.98,53.72,780,False,0,0.0,1590.0,583.3,36.69,Debit Card,Delivered
ORD01391,2025-04-28,C0387,Consumer,North,Jaipur,Mobile App,P001,Wireless Headphones,Electronics,1,1698.58,0.0,1698.58,0.0,227.66,47.57,1050,False,0,0.0,1698.58,373.35,21.98,Debit Card,Delivered
ORD01392,2025-06-26,C0089,Home Office,East,Bhubaneswar,Mobile App,P009,Office Backpack,Accessories,5,1919.57,0.0,9597.85,0.0,189.47,187.32,5000,False,0,0.0,9597.85,4221.06,43.98,Net Banking,Delivered
ORD01393,2024-12-30,C0044,Home Office,West,Surat,Website,P003,Bluetooth Speaker,Electronics,1,2203.86,5.0,2203.86,110.19,63.61,66.35,1300,False,0,0.0,2093.67,663.71,31.7,Debit Card,Delivered
ORD01394,2025-08-02,C0257,Home Office,East,Kolkata,Website,P005,Mechanical Keyboard,Electronics,4,2842.1,15.0,11368.4,1705.26,217.66,310.37,6600,False,0,0.0,9663.14,2535.11,26.23,UPI,Delivered
ORD01395,2025-06-17,C0039,Corporate,North,Lucknow,Mobile App,P015,Electric Kettle,Home & Kitchen,1,1851.37,10.0,1851.37,185.14,174.0,35.07,1050,False,0,0.0,1666.23,407.16,24.44,Net Banking,Delivered
ORD01396,2025-09-13,C0568,Consumer,West,Surat,Marketplace,P010,Travel Bag,Accessories,3,2670.49,10.0,8011.47,801.15,236.1,177.41,4350,False,0,0.0,7210.32,2446.81,33.93,Credit Card,Delivered
ORD01397,2025-12-07,C0432,Corporate,North,Delhi,Mobile App,P015,Electric Kettle,Home & Kitchen,2,1846.89,10.0,3693.78,369.38,154.8,110.95,2100,False,0,0.0,3324.4,958.65,28.84,Debit Card,Delivered
ORD01398,2024-12-01,C0555,Home Office,East,Patna,Mobile App,P018,Premium Pen Set,Stationery,6,880.91,10.0,5285.46,528.55,203.19,128.43,2400,False,0,0.0,4756.91,2025.29,42.58,Credit Card,Delivered
ORD01399,2024-11-03,C0046,Corporate,East,Bhubaneswar,Mobile App,P012,Sunglasses,Accessories,1,1685.41,10.0,1685.41,168.54,125.64,24.56,850,False,0,0.0,1516.87,516.67,34.06,UPI,Delivered
ORD01400,2024-08-24,C0045,Consumer,North,Delhi,Mobile App,P002,Smart Watch,Electronics,2,3165.85,5.0,6331.7,316.58,234.34,95.14,3800,False,0,0.0,6015.12,1885.64,31.35,UPI,Delivered
ORD01401,2025-09-29,C0442,Home Office,West,Surat,Mobile App,P001,Wireless Headphones,Electronics,2,1661.76,0.0,3323.52,0.0,99.27,71.45,2100,True,1,1661.76,1661.76,-608.96,-36.65,UPI,Returned
ORD01402,2025-08-28,C0264,Consumer,West,Pune,Website,P015,Electric Kettle,Home & Kitchen,1,1731.97,10.0,1731.97,173.2,72.4,23.55,1050,False,0,0.0,1558.77,412.82,26.48,Credit Card,Delivered
ORD01403,2025-03-20,C0318,Consumer,West,Pune,Mobile App,P006,Running Shoes,Sports,4,3331.09,0.0,13324.36,0.0,207.4,311.93,8400,False,0,0.0,13324.36,4405.03,33.06,COD,Cancelled
ORD01404,2025-04-01,C0575,Home Office,South,Chennai,Mobile App,P019,Planner,Stationery,1,706.22,5.0,706.22,35.31,203.2,14.21,320,False,0,0.0,670.91,133.5,19.9,UPI,Delivered
ORD01405,2025-04-17,C0563,Consumer,North,Lucknow,Mobile App,P019,Planner,Stationery,1,775.78,5.0,775.78,38.79,196.94,15.1,320,False,0,0.0,736.99,204.95,27.81,Credit Card,Delivered
ORD01406,2024-03-19,C0547,Consumer,East,Kolkata,Website,P015,Electric Kettle,Home & Kitchen,2,1817.13,5.0,3634.26,181.71,149.1,67.52,2100,False,0,0.0,3452.55,1135.93,32.9,UPI,Delivered
ORD01407,2025-02-22,C0537,Corporate,West,Ahmedabad,Mobile App,P011,Leather Wallet,Accessories,1,1079.48,5.0,1079.48,53.97,113.26,29.72,550,False,0,0.0,1025.51,332.53,32.43,COD,Delivered
ORD01408,2025-05-09,C0466,Consumer,West,Ahmedabad,Mobile App,P012,Sunglasses,Accessories,1,1546.76,15.0,1546.76,232.01,164.72,33.79,850,False,0,0.0,1314.75,266.24,20.25,Credit Card,Delivered
ORD01409,2024-12-01,C0402,Home Office,South,Bengaluru,Marketplace,P006,Running Shoes,Sports,1,3636.28,10.0,3636.28,363.63,204.26,110.9,2100,False,0,0.0,3272.65,857.49,26.2,Credit Card,Delivered
ORD01410,2025-08-14,C0469,Consumer,North,Lucknow,Website,P010,Travel Bag,Accessories,3,2671.91,10.0,8015.73,801.57,107.15,173.26,4350,False,0,0.0,7214.16,2583.75,35.81,UPI,Delivered
ORD01411,2024-12-30,C0280,Corporate,North,Lucknow,Website,P003,Bluetooth Speaker,Electronics,1,2083.3,0.0,2083.3,0.0,203.54,57.57,1300,False,0,0.0,2083.3,522.19,25.07,Debit Card,Delivered
ORD01412,2025-10-03,C0205,Consumer,South,Bengaluru,Website,P019,Planner,Stationery,1,742.3,10.0,742.3,74.23,55.02,10.45,320,False,0,0.0,668.07,282.6,42.3,UPI,Delivered
ORD01413,2024-08-05,C0211,Consumer,North,Chandigarh,Mobile App,P014,Air Fryer,Home & Kitchen,6,5903.48,15.0,35420.88,5313.13,92.92,570.04,21000,False,0,0.0,30107.75,8444.79,28.05,Net Banking,Delivered
ORD01414,2025-08-29,C0129,Consumer,West,Surat,Mobile App,P016,Desk Lamp,Home & Kitchen,2,1472.78,10.0,2945.56,294.56,120.59,71.35,1500,False,0,0.0,2651.0,959.06,36.18,Credit Card,Delivered
ORD01415,2024-01-12,C0495,Consumer,West,Surat,Website,P018,Premium Pen Set,Stationery,3,903.05,10.0,2709.15,270.92,249.78,59.27,1200,False,0,0.0,2438.23,929.18,38.11,Debit Card,Delivered
ORD01416,2024-08-12,C0463,Corporate,West,Pune,Website,P011,Leather Wallet,Accessories,1,1054.87,10.0,1054.87,105.49,232.45,18.32,550,False,0,0.0,949.38,148.61,15.65,Credit Card,Delivered
ORD01417,2025-06-03,C0526,Consumer,East,Kolkata,Website,P005,Mechanical Keyboard,Electronics,1,2649.03,5.0,2649.03,132.45,178.34,65.34,1650,False,0,0.0,2516.58,622.9,24.75,Credit Card,Delivered
ORD01418,2025-01-12,C0517,Consumer,East,Patna,Marketplace,P001,Wireless Headphones,Electronics,4,1804.92,10.0,7219.68,721.97,158.36,209.02,4200,False,0,0.0,6497.71,1930.33,29.71,Debit Card,Delivered
ORD01419,2025-07-19,C0166,Corporate,West,Pune,Website,P011,Leather Wallet,Accessories,2,1076.08,10.0,2152.16,215.22,192.81,45.5,1100,False,0,0.0,1936.94,598.63,30.91,COD,Delivered
ORD01420,2024-11-27,C0026,Corporate,East,Patna,Mobile App,P009,Office Backpack,Accessories,1,1742.96,0.0,1742.96,0.0,55.51,31.82,1000,False,0,0.0,1742.96,655.63,37.62,UPI,Delivered
ORD01421,2025-10-19,C0567,Consumer,North,Lucknow,Marketplace,P012,Sunglasses,Accessories,5,1635.69,15.0,8178.45,1226.77,203.72,146.83,4250,False,0,0.0,6951.68,2351.13,33.82,UPI,Delivered
ORD01422,2024-03-10,C0411,Consumer,South,Hyderabad,Website,P006,Running Shoes,Sports,1,3271.03,10.0,3271.03,327.1,77.37,98.16,2100,False,0,0.0,2943.93,668.4,22.7,UPI,Delivered
ORD01423,2025-01-18,C0132,Consumer,East,Patna,Mobile App,P004,Laptop Stand,Electronics,2,1481.56,10.0,2963.12,296.31,148.46,52.0,1700,False,0,0.0,2666.81,766.35,28.74,Credit Card,Delivered
ORD01424,2024-01-21,C0218,Corporate,East,Patna,Mobile App,P014,Air Fryer,Home & Kitchen,4,5902.86,10.0,23611.44,2361.14,194.0,511.43,14000,False,0,0.0,21250.3,6544.87,30.8,Debit Card,Delivered
ORD01425,2025-08-26,C0568,Consumer,East,Kolkata,Website,P010,Travel Bag,Accessories,1,2789.12,10.0,2789.12,278.91,99.41,49.98,1450,False,0,0.0,2510.21,910.82,36.28,UPI,Delivered
ORD01426,2024-05-24,C0278,Corporate,West,Pune,Website,P010,Travel Bag,Accessories,1,2409.44,10.0,2409.44,240.94,243.66,36.21,1450,False,0,0.0,2168.5,438.63,20.23,UPI,Delivered
ORD01427,2024-08-02,C0336,Consumer,East,Patna,Website,P012,Sunglasses,Accessories,1,1499.36,10.0,1499.36,149.94,168.73,28.45,850,False,0,0.0,1349.42,302.24,22.4,UPI,Delivered
ORD01428,2025-09-27,C0450,Consumer,East,Kolkata,Marketplace,P007,Yoga Mat,Sports,2,1134.92,5.0,2269.84,113.49,75.44,56.47,1300,False,0,0.0,2156.35,724.44,33.6,UPI,Delivered
ORD01429,2025-06-08,C0482,Corporate,North,Jaipur,Mobile App,P012,Sunglasses,Accessories,2,1559.16,10.0,3118.32,311.83,204.11,78.77,1700,False,0,0.0,2806.49,823.61,29.35,Debit Card,Delivered
ORD01430,2025-02-13,C0155,Home Office,East,Patna,Mobile App,P008,Fitness Band,Sports,6,1968.97,10.0,11813.82,1181.38,246.26,262.34,7200,False,0,0.0,10632.44,2923.84,27.5,UPI,Cancelled
ORD01431,2025-10-19,C0233,Consumer,West,Pune,Website,P017,Notebook Set,Stationery,1,556.57,5.0,556.57,27.83,109.03,12.59,260,False,0,0.0,528.74,147.12,27.82,UPI,Delivered
ORD01432,2024-10-02,C0352,Home Office,South,Bengaluru,Website,P016,Desk Lamp,Home & Kitchen,3,1421.11,0.0,4263.33,0.0,97.87,120.09,2250,False,0,0.0,4263.33,1795.37,42.11,Debit Card,Delivered
ORD01433,2024-02-01,C0054,Home Office,South,Chennai,Mobile App,P020,Study Table Organizer,Stationery,1,1028.96,0.0,1028.96,0.0,43.78,22.18,450,False,0,0.0,1028.96,513.0,49.86,COD,Delivered
ORD01434,2025-08-27,C0570,Consumer,East,Bhubaneswar,Mobile App,P002,Smart Watch,Electronics,1,3380.02,10.0,3380.02,338.0,169.18,90.96,1900,False,0,0.0,3042.02,881.88,28.99,Debit Card,Cancelled
ORD01435,2024-03-23,C0577,Consumer,West,Pune,Mobile App,P006,Running Shoes,Sports,2,3733.2,10.0,7466.4,746.64,152.06,153.36,4200,False,0,0.0,6719.76,2214.34,32.95,Net Banking,Delivered
ORD01436,2024-07-13,C0255,Consumer,North,Jaipur,Website,P012,Sunglasses,Accessories,1,1606.78,5.0,1606.78,80.34,55.67,50.45,850,False,0,0.0,1526.44,570.32,37.36,Net Banking,Delivered
ORD01437,2024-04-25,C0020,Consumer,North,Chandigarh,Website,P019,Planner,Stationery,6,768.66,10.0,4611.96,461.2,80.35,110.22,1920,False,0,0.0,4150.76,2040.19,49.15,UPI,Delivered
ORD01438,2024-05-30,C0406,Home Office,North,Lucknow,Website,P010,Travel Bag,Accessories,5,2718.95,10.0,13594.75,1359.48,148.82,386.03,7250,False,0,0.0,12235.27,4450.42,36.37,Credit Card,Delivered
ORD01439,2025-03-21,C0343,Consumer,South,Hyderabad,Mobile App,P002,Smart Watch,Electronics,1,3439.27,10.0,3439.27,343.93,110.75,64.46,1900,False,0,0.0,3095.34,1020.13,32.96,Credit Card,Delivered
ORD01440,2024-02-17,C0183,Home Office,North,Jaipur,Mobile App,P007,Yoga Mat,Sports,2,1182.41,15.0,2364.82,354.72,50.0,60.85,1300,False,0,0.0,2010.1,599.25,29.81,UPI,Delivered
ORD01441,2024-10-22,C0235,Consumer,West,Mumbai,Marketplace,P019,Planner,Stationery,1,803.98,15.0,803.98,120.6,175.48,19.75,320,False,0,0.0,683.38,168.15,24.61,COD,Delivered
ORD01442,2025-07-29,C0310,Consumer,West,Surat,Website,P001,Wireless Headphones,Electronics,2,1681.46,10.0,3362.92,336.29,186.45,76.34,2100,False,0,0.0,3026.63,663.84,21.93,Net Banking,Delivered
ORD01443,2025-12-19,C0366,Consumer,West,Mumbai,Marketplace,P018,Premium Pen Set,Stationery,2,860.64,10.0,1721.28,172.13,143.7,40.5,800,True,1,774.58,774.57,-209.63,-27.06,Credit Card,Returned
ORD01444,2024-04-21,C0422,Corporate,North,Jaipur,Marketplace,P020,Study Table Organizer,Stationery,1,920.54,5.0,920.54,46.03,153.72,14.58,450,False,0,0.0,874.51,256.21,29.3,Credit Card,Delivered
ORD01445,2025-12-12,C0233,Consumer,West,Mumbai,Website,P019,Planner,Stationery,2,719.7,0.0,1439.4,0.0,137.55,26.7,640,False,0,0.0,1439.4,635.15,44.13,UPI,Delivered
ORD01446,2024-09-30,C0328,Consumer,North,Jaipur,Mobile App,P013,Coffee Maker,Home & Kitchen,3,4279.41,10.0,12838.23,1283.82,248.41,193.6,7650,False,0,0.0,11554.41,3462.4,29.97,Credit Card,Delivered
ORD01447,2025-08-20,C0274,Home Office,West,Pune,Mobile App,P012,Sunglasses,Accessories,1,1525.33,15.0,1525.33,228.8,185.97,37.25,850,False,0,0.0,1296.53,223.31,17.22,Net Banking,Delivered
ORD01448,2025-03-07,C0456,Consumer,West,Pune,Website,P020,Study Table Organizer,Stationery,2,1038.72,10.0,2077.44,207.74,188.7,53.7,900,False,0,0.0,1869.7,727.3,38.9,UPI,Delivered
ORD01449,2025-03-28,C0451,Corporate,East,Ranchi,Website,P005,Mechanical Keyboard,Electronics,4,2821.55,5.0,11286.2,564.31,148.95,161.82,6600,True,3,8041.42,2680.47,-4230.3,-157.82,Debit Card,Returned
ORD01450,2025-02-14,C0125,Consumer,North,Delhi,Mobile App,P016,Desk Lamp,Home & Kitchen,1,1422.17,0.0,1422.17,0.0,43.85,45.24,750,False,0,0.0,1422.17,583.08,41.0,Debit Card,Delivered
ORD01451,2024-06-29,C0508,Corporate,North,Jaipur,Website,P012,Sunglasses,Accessories,1,1553.47,15.0,1553.47,233.02,179.96,43.62,850,False,0,0.0,1320.45,246.87,18.7,Credit Card,Delivered
ORD01452,2024-02-08,C0546,Consumer,North,Delhi,Marketplace,P015,Electric Kettle,Home & Kitchen,4,1919.89,5.0,7679.56,383.98,191.13,113.85,4200,False,0,0.0,7295.58,2790.6,38.25,Credit Card,Delivered
ORD01453,2025-05-21,C0236,Corporate,East,Kolkata,Mobile App,P003,Bluetooth Speaker,Electronics,2,2247.5,10.0,4495.0,449.5,164.6,81.02,2600,False,0,0.0,4045.5,1199.88,29.66,Net Banking,Delivered
ORD01454,2024-06-25,C0027,Consumer,East,Patna,Website,P010,Travel Bag,Accessories,3,2499.27,5.0,7497.81,374.89,129.07,245.12,4350,False,0,0.0,7122.92,2398.73,33.68,Debit Card,Delivered
ORD01455,2024-04-20,C0220,Corporate,South,Bengaluru,Website,P020,Study Table Organizer,Stationery,2,1007.86,10.0,2015.72,201.57,244.95,49.68,900,False,0,0.0,1814.15,619.52,34.15,UPI,Delivered
ORD01456,2024-02-14,C0546,Consumer,West,Mumbai,Marketplace,P012,Sunglasses,Accessories,2,1555.29,10.0,3110.58,311.06,188.07,66.12,1700,False,0,0.0,2799.52,845.33,30.2,Credit Card,Delivered
ORD01457,2024-07-27,C0058,Consumer,East,Ranchi,Marketplace,P003,Bluetooth Speaker,Electronics,1,2082.32,5.0,2082.32,104.12,61.88,41.55,1300,False,0,0.0,1978.2,574.77,29.06,UPI,Delivered
ORD01458,2025-03-21,C0138,Corporate,South,Bengaluru,Marketplace,P018,Premium Pen Set,Stationery,1,865.99,20.0,865.99,173.2,123.84,14.78,400,False,0,0.0,692.79,154.17,22.25,UPI,Delivered
ORD01459,2024-11-09,C0523,Home Office,South,Bengaluru,Website,P011,Leather Wallet,Accessories,1,1174.42,10.0,1174.42,117.44,155.26,20.84,550,False,0,0.0,1056.98,330.88,31.3,UPI,Delivered
ORD01460,2024-04-09,C0149,Consumer,West,Ahmedabad,Website,P002,Smart Watch,Electronics,1,3011.5,10.0,3011.5,301.15,139.91,81.74,1900,False,0,0.0,2710.35,588.7,21.72,Credit Card,Delivered
ORD01461,2025-06-18,C0472,Home Office,South,Chennai,Website,P013,Coffee Maker,Home & Kitchen,1,4299.59,10.0,4299.59,429.96,232.72,82.5,2550,True,1,3869.63,0.0,-2865.22,0.0,Net Banking,Returned
ORD01462,2024-06-04,C0117,Corporate,West,Pune,Mobile App,P008,Fitness Band,Sports,1,1971.58,5.0,1971.58,98.58,173.42,54.72,1200,False,0,0.0,1873.0,444.86,23.75,Credit Card,Delivered
ORD01463,2024-11-18,C0541,Home Office,West,Ahmedabad,Marketplace,P001,Wireless Headphones,Electronics,1,1927.57,20.0,1927.57,385.51,223.78,41.15,1050,False,0,0.0,1542.06,227.13,14.73,UPI,Delivered
ORD01464,2025-02-01,C0068,Corporate,North,Jaipur,Marketplace,P001,Wireless Headphones,Electronics,3,1726.56,0.0,5179.68,0.0,70.69,88.52,3150,True,1,1726.56,3453.12,143.91,4.17,Debit Card,Returned
ORD01465,2024-11-10,C0539,Consumer,West,Surat,Mobile App,P007,Yoga Mat,Sports,1,1151.49,5.0,1151.49,57.57,87.03,29.14,650,False,0,0.0,1093.92,327.75,29.96,Credit Card,Delivered
ORD01466,2025-11-27,C0106,Consumer,East,Bhubaneswar,Marketplace,P019,Planner,Stationery,1,798.99,20.0,798.99,159.8,51.49,19.34,320,False,0,0.0,639.19,248.36,38.86,Credit Card,Delivered
ORD01467,2024-03-21,C0341,Consumer,North,Lucknow,Website,P009,Office Backpack,Accessories,1,1665.53,5.0,1665.53,83.28,53.67,33.88,1000,False,0,0.0,1582.25,494.7,31.27,UPI,Delivered
ORD01468,2024-11-17,C0110,Consumer,East,Ranchi,Marketplace,P002,Smart Watch,Electronics,4,3323.16,10.0,13292.64,1329.26,141.65,402.03,7600,False,0,0.0,11963.38,3819.7,31.93,Debit Card,Delivered
ORD01469,2025-08-04,C0158,Corporate,North,Delhi,Website,P011,Leather Wallet,Accessories,1,1087.27,5.0,1087.27,54.36,208.19,35.63,550,False,0,0.0,1032.91,239.09,23.15,UPI,Delivered
ORD01470,2025-03-06,C0568,Consumer,North,Jaipur,Website,P007,Yoga Mat,Sports,1,1129.45,10.0,1129.45,112.94,201.73,31.32,650,False,0,0.0,1016.51,133.46,13.13,Net Banking,Delivered
ORD01471,2025-03-08,C0318,Consumer,South,Kochi,Mobile App,P018,Premium Pen Set,Stationery,2,858.34,15.0,1716.68,257.5,165.94,45.21,800,False,0,0.0,1459.18,448.03,30.7,Net Banking,Delivered
ORD01472,2025-10-25,C0479,Home Office,North,Chandigarh,Mobile App,P015,Electric Kettle,Home & Kitchen,2,1685.41,15.0,3370.82,505.62,132.0,82.6,2100,False,0,0.0,2865.2,550.6,19.22,UPI,Delivered
ORD01473,2024-08-06,C0513,Home Office,West,Mumbai,Mobile App,P003,Bluetooth Speaker,Electronics,1,2201.93,10.0,2201.93,220.19,45.52,37.74,1300,False,0,0.0,1981.74,598.48,30.2,Debit Card,Delivered
ORD01474,2025-06-02,C0472,Consumer,West,Mumbai,Website,P011,Leather Wallet,Accessories,1,1101.98,5.0,1101.98,55.1,229.4,19.57,550,False,0,0.0,1046.88,247.91,23.68,UPI,Delivered
ORD01475,2025-10-08,C0330,Consumer,West,Surat,Mobile App,P008,Fitness Band,Sports,1,2164.72,15.0,2164.72,324.71,230.15,29.42,1200,False,0,0.0,1840.01,380.44,20.68,UPI,Delivered
ORD01476,2024-01-21,C0232,Consumer,South,Kochi,Marketplace,P017,Notebook Set,Stationery,5,580.34,20.0,2901.7,580.34,211.32,80.67,1300,False,0,0.0,2321.36,729.37,31.42,Credit Card,Delivered
ORD01477,2024-02-11,C0260,Consumer,North,Jaipur,Website,P019,Planner,Stationery,1,763.5,5.0,763.5,38.17,98.21,16.24,320,False,0,0.0,725.33,290.88,40.1,Debit Card,Delivered
ORD01478,2025-04-08,C0305,Corporate,North,Chandigarh,Website,P003,Bluetooth Speaker,Electronics,1,2107.47,0.0,2107.47,0.0,207.51,38.83,1300,False,0,0.0,2107.47,561.13,26.63,UPI,Delivered
ORD01479,2025-10-29,C0510,Corporate,West,Mumbai,Website,P002,Smart Watch,Electronics,1,3446.46,0.0,3446.46,0.0,244.38,101.89,1900,False,0,0.0,3446.46,1200.19,34.82,Debit Card,Delivered
ORD01480,2024-03-03,C0505,Corporate,West,Surat,Website,P003,Bluetooth Speaker,Electronics,2,2319.68,5.0,4639.36,231.97,97.37,143.44,2600,False,0,0.0,4407.39,1566.58,35.54,Net Banking,Delivered
ORD01481,2024-12-11,C0015,Consumer,North,Chandigarh,Marketplace,P017,Notebook Set,Stationery,1,636.07,10.0,636.07,63.61,88.48,14.48,260,False,0,0.0,572.46,209.5,36.6,UPI,Delivered
ORD01482,2025-11-04,C0394,Corporate,South,Chennai,Marketplace,P009,Office Backpack,Accessories,3,1729.75,10.0,5189.25,518.92,247.32,72.23,3000,False,0,0.0,4670.33,1350.78,28.92,UPI,Delivered
ORD01483,2024-04-24,C0081,Home Office,South,Hyderabad,Mobile App,P008,Fitness Band,Sports,5,2019.2,10.0,10096.0,1009.6,76.43,185.87,6000,False,0,0.0,9086.4,2824.1,31.08,UPI,Delivered
ORD01484,2024-01-01,C0094,Consumer,East,Bhubaneswar,Mobile App,P009,Office Backpack,Accessories,3,1845.39,0.0,5536.17,0.0,238.43,144.07,3000,False,0,0.0,5536.17,2153.67,38.9,UPI,Cancelled
ORD01485,2024-09-07,C0167,Consumer,West,Ahmedabad,Marketplace,P004,Laptop Stand,Electronics,1,1575.12,15.0,1575.12,236.27,240.17,23.77,850,False,0,0.0,1338.85,224.91,16.8,UPI,Delivered
ORD01486,2024-03-22,C0164,Consumer,South,Kochi,Mobile App,P013,Coffee Maker,Home & Kitchen,2,3879.81,5.0,7759.62,387.98,129.28,141.36,5100,False,0,0.0,7371.64,2001.0,27.14,UPI,Delivered
ORD01487,2025-11-27,C0425,Consumer,North,Delhi,Marketplace,P016,Desk Lamp,Home & Kitchen,2,1383.43,5.0,2766.86,138.34,231.48,63.36,1500,False,0,0.0,2628.52,833.68,31.72,UPI,Delivered
ORD01488,2025-06-12,C0304,Corporate,West,Surat,Mobile App,P015,Electric Kettle,Home & Kitchen,2,1895.15,0.0,3790.3,0.0,95.37,87.76,2100,False,0,0.0,3790.3,1507.17,39.76,UPI,Delivered
ORD01489,2024-02-06,C0205,Consumer,North,Jaipur,Marketplace,P009,Office Backpack,Accessories,2,1866.91,15.0,3733.82,560.07,221.78,103.07,2000,False,0,0.0,3173.75,848.9,26.75,UPI,Delivered
ORD01490,2024-02-27,C0072,Consumer,North,Chandigarh,Marketplace,P012,Sunglasses,Accessories,1,1655.94,15.0,1655.94,248.39,42.96,24.67,850,False,0,0.0,1407.55,489.92,34.81,UPI,Delivered
ORD01491,2025-05-28,C0202,Consumer,South,Bengaluru,Mobile App,P006,Running Shoes,Sports,6,3238.5,10.0,19431.0,1943.1,173.22,283.57,12600,False,0,0.0,17487.9,4431.11,25.34,Credit Card,Delivered
ORD01492,2024-09-15,C0122,Home Office,North,Delhi,Website,P005,Mechanical Keyboard,Electronics,2,2982.39,5.0,5964.78,298.24,223.99,130.18,3300,False,0,0.0,5666.54,2012.37,35.51,Credit Card,Delivered
ORD01493,2025-06-06,C0285,Consumer,East,Kolkata,Mobile App,P020,Study Table Organizer,Stationery,1,957.54,15.0,957.54,143.63,170.72,13.19,450,False,0,0.0,813.91,180.0,22.12,Credit Card,Delivered
ORD01494,2025-08-25,C0310,Consumer,North,Jaipur,Mobile App,P004,Laptop Stand,Electronics,3,1475.56,0.0,4426.68,0.0,153.62,76.48,2550,False,0,0.0,4426.68,1646.58,37.2,Debit Card,Delivered
ORD01495,2024-03-22,C0340,Consumer,East,Kolkata,Marketplace,P002,Smart Watch,Electronics,3,3296.84,10.0,9890.52,989.05,166.04,222.68,5700,False,0,0.0,8901.47,2812.75,31.6,UPI,Delivered
ORD01496,2024-05-31,C0386,Corporate,North,Delhi,Mobile App,P005,Mechanical Keyboard,Electronics,2,2998.03,15.0,5996.06,899.41,81.86,111.67,3300,False,0,0.0,5096.65,1603.12,31.45,Debit Card,Delivered
ORD01497,2024-09-11,C0070,Home Office,South,Chennai,Mobile App,P016,Desk Lamp,Home & Kitchen,3,1467.35,0.0,4402.05,0.0,180.24,119.68,2250,False,0,0.0,4402.05,1852.13,42.07,Credit Card,Delivered
ORD01498,2024-07-15,C0510,Corporate,North,Jaipur,Marketplace,P020,Study Table Organizer,Stationery,1,1021.96,10.0,1021.96,102.2,121.13,17.01,450,False,0,0.0,919.76,331.62,36.06,Credit Card,Delivered
ORD01499,2024-08-19,C0568,Consumer,South,Kochi,Mobile App,P015,Electric Kettle,Home & Kitchen,1,1775.3,10.0,1775.3,177.53,243.4,40.21,1050,False,0,0.0,1597.77,264.16,16.53,UPI,Delivered
ORD01500,2024-10-03,C0550,Corporate,East,Bhubaneswar,Mobile App,P017,Notebook Set,Stationery,6,579.83,5.0,3478.98,173.95,42.46,73.85,1560,False,0,0.0,3305.03,1628.72,49.28,Debit Card,Delivered
ORD01501,2025-03-03,C0299,Corporate,West,Surat,Website,P010,Travel Bag,Accessories,4,2621.3,5.0,10485.2,524.26,165.83,238.09,5800,False,0,0.0,9960.94,3757.02,37.72,Credit Card,Cancelled
ORD01502,2024-12-25,C0578,Home Office,South,Hyderabad,Marketplace,P002,Smart Watch,Electronics,3,3115.44,15.0,9346.32,1401.95,110.88,249.1,5700,False,0,0.0,7944.37,1884.39,23.72,UPI,Delivered
ORD01503,2024-05-02,C0290,Consumer,North,Jaipur,Website,P003,Bluetooth Speaker,Electronics,2,2279.75,0.0,4559.5,0.0,202.73,78.65,2600,False,0,0.0,4559.5,1678.12,36.8,COD,Cancelled
ORD01504,2024-05-28,C0374,Corporate,North,Delhi,Website,P010,Travel Bag,Accessories,2,2484.7,5.0,4969.4,248.47,59.85,80.74,2900,False,0,0.0,4720.93,1680.34,35.59,Credit Card,Delivered
ORD01505,2024-08-16,C0283,Consumer,East,Patna,Mobile App,P015,Electric Kettle,Home & Kitchen,1,1786.18,15.0,1786.18,267.93,155.69,40.35,1050,True,1,1518.25,0.0,-1246.04,0.0,Debit Card,Returned
ORD01506,2024-07-02,C0243,Home Office,West,Pune,Mobile App,P005,Mechanical Keyboard,Electronics,2,2936.92,5.0,5873.84,293.69,144.33,173.32,3300,False,0,0.0,5580.15,1962.5,35.17,UPI,Delivered
ORD01507,2025-10-02,C0132,Consumer,West,Surat,Marketplace,P017,Notebook Set,Stationery,1,600.53,0.0,600.53,0.0,89.08,11.22,260,False,0,0.0,600.53,240.23,40.0,Debit Card,Delivered
ORD01508,2025-10-16,C0460,Consumer,West,Pune,Marketplace,P016,Desk Lamp,Home & Kitchen,1,1438.01,15.0,1438.01,215.7,231.85,30.53,750,False,0,0.0,1222.31,209.93,17.17,COD,Cancelled
ORD01509,2024-03-15,C0360,Consumer,West,Mumbai,Website,P008,Fitness Band,Sports,3,2224.69,0.0,6674.07,0.0,141.71,182.36,3600,False,0,0.0,6674.07,2750.0,41.2,Credit Card,Delivered
ORD01510,2025-04-20,C0465,Home Office,North,Lucknow,Website,P018,Premium Pen Set,Stationery,3,958.01,0.0,2874.03,0.0,235.23,57.05,1200,False,0,0.0,2874.03,1381.75,48.08,Credit Card,Delivered
ORD01511,2025-11-27,C0224,Consumer,East,Kolkata,Marketplace,P007,Yoga Mat,Sports,2,1150.22,0.0,2300.44,0.0,240.19,60.86,1300,False,0,0.0,2300.44,699.39,30.4,UPI,Cancelled
ORD01512,2025-04-28,C0097,Consumer,North,Delhi,Website,P003,Bluetooth Speaker,Electronics,1,2300.57,0.0,2300.57,0.0,128.19,70.02,1300,True,1,2300.57,0.0,-1498.21,0.0,Debit Card,Returned
ORD01513,2024-12-10,C0424,Consumer,West,Pune,Website,P009,Office Backpack,Accessories,1,1760.82,5.0,1760.82,88.04,168.92,44.16,1000,False,0,0.0,1672.78,459.7,27.48,Debit Card,Delivered
ORD01514,2024-02-28,C0450,Consumer,North,Delhi,Website,P015,Electric Kettle,Home & Kitchen,1,1843.54,5.0,1843.54,92.18,177.03,31.81,1050,False,0,0.0,1751.36,492.52,28.12,COD,Delivered
ORD01515,2025-06-08,C0212,Corporate,West,Surat,Marketplace,P001,Wireless Headphones,Electronics,1,1722.51,5.0,1722.51,86.13,156.81,26.23,1050,False,0,0.0,1636.38,403.34,24.65,UPI,Delivered
ORD01516,2024-11-08,C0121,Corporate,East,Bhubaneswar,Mobile App,P015,Electric Kettle,Home & Kitchen,1,1844.56,5.0,1844.56,92.23,168.96,59.34,1050,False,0,0.0,1752.33,474.03,27.05,Debit Card,Delivered
ORD01517,2024-05-18,C0086,Consumer,South,Hyderabad,Mobile App,P012,Sunglasses,Accessories,3,1550.91,10.0,4652.73,465.27,241.13,85.6,2550,False,0,0.0,4187.46,1310.73,31.3,Debit Card,Delivered
ORD01518,2024-05-10,C0524,Corporate,North,Chandigarh,Marketplace,P015,Electric Kettle,Home & Kitchen,1,1844.95,10.0,1844.95,184.5,227.46,44.15,1050,False,0,0.0,1660.45,338.84,20.41,UPI,Delivered
ORD01519,2024-01-15,C0494,Consumer,South,Bengaluru,Mobile App,P014,Air Fryer,Home & Kitchen,1,6125.77,5.0,6125.77,306.29,234.39,138.58,3500,False,0,0.0,5819.48,1946.51,33.45,UPI,Delivered
ORD01520,2024-01-21,C0109,Consumer,North,Chandigarh,Website,P001,Wireless Headphones,Electronics,2,1791.56,10.0,3583.12,358.31,84.21,111.52,2100,False,0,0.0,3224.81,929.08,28.81,UPI,Delivered
ORD01521,2024-09-14,C0273,Home Office,South,Kochi,Website,P008,Fitness Band,Sports,1,1996.37,0.0,1996.37,0.0,49.76,36.12,1200,False,0,0.0,1996.37,710.49,35.59,UPI,Delivered
ORD01522,2024-06-28,C0566,Consumer,South,Chennai,Mobile App,P003,Bluetooth Speaker,Electronics,1,2214.85,0.0,2214.85,0.0,225.84,54.43,1300,False,0,0.0,2214.85,634.58,28.65,UPI,Delivered
ORD01523,2025-12-29,C0589,Consumer,North,Chandigarh,Mobile App,P002,Smart Watch,Electronics,2,3003.97,10.0,6007.94,600.79,181.92,163.2,3800,False,0,0.0,5407.15,1262.03,23.34,Net Banking,Delivered
ORD01525,2024-06-02,C0210,Consumer,West,Ahmedabad,Mobile App,P014,Air Fryer,Home & Kitchen,1,5578.92,10.0,5578.92,557.89,230.66,89.24,3500,False,0,0.0,5021.03,1201.13,23.92,COD,Delivered
ORD01526,2025-03-08,C0024,Consumer,South,Kochi,Website,P008,Fitness Band,Sports,3,2136.25,15.0,6408.75,961.31,49.42,162.26,3600,False,0,0.0,5447.44,1635.76,30.03,Credit Card,Delivered
ORD01527,2025-09-27,C0185,Consumer,North,Delhi,Mobile App,P020,Study Table Organizer,Stationery,1,966.83,15.0,966.83,145.02,85.58,18.56,450,False,0,0.0,821.81,267.67,32.57,COD,Delivered
ORD01528,2025-07-26,C0568,Consumer,North,Chandigarh,Mobile App,P006,Running Shoes,Sports,4,3237.86,10.0,12951.44,1295.14,147.26,395.12,8400,False,0,0.0,11656.3,2713.92,23.28,UPI,Delivered
ORD01529,2024-11-19,C0123,Consumer,South,Bengaluru,Mobile App,P015,Electric Kettle,Home & Kitchen,1,1746.56,10.0,1746.56,174.66,144.19,47.74,1050,False,0,0.0,1571.9,329.97,20.99,UPI,Delivered
ORD01530,2025-01-11,C0330,Consumer,East,Bhubaneswar,Website,P010,Travel Bag,Accessories,3,2665.53,0.0,7996.59,0.0,173.78,234.17,4350,False,0,0.0,7996.59,3238.64,40.5,Net Banking,Delivered
ORD01531,2024-10-26,C0534,Consumer,North,Delhi,Mobile App,P016,Desk Lamp,Home & Kitchen,1,1471.79,5.0,1471.79,73.59,242.38,31.29,750,False,0,0.0,1398.2,374.53,26.79,UPI,Delivered
ORD01532,2025-05-20,C0322,Corporate,West,Pune,Website,P008,Fitness Band,Sports,3,1946.28,10.0,5838.84,583.88,229.44,134.31,3600,False,0,0.0,5254.96,1291.21,24.57,UPI,Delivered
ORD01533,2024-09-16,C0503,Consumer,East,Ranchi,Website,P015,Electric Kettle,Home & Kitchen,2,1797.88,0.0,3595.76,0.0,204.4,122.4,2100,False,0,0.0,3595.76,1168.96,32.51,Net Banking,Delivered
ORD01534,2024-01-17,C0242,Home Office,West,Surat,Mobile App,P010,Travel Bag,Accessories,1,2554.83,10.0,2554.83,255.48,135.25,71.11,1450,False,0,0.0,2299.35,642.99,27.96,UPI,Delivered
ORD01535,2024-07-07,C0550,Corporate,West,Pune,Website,P019,Planner,Stationery,1,764.03,10.0,764.03,76.4,161.72,16.56,320,True,1,687.63,0.0,-498.28,0.0,Debit Card,Returned
ORD01536,2024-01-20,C0488,Consumer,East,Kolkata,Website,P001,Wireless Headphones,Electronics,1,1901.08,5.0,1901.08,95.05,208.15,61.24,1050,False,0,0.0,1806.03,486.64,26.95,UPI,Delivered
ORD01537,2025-02-16,C0064,Consumer,East,Kolkata,Mobile App,P016,Desk Lamp,Home & Kitchen,5,1393.77,5.0,6968.85,348.44,231.82,199.34,3750,False,0,0.0,6620.41,2439.25,36.84,Net Banking,Delivered
ORD01538,2025-01-23,C0335,Consumer,South,Kochi,Website,P008,Fitness Band,Sports,1,2205.2,10.0,2205.2,220.52,148.51,66.23,1200,False,0,0.0,1984.68,569.94,28.72,UPI,Delivered
ORD01539,2025-06-28,C0301,Consumer,West,Surat,Website,P006,Running Shoes,Sports,5,3485.45,5.0,17427.25,871.36,186.0,554.41,10500,False,0,0.0,16555.89,5315.48,32.11,Credit Card,Delivered
ORD01540,2025-06-22,C0384,Home Office,East,Patna,Website,P014,Air Fryer,Home & Kitchen,1,5367.12,0.0,5367.12,0.0,196.42,94.12,3500,False,0,0.0,5367.12,1576.58,29.37,COD,Delivered
ORD01541,2024-06-01,C0162,Corporate,North,Lucknow,Website,P017,Notebook Set,Stationery,5,617.08,10.0,3085.4,308.54,219.57,75.55,1300,False,0,0.0,2776.86,1181.74,42.56,Credit Card,Delivered
ORD01542,2025-12-18,C0323,Corporate,North,Delhi,Marketplace,P017,Notebook Set,Stationery,2,629.64,5.0,1259.28,62.96,240.85,18.73,520,False,0,0.0,1196.32,416.74,34.84,UPI,Cancelled
ORD01543,2024-08-06,C0100,Consumer,East,Patna,Website,P003,Bluetooth Speaker,Electronics,3,2134.37,5.0,6403.11,320.16,68.16,171.77,3900,False,0,0.0,6082.95,1943.02,31.94,UPI,Delivered
ORD01544,2025-10-02,C0148,Consumer,South,Chennai,Website,P010,Travel Bag,Accessories,2,2593.74,10.0,5187.48,518.75,106.92,91.2,2900,False,0,0.0,4668.73,1570.61,33.64,Credit Card,Delivered
ORD01545,2024-07-31,C0557,Consumer,North,Chandigarh,Website,P002,Smart Watch,Electronics,1,3367.76,5.0,3367.76,168.39,132.35,72.75,1900,True,1,3199.37,0.0,-2105.1,0.0,Credit Card,Returned
ORD01546,2025-10-13,C0430,Consumer,South,Bengaluru,Website,P018,Premium Pen Set,Stationery,2,856.32,5.0,1712.64,85.63,182.73,56.38,800,False,0,0.0,1627.01,587.9,36.13,Credit Card,Delivered
ORD01547,2025-07-03,C0539,Consumer,South,Kochi,Mobile App,P017,Notebook Set,Stationery,3,597.61,5.0,1792.83,89.64,217.91,49.84,780,False,0,0.0,1703.19,655.44,38.48,Credit Card,Delivered
ORD01548,2025-04-29,C0278,Corporate,West,Ahmedabad,Mobile App,P020,Study Table Organizer,Stationery,3,1016.66,10.0,3049.98,305.0,228.19,45.72,1350,False,0,0.0,2744.98,1121.07,40.84,Debit Card,Delivered
ORD01549,2024-08-02,C0164,Consumer,West,Surat,Website,P017,Notebook Set,Stationery,1,595.15,5.0,595.15,29.76,196.11,14.38,260,False,0,0.0,565.39,94.9,16.78,Debit Card,Delivered
ORD01550,2025-08-12,C0555,Home Office,North,Chandigarh,Website,P010,Travel Bag,Accessories,2,2520.37,10.0,5040.74,504.07,178.82,96.44,2900,False,0,0.0,4536.67,1361.41,30.01,Debit Card,Delivered
ORD01551,2025-10-22,C0007,Consumer,North,Delhi,Website,P008,Fitness Band,Sports,3,1955.66,5.0,5866.98,293.35,232.74,144.3,3600,False,0,0.0,5573.63,1596.59,28.65,UPI,Delivered
ORD01552,2025-08-05,C0464,Consumer,West,Surat,Website,P002,Smart Watch,Electronics,1,3178.68,5.0,3178.68,158.93,176.98,69.56,1900,False,0,0.0,3019.75,873.21,28.92,Credit Card,Delivered
ORD01553,2024-01-09,C0448,Corporate,East,Patna,Marketplace,P012,Sunglasses,Accessories,2,1527.23,15.0,3054.46,458.17,165.4,70.84,1700,False,0,0.0,2596.29,660.05,25.42,UPI,Delivered
ORD01554,2025-08-21,C0520,Consumer,West,Pune,Marketplace,P006,Running Shoes,Sports,1,3420.33,0.0,3420.33,0.0,220.45,70.06,2100,False,0,0.0,3420.33,1029.82,30.11,UPI,Delivered
ORD01555,2025-12-15,C0041,Consumer,West,Mumbai,Mobile App,P005,Mechanical Keyboard,Electronics,1,2830.93,5.0,2830.93,141.55,204.69,66.93,1650,False,0,0.0,2689.38,767.76,28.55,UPI,Delivered
ORD01556,2024-10-28,C0499,Home Office,West,Pune,Website,P007,Yoga Mat,Sports,1,1275.73,5.0,1275.73,63.79,128.43,37.82,650,False,0,0.0,1211.94,395.69,32.65,Credit Card,Delivered
ORD01557,2025-04-24,C0221,Corporate,West,Mumbai,Marketplace,P011,Leather Wallet,Accessories,2,1123.05,10.0,2246.1,224.61,139.61,64.79,1100,False,0,0.0,2021.49,717.09,35.47,Debit Card,Delivered
ORD01558,2024-03-03,C0132,Consumer,West,Ahmedabad,Marketplace,P013,Coffee Maker,Home & Kitchen,5,4290.85,15.0,21454.25,3218.14,207.57,316.63,12750,False,0,0.0,18236.11,4961.91,27.21,UPI,Cancelled
ORD01559,2025-04-02,C0294,Consumer,East,Kolkata,Website,P014,Air Fryer,Home & Kitchen,2,5601.91,5.0,11203.82,560.19,51.7,301.26,7000,False,0,0.0,10643.63,3290.67,30.92,UPI,Delivered
ORD01560,2024-08-24,C0331,Consumer,South,Hyderabad,Mobile App,P013,Coffee Maker,Home & Kitchen,3,4482.57,10.0,13447.71,1344.77,106.06,301.5,7650,False,0,0.0,12102.94,4045.38,33.42,UPI,Delivered
ORD01561,2024-06-15,C0319,Consumer,South,Bengaluru,Website,P013,Coffee Maker,Home & Kitchen,1,4508.89,10.0,4508.89,450.89,192.16,83.76,2550,False,0,0.0,4058.0,1232.08,30.36,Net Banking,Delivered
ORD01562,2024-09-21,C0249,Home Office,West,Mumbai,Mobile App,P012,Sunglasses,Accessories,2,1596.76,10.0,3193.52,319.35,201.16,81.37,1700,False,0,0.0,2874.17,891.64,31.02,UPI,Delivered
ORD01563,2024-04-08,C0226,Consumer,East,Kolkata,Mobile App,P016,Desk Lamp,Home & Kitchen,3,1354.12,5.0,4062.36,203.12,140.87,111.76,2250,True,1,1286.41,2572.83,70.2,2.73,Credit Card,Returned
ORD01564,2025-10-07,C0081,Home Office,South,Hyderabad,Mobile App,P013,Coffee Maker,Home & Kitchen,1,4288.85,10.0,4288.85,428.88,109.72,132.68,2550,True,1,3859.97,0.0,-2792.4,0.0,UPI,Returned
ORD01565,2025-07-26,C0136,Consumer,East,Kolkata,Website,P007,Yoga Mat,Sports,3,1127.35,10.0,3382.05,338.2,201.27,54.94,1950,False,0,0.0,3043.85,837.64,27.52,UPI,Delivered
ORD01566,2025-10-20,C0047,Consumer,West,Pune,Website,P002,Smart Watch,Electronics,1,3080.45,0.0,3080.45,0.0,243.03,101.16,1900,False,0,0.0,3080.45,836.26,27.15,UPI,Delivered
ORD01567,2024-10-09,C0301,Consumer,East,Patna,Mobile App,P015,Electric Kettle,Home & Kitchen,1,1791.85,5.0,1791.85,89.59,164.98,43.6,1050,False,0,0.0,1702.26,443.68,26.06,Credit Card,Delivered
ORD01568,2024-01-14,C0486,Home Office,East,Bhubaneswar,Marketplace,P003,Bluetooth Speaker,Electronics,2,2291.8,15.0,4583.6,687.54,193.26,99.71,2600,False,0,0.0,3896.06,1003.09,25.75,UPI,Delivered
ORD01569,2024-06-17,C0186,Corporate,South,Kochi,Website,P005,Mechanical Keyboard,Electronics,2,2884.68,15.0,5769.36,865.4,94.81,99.67,3300,False,0,0.0,4903.96,1409.48,28.74,Credit Card,Delivered
ORD01570,2025-04-01,C0555,Home Office,South,Bengaluru,Marketplace,P005,Mechanical Keyboard,Electronics,1,2794.16,20.0,2794.16,558.83,100.3,34.8,1650,False,0,0.0,2235.33,450.23,20.14,UPI,Delivered
ORD01571,2025-09-01,C0319,Consumer,West,Mumbai,Marketplace,P014,Air Fryer,Home & Kitchen,2,5374.31,15.0,10748.62,1612.29,144.64,276.96,7000,False,0,0.0,9136.33,1714.73,18.77,Net Banking,Delivered
ORD01572,2024-09-10,C0292,Consumer,East,Patna,Mobile App,P009,Office Backpack,Accessories,1,1695.17,15.0,1695.17,254.28,62.25,49.64,1000,True,1,1440.89,0.0,-1111.89,0.0,Debit Card,Returned
ORD01573,2025-10-02,C0006,Consumer,East,Bhubaneswar,Website,P019,Planner,Stationery,3,773.14,5.0,2319.42,115.97,193.46,61.8,960,False,0,0.0,2203.45,988.19,44.85,Credit Card,Delivered
ORD01574,2025-03-09,C0493,Consumer,South,Chennai,Website,P011,Leather Wallet,Accessories,5,1072.33,10.0,5361.65,536.16,228.98,140.24,2750,False,0,0.0,4825.49,1706.27,35.36,Credit Card,Delivered
ORD01575,2025-01-08,C0336,Consumer,West,Surat,Website,P004,Laptop Stand,Electronics,1,1543.74,15.0,1543.74,231.56,113.29,44.15,850,False,0,0.0,1312.18,304.74,23.22,UPI,Delivered
ORD01576,2025-08-05,C0173,Consumer,South,Bengaluru,Marketplace,P014,Air Fryer,Home & Kitchen,1,5828.25,20.0,5828.25,1165.65,245.85,156.06,3500,False,0,0.0,4662.6,760.69,16.31,UPI,Delivered
ORD01577,2025-02-19,C0170,Consumer,West,Surat,Website,P006,Running Shoes,Sports,5,3390.9,15.0,16954.5,2543.18,73.89,377.84,10500,False,0,0.0,14411.32,3459.59,24.01,Credit Card,Delivered
ORD01578,2025-04-12,C0388,Consumer,West,Pune,Mobile App,P017,Notebook Set,Stationery,1,647.92,0.0,647.92,0.0,221.46,10.92,260,False,0,0.0,647.92,155.54,24.01,Credit Card,Delivered
ORD01579,2024-02-07,C0303,Consumer,North,Jaipur,Website,P013,Coffee Maker,Home & Kitchen,3,3960.07,0.0,11880.21,0.0,140.93,269.59,7650,False,0,0.0,11880.21,3819.69,32.15,Credit Card,Delivered
ORD01580,2025-10-15,C0274,Home Office,West,Ahmedabad,Website,P009,Office Backpack,Accessories,2,1757.99,0.0,3515.98,0.0,192.09,108.13,2000,False,0,0.0,3515.98,1215.76,34.58,UPI,Delivered
ORD01581,2024-05-30,C0247,Consumer,East,Ranchi,Website,P019,Planner,Stationery,1,732.08,5.0,732.08,36.6,99.0,10.6,320,False,0,0.0,695.48,265.88,38.23,COD,Delivered
ORD01582,2025-04-28,C0588,Consumer,South,Kochi,Website,P006,Running Shoes,Sports,5,3225.22,10.0,16126.1,1612.61,57.65,338.23,10500,False,0,0.0,14513.49,3617.61,24.93,COD,Delivered
ORD01583,2024-08-08,C0113,Home Office,North,Jaipur,Marketplace,P008,Fitness Band,Sports,5,2240.57,20.0,11202.85,2240.57,141.08,149.94,6000,False,0,0.0,8962.28,2671.26,29.81,Debit Card,Delivered
ORD01584,2024-09-16,C0095,Corporate,West,Pune,Website,P006,Running Shoes,Sports,1,3385.79,10.0,3385.79,338.58,50.26,85.71,2100,True,1,3047.21,0.0,-2235.97,0.0,UPI,Returned
ORD01585,2025-11-26,C0325,Home Office,East,Bhubaneswar,Marketplace,P007,Yoga Mat,Sports,2,1259.05,10.0,2518.1,251.81,148.24,44.54,1300,False,0,0.0,2266.29,773.51,34.13,COD,Cancelled
ORD01586,2024-01-19,C0530,Home Office,West,Ahmedabad,Mobile App,P002,Smart Watch,Electronics,2,3299.08,15.0,6598.16,989.72,147.6,96.57,3800,True,2,5608.44,0.0,-4044.17,0.0,UPI,Returned
ORD01587,2025-02-25,C0080,Consumer,East,Bhubaneswar,Mobile App,P004,Laptop Stand,Electronics,2,1445.28,15.0,2890.56,433.58,235.03,62.41,1700,False,0,0.0,2456.98,459.54,18.7,COD,Delivered
ORD01588,2024-04-26,C0590,Consumer,West,Ahmedabad,Website,P020,Study Table Organizer,Stationery,3,933.74,5.0,2801.22,140.06,178.67,46.82,1350,False,0,0.0,2661.16,1085.67,40.8,Net Banking,Delivered
ORD01589,2025-08-03,C0352,Home Office,West,Surat,Mobile App,P019,Planner,Stationery,2,693.89,5.0,1387.78,69.39,226.3,33.84,640,False,0,0.0,1318.39,418.25,31.72,COD,Delivered
ORD01590,2024-11-22,C0035,Home Office,North,Jaipur,Mobile App,P014,Air Fryer,Home & Kitchen,2,5755.24,15.0,11510.48,1726.57,245.65,276.21,7000,False,0,0.0,9783.91,2262.05,23.12,Credit Card,Delivered
ORD01591,2024-09-02,C0079,Consumer,South,Bengaluru,Website,P010,Travel Bag,Accessories,1,2493.23,15.0,2493.23,373.98,165.01,36.37,1450,False,0,0.0,2119.25,467.87,22.08,UPI,Delivered
ORD01592,2024-07-08,C0152,Consumer,East,Patna,Marketplace,P017,Notebook Set,Stationery,1,607.89,10.0,607.89,60.79,247.04,8.99,260,False,0,0.0,547.1,31.07,5.68,UPI,Delivered
ORD01593,2024-01-28,C0538,Consumer,East,Kolkata,Marketplace,P018,Premium Pen Set,Stationery,3,913.96,10.0,2741.88,274.19,108.88,74.93,1200,True,3,2467.69,0.0,-1383.81,0.0,UPI,Returned
ORD01594,2024-12-28,C0107,Consumer,West,Mumbai,Website,P019,Planner,Stationery,3,780.31,5.0,2340.93,117.05,243.09,34.42,960,False,0,0.0,2223.88,986.37,44.35,UPI,Delivered
ORD01595,2024-08-24,C0275,Consumer,North,Chandigarh,Website,P014,Air Fryer,Home & Kitchen,1,5499.95,0.0,5499.95,0.0,176.16,108.71,3500,False,0,0.0,5499.95,1715.08,31.18,Credit Card,Delivered
ORD01596,2024-07-12,C0112,Consumer,West,Pune,Mobile App,P012,Sunglasses,Accessories,2,1482.05,5.0,2964.1,148.21,200.54,46.1,1700,False,0,0.0,2815.89,869.25,30.87,UPI,Delivered
ORD01597,2025-06-06,C0102,Corporate,North,Lucknow,Mobile App,P020,Study Table Organizer,Stationery,2,1020.13,5.0,2040.26,102.01,115.46,35.62,900,False,0,0.0,1938.25,887.17,45.77,UPI,Delivered
ORD01598,2025-01-03,C0169,Consumer,South,Hyderabad,Marketplace,P017,Notebook Set,Stationery,1,592.96,10.0,592.96,59.3,210.93,17.8,260,False,0,0.0,533.66,44.93,8.42,Credit Card,Delivered
ORD01599,2025-03-23,C0008,Home Office,South,Chennai,Mobile App,P006,Running Shoes,Sports,2,3543.58,10.0,7087.16,708.72,120.23,209.69,4200,False,0,0.0,6378.44,1848.52,28.98,Net Banking,Delivered
ORD01600,2024-07-06,C0183,Home Office,North,Chandigarh,Website,P004,Laptop Stand,Electronics,2,1498.97,5.0,2997.94,149.9,151.17,55.95,1700,False,0,0.0,2848.04,940.92,33.04,Credit Card,Delivered
ORD01601,2024-12-07,C0168,Consumer,South,Chennai,Mobile App,P009,Office Backpack,Accessories,3,1716.05,0.0,5148.15,0.0,175.8,175.01,3000,False,0,0.0,5148.15,1797.34,34.91,Credit Card,Delivered
ORD01602,2025-09-24,C0245,Consumer,North,Jaipur,Marketplace,P001,Wireless Headphones,Electronics,1,1672.11,15.0,1672.11,250.82,249.58,38.25,1050,False,0,0.0,1421.29,83.46,5.87,COD,Delivered
ORD01603,2024-02-20,C0469,Consumer,West,Pune,Website,P001,Wireless Headphones,Electronics,3,1902.72,10.0,5708.16,570.82,56.81,92.59,3150,False,0,0.0,5137.34,1837.94,35.78,UPI,Delivered
ORD01604,2024-08-05,C0482,Corporate,West,Mumbai,Website,P006,Running Shoes,Sports,3,3438.55,0.0,10315.65,0.0,232.68,292.41,6300,False,0,0.0,10315.65,3490.56,33.84,Credit Card,Delivered
ORD01605,2024-02-14,C0200,Corporate,West,Ahmedabad,Mobile App,P010,Travel Bag,Accessories,2,2775.47,10.0,5550.94,555.09,125.99,83.6,2900,False,0,0.0,4995.85,1886.26,37.76,UPI,Delivered
ORD01607,2024-03-22,C0164,Consumer,East,Ranchi,Marketplace,P020,Study Table Organizer,Stationery,2,1046.04,20.0,2092.08,418.42,60.82,52.59,900,False,0,0.0,1673.66,660.25,39.45,Credit Card,Delivered
ORD01608,2024-02-05,C0407,Consumer,South,Bengaluru,Website,P007,Yoga Mat,Sports,1,1198.45,5.0,1198.45,59.92,123.87,24.47,650,False,0,0.0,1138.53,340.19,29.88,Net Banking,Cancelled
ORD01609,2024-12-27,C0128,Home Office,East,Ranchi,Mobile App,P006,Running Shoes,Sports,1,3647.1,0.0,3647.1,0.0,162.65,58.26,2100,False,0,0.0,3647.1,1326.19,36.36,UPI,Delivered
ORD01610,2025-10-30,C0025,Consumer,North,Chandigarh,Mobile App,P016,Desk Lamp,Home & Kitchen,2,1457.79,5.0,2915.58,145.78,114.75,49.9,1500,False,0,0.0,2769.8,1105.15,39.9,UPI,Delivered
ORD01611,2024-11-12,C0132,Consumer,North,Chandigarh,Marketplace,P014,Air Fryer,Home & Kitchen,1,5649.96,10.0,5649.96,565.0,114.51,149.41,3500,False,0,0.0,5084.96,1321.04,25.98,UPI,Delivered
ORD01612,2025-05-20,C0399,Corporate,South,Bengaluru,Website,P014,Air Fryer,Home & Kitchen,2,5499.61,5.0,10999.22,549.96,135.66,211.78,7000,False,0,0.0,10449.26,3101.82,29.68,UPI,Delivered
ORD01613,2025-01-19,C0016,Consumer,South,Hyderabad,Website,P004,Laptop Stand,Electronics,1,1534.8,10.0,1534.8,153.48,235.41,36.99,850,False,0,0.0,1381.32,258.92,18.74,Debit Card,Delivered
ORD01614,2025-03-02,C0171,Corporate,North,Chandigarh,Website,P012,Sunglasses,Accessories,1,1723.33,15.0,1723.33,258.5,243.22,30.54,850,False,0,0.0,1464.83,341.07,23.28,UPI,Delivered
ORD01615,2024-07-10,C0049,Consumer,East,Kolkata,Mobile App,P010,Travel Bag,Accessories,2,2718.47,5.0,5436.94,271.85,235.01,102.04,2900,False,0,0.0,5165.09,1928.04,37.33,UPI,Delivered
ORD01616,2024-08-16,C0539,Consumer,South,Chennai,Website,P001,Wireless Headphones,Electronics,1,1855.73,10.0,1855.73,185.57,51.83,33.3,1050,False,0,0.0,1670.16,535.03,32.03,UPI,Delivered
ORD01617,2024-02-07,C0539,Consumer,East,Ranchi,Website,P008,Fitness Band,Sports,2,2091.7,0.0,4183.4,0.0,222.95,143.52,2400,False,0,0.0,4183.4,1416.93,33.87,UPI,Delivered
ORD01618,2025-06-28,C0199,Home Office,South,Bengaluru,Website,P015,Electric Kettle,Home & Kitchen,1,1884.04,10.0,1884.04,188.4,217.24,56.14,1050,False,0,0.0,1695.64,372.26,21.95,Debit Card,Delivered
ORD01619,2024-02-14,C0284,Consumer,South,Hyderabad,Marketplace,P006,Running Shoes,Sports,1,3763.84,10.0,3763.84,376.38,144.6,117.93,2100,True,1,3387.46,0.0,-2362.53,0.0,Debit Card,Returned
ORD01620,2024-04-11,C0377,Corporate,West,Mumbai,Mobile App,P019,Planner,Stationery,1,739.25,0.0,739.25,0.0,241.04,20.6,320,False,0,0.0,739.25,157.61,21.32,Credit Card,Delivered
ORD01621,2024-12-10,C0085,Consumer,West,Surat,Mobile App,P007,Yoga Mat,Sports,6,1287.66,5.0,7725.96,386.3,146.85,191.96,3900,False,0,0.0,7339.66,3100.85,42.25,UPI,Delivered
ORD01622,2025-05-11,C0465,Home Office,West,Surat,Website,P014,Air Fryer,Home & Kitchen,2,6248.73,5.0,12497.46,624.87,84.63,383.85,7000,False,0,0.0,11872.59,4404.11,37.09,UPI,Delivered
ORD01623,2025-09-24,C0108,Corporate,West,Ahmedabad,Website,P003,Bluetooth Speaker,Electronics,2,2181.52,10.0,4363.04,436.3,48.29,109.79,2600,False,0,0.0,3926.74,1168.66,29.76,UPI,Delivered
ORD01624,2024-02-22,C0080,Consumer,West,Ahmedabad,Marketplace,P018,Premium Pen Set,Stationery,1,928.06,20.0,928.06,185.61,163.88,22.22,400,False,0,0.0,742.45,156.35,21.06,Credit Card,Delivered
ORD01625,2024-01-21,C0387,Consumer,West,Surat,Mobile App,P019,Planner,Stationery,2,720.74,10.0,1441.48,144.15,90.0,22.46,640,False,0,0.0,1297.33,544.87,42.0,UPI,Delivered
ORD01626,2024-04-01,C0222,Consumer,West,Mumbai,Mobile App,P002,Smart Watch,Electronics,3,3354.61,5.0,10063.83,503.19,241.25,201.07,5700,False,0,0.0,9560.64,3418.32,35.75,Credit Card,Delivered
ORD01627,2025-04-22,C0413,Home Office,West,Surat,Website,P005,Mechanical Keyboard,Electronics,1,2577.0,0.0,2577.0,0.0,247.13,77.91,1650,True,1,2577.0,0.0,-1975.04,0.0,UPI,Returned
ORD01628,2025-06-15,C0006,Consumer,East,Kolkata,Mobile App,P019,Planner,Stationery,6,803.3,10.0,4819.8,481.98,100.23,84.09,1920,False,0,0.0,4337.82,2233.5,51.49,COD,Delivered
ORD01629,2025-03-14,C0324,Consumer,East,Kolkata,Website,P008,Fitness Band,Sports,1,2117.23,10.0,2117.23,211.72,69.16,33.65,1200,False,0,0.0,1905.51,602.7,31.63,Credit Card,Delivered
ORD01630,2024-01-16,C0587,Consumer,East,Kolkata,Marketplace,P010,Travel Bag,Accessories,2,2682.74,15.0,5365.48,804.82,79.64,141.91,2900,False,0,0.0,4560.66,1439.11,31.55,Credit Card,Delivered
ORD01631,2025-03-20,C0298,Consumer,West,Pune,Mobile App,P003,Bluetooth Speaker,Electronics,2,2324.39,15.0,4648.78,697.32,178.59,88.83,2600,False,0,0.0,3951.46,1084.04,27.43,Credit Card,Delivered
ORD01632,2025-04-10,C0401,Consumer,East,Kolkata,Website,P007,Yoga Mat,Sports,2,1288.25,5.0,2576.5,128.82,99.0,48.23,1300,False,0,0.0,2447.68,1000.45,40.87,Net Banking,Delivered
ORD01633,2025-05-05,C0053,Home Office,East,Patna,Mobile App,P003,Bluetooth Speaker,Electronics,3,2129.8,5.0,6389.4,319.47,101.06,128.05,3900,False,0,0.0,6069.93,1940.82,31.97,UPI,Delivered
ORD01634,2024-01-18,C0467,Consumer,West,Pune,Marketplace,P014,Air Fryer,Home & Kitchen,3,5822.6,5.0,17467.8,873.39,61.74,307.2,10500,False,0,0.0,16594.41,5725.47,34.5,Debit Card,Delivered
ORD01635,2024-12-09,C0243,Home Office,South,Hyderabad,Marketplace,P012,Sunglasses,Accessories,3,1498.75,5.0,4496.25,224.81,155.35,74.79,2550,False,0,0.0,4271.44,1491.3,34.91,Debit Card,Delivered
ORD01636,2024-12-07,C0589,Consumer,West,Ahmedabad,Mobile App,P015,Electric Kettle,Home & Kitchen,5,1881.14,15.0,9405.7,1410.86,92.78,149.29,5250,False,0,0.0,7994.84,2502.77,31.3,COD,Delivered
ORD01637,2024-10-18,C0378,Consumer,North,Delhi,Mobile App,P016,Desk Lamp,Home & Kitchen,2,1392.36,0.0,2784.72,0.0,136.83,72.76,1500,False,0,0.0,2784.72,1075.13,38.61,Net Banking,Delivered
ORD01638,2024-06-02,C0155,Home Office,East,Bhubaneswar,Website,P006,Running Shoes,Sports,4,3617.41,5.0,14469.64,723.48,89.01,297.9,8400,False,0,0.0,13746.16,4959.25,36.08,UPI,Delivered
ORD01639,2024-06-21,C0022,Consumer,East,Kolkata,Mobile App,P019,Planner,Stationery,2,757.12,15.0,1514.24,227.14,195.85,27.08,640,False,0,0.0,1287.1,424.17,32.96,Net Banking,Delivered
ORD01640,2025-05-19,C0313,Consumer,West,Pune,Marketplace,P015,Electric Kettle,Home & Kitchen,1,1729.02,20.0,1729.02,345.8,157.36,22.02,1050,False,0,0.0,1383.22,153.84,11.12,UPI,Delivered
ORD01641,2024-06-30,C0595,Home Office,South,Hyderabad,Website,P012,Sunglasses,Accessories,2,1679.9,10.0,3359.8,335.98,70.93,73.79,1700,False,0,0.0,3023.82,1179.1,38.99,Credit Card,Delivered
ORD01642,2024-01-17,C0126,Consumer,West,Surat,Mobile App,P005,Mechanical Keyboard,Electronics,3,2760.21,0.0,8280.63,0.0,118.52,230.95,4950,False,0,0.0,8280.63,2981.16,36.0,Debit Card,Delivered
ORD01643,2025-04-20,C0245,Consumer,West,Surat,Marketplace,P003,Bluetooth Speaker,Electronics,4,2222.73,20.0,8890.92,1778.18,220.37,164.0,5200,False,0,0.0,7112.74,1528.37,21.49,Credit Card,Delivered
ORD01644,2024-10-31,C0495,Consumer,North,Chandigarh,Marketplace,P004,Laptop Stand,Electronics,1,1446.42,5.0,1446.42,72.32,176.54,25.02,850,False,0,0.0,1374.1,322.54,23.47,Debit Card,Delivered
ORD01645,2025-06-11,C0310,Consumer,North,Chandigarh,Mobile App,P011,Leather Wallet,Accessories,1,1159.53,10.0,1159.53,115.95,218.45,19.69,550,False,0,0.0,1043.58,255.44,24.48,Debit Card,Delivered
ORD01646,2024-05-11,C0289,Consumer,West,Ahmedabad,Marketplace,P002,Smart Watch,Electronics,1,3170.36,20.0,3170.36,634.07,120.18,73.54,1900,False,0,0.0,2536.29,442.57,17.45,UPI,Delivered
ORD01647,2024-05-03,C0263,Consumer,West,Surat,Marketplace,P003,Bluetooth Speaker,Electronics,4,2167.54,15.0,8670.16,1300.52,52.09,120.43,5200,False,0,0.0,7369.64,1997.12,27.1,Credit Card,Delivered
ORD01648,2024-06-29,C0465,Home Office,West,Mumbai,Marketplace,P009,Office Backpack,Accessories,1,1888.28,5.0,1888.28,94.41,108.3,61.38,1000,False,0,0.0,1793.87,624.19,34.8,UPI,Delivered
ORD01649,2025-01-21,C0461,Consumer,West,Ahmedabad,Marketplace,P011,Leather Wallet,Accessories,2,1025.71,20.0,2051.42,410.28,100.42,33.46,1100,False,0,0.0,1641.14,407.26,24.82,Debit Card,Delivered
ORD01650,2025-05-16,C0388,Consumer,West,Pune,Mobile App,P017,Notebook Set,Stationery,5,642.79,10.0,3213.95,321.4,175.04,92.44,1300,False,0,0.0,2892.55,1325.07,45.81,UPI,Delivered
ORD01651,2024-04-27,C0467,Consumer,North,Lucknow,Mobile App,P014,Air Fryer,Home & Kitchen,2,5541.4,5.0,11082.8,554.14,92.98,166.02,7000,False,0,0.0,10528.66,3269.66,31.05,Debit Card,Delivered
ORD01652,2025-07-08,C0121,Corporate,West,Pune,Website,P001,Wireless Headphones,Electronics,5,1734.83,10.0,8674.15,867.42,159.55,238.87,5250,False,0,0.0,7806.73,2158.31,27.65,Net Banking,Delivered
ORD01653,2024-12-09,C0523,Home Office,West,Mumbai,Website,P019,Planner,Stationery,2,699.81,10.0,1399.62,139.96,109.26,30.09,640,False,0,0.0,1259.66,480.31,38.13,Debit Card,Delivered
ORD01654,2025-12-20,C0425,Consumer,West,Pune,Mobile App,P003,Bluetooth Speaker,Electronics,3,2302.33,5.0,6906.99,345.35,212.49,226.24,3900,False,0,0.0,6561.64,2222.91,33.88,COD,Delivered
ORD01655,2025-05-02,C0046,Corporate,West,Mumbai,Website,P018,Premium Pen Set,Stationery,1,829.18,10.0,829.18,82.92,95.32,21.99,400,False,0,0.0,746.26,228.95,30.68,UPI,Delivered
ORD01656,2024-01-15,C0462,Corporate,South,Chennai,Marketplace,P010,Travel Bag,Accessories,3,2716.87,20.0,8150.61,1630.12,175.56,122.05,4350,False,0,0.0,6520.49,1872.88,28.72,Credit Card,Delivered
ORD01657,2024-10-01,C0068,Corporate,West,Pune,Mobile App,P002,Smart Watch,Electronics,4,3201.43,10.0,12805.72,1280.57,116.87,337.21,7600,False,0,0.0,11525.15,3471.07,30.12,COD,Cancelled
ORD01658,2025-11-21,C0516,Consumer,North,Chandigarh,Mobile App,P016,Desk Lamp,Home & Kitchen,2,1300.06,5.0,2600.12,130.01,242.66,66.96,1500,False,0,0.0,2470.11,660.49,26.74,UPI,Delivered
ORD01659,2025-07-18,C0369,Consumer,North,Jaipur,Mobile App,P012,Sunglasses,Accessories,1,1632.52,0.0,1632.52,0.0,237.28,47.67,850,False,0,0.0,1632.52,497.57,30.48,Debit Card,Delivered
ORD01660,2024-08-17,C0087,Corporate,West,Mumbai,Mobile App,P006,Running Shoes,Sports,1,3535.29,10.0,3535.29,353.53,157.11,49.7,2100,False,0,0.0,3181.76,874.95,27.5,UPI,Delivered
ORD01661,2025-12-27,C0238,Consumer,West,Ahmedabad,Website,P005,Mechanical Keyboard,Electronics,1,2680.42,5.0,2680.42,134.02,63.41,47.25,1650,False,0,0.0,2546.4,785.74,30.86,COD,Delivered
ORD01662,2025-07-08,C0047,Consumer,South,Kochi,Mobile App,P012,Sunglasses,Accessories,4,1675.86,5.0,6703.44,335.17,212.74,204.23,3400,False,0,0.0,6368.27,2551.3,40.06,COD,Delivered
ORD01663,2024-01-30,C0309,Corporate,West,Ahmedabad,Marketplace,P001,Wireless Headphones,Electronics,2,1930.08,10.0,3860.16,386.02,121.35,57.47,2100,False,0,0.0,3474.14,1195.32,34.41,UPI,Cancelled
ORD01664,2025-12-22,C0313,Consumer,South,Kochi,Marketplace,P012,Sunglasses,Accessories,6,1644.76,20.0,9868.56,1973.71,67.0,167.01,5100,False,0,0.0,7894.85,2560.84,32.44,UPI,Delivered
ORD01665,2025-07-04,C0131,Consumer,North,Chandigarh,Mobile App,P016,Desk Lamp,Home & Kitchen,1,1386.24,10.0,1386.24,138.62,167.74,36.84,750,False,0,0.0,1247.62,293.04,23.49,COD,Delivered
ORD01666,2024-02-07,C0207,Consumer,South,Bengaluru,Website,P009,Office Backpack,Accessories,2,1887.62,0.0,3775.24,0.0,63.16,121.56,2000,False,0,0.0,3775.24,1590.52,42.13,UPI,Delivered
ORD01667,2025-07-16,C0578,Home Office,East,Ranchi,Marketplace,P003,Bluetooth Speaker,Electronics,2,2134.55,10.0,4269.1,426.91,186.27,133.59,2600,False,0,0.0,3842.19,922.33,24.01,UPI,Delivered
ORD01668,2024-12-09,C0499,Home Office,North,Delhi,Website,P018,Premium Pen Set,Stationery,2,872.67,5.0,1745.34,87.27,184.79,55.19,800,False,0,0.0,1658.07,618.09,37.28,Net Banking,Delivered
ORD01669,2025-08-20,C0009,Consumer,West,Pune,Marketplace,P017,Notebook Set,Stationery,2,624.83,15.0,1249.66,187.45,201.4,29.5,520,False,0,0.0,1062.21,311.31,29.31,UPI,Delivered
ORD01670,2024-11-21,C0253,Home Office,North,Chandigarh,Website,P020,Study Table Organizer,Stationery,1,1063.77,10.0,1063.77,106.38,207.96,16.81,450,True,1,957.39,0.0,-674.77,0.0,Credit Card,Returned
ORD01672,2024-12-21,C0093,Corporate,North,Lucknow,Website,P001,Wireless Headphones,Electronics,2,1713.81,10.0,3427.62,342.76,191.28,85.99,2100,False,0,0.0,3084.86,707.59,22.94,Debit Card,Delivered
ORD01673,2024-02-23,C0413,Home Office,East,Kolkata,Marketplace,P006,Running Shoes,Sports,2,3455.53,10.0,6911.06,691.11,221.05,192.27,4200,False,0,0.0,6219.95,1606.63,25.83,Credit Card,Delivered
ORD01674,2025-03-31,C0415,Corporate,West,Ahmedabad,Mobile App,P008,Fitness Band,Sports,1,2143.79,5.0,2143.79,107.19,103.66,50.84,1200,False,0,0.0,2036.6,682.1,33.49,Debit Card,Delivered
ORD01675,2024-05-29,C0525,Corporate,East,Bhubaneswar,Mobile App,P007,Yoga Mat,Sports,3,1271.9,5.0,3815.7,190.78,229.24,111.68,1950,False,0,0.0,3624.92,1334.0,36.8,Net Banking,Delivered
ORD01676,2025-02-19,C0584,Consumer,West,Surat,Mobile App,P012,Sunglasses,Accessories,5,1588.2,15.0,7941.0,1191.15,121.35,231.46,4250,False,0,0.0,6749.85,2147.04,31.81,UPI,Delivered
ORD01677,2025-05-16,C0345,Consumer,West,Surat,Website,P005,Mechanical Keyboard,Electronics,5,2914.71,5.0,14573.55,728.68,199.04,409.02,8250,False,0,0.0,13844.87,4986.81,36.02,Debit Card,Delivered
ORD01678,2024-11-15,C0054,Home Office,North,Jaipur,Mobile App,P017,Notebook Set,Stationery,1,641.22,0.0,641.22,0.0,95.03,11.86,260,False,0,0.0,641.22,274.33,42.78,UPI,Delivered
ORD01679,2025-02-01,C0303,Consumer,West,Pune,Marketplace,P008,Fitness Band,Sports,1,2171.14,15.0,2171.14,325.67,107.74,46.37,1200,False,0,0.0,1845.47,491.36,26.63,Credit Card,Delivered
ORD01680,2024-12-14,C0442,Home Office,North,Delhi,Website,P005,Mechanical Keyboard,Electronics,4,2647.08,10.0,10588.32,1058.83,89.28,195.6,6600,False,0,0.0,9529.49,2644.61,27.75,Credit Card,Delivered
ORD01681,2024-08-05,C0506,Consumer,East,Bhubaneswar,Website,P010,Travel Bag,Accessories,1,2538.04,15.0,2538.04,380.71,136.63,50.75,1450,False,0,0.0,2157.33,519.95,24.1,UPI,Delivered
ORD01682,2024-06-09,C0174,Consumer,North,Jaipur,Marketplace,P012,Sunglasses,Accessories,3,1512.92,0.0,4538.76,0.0,187.37,94.75,2550,False,0,0.0,4538.76,1706.64,37.6,Debit Card,Delivered
ORD01683,2025-12-07,C0372,Consumer,North,Jaipur,Website,P004,Laptop Stand,Electronics,1,1494.8,0.0,1494.8,0.0,148.89,44.18,850,False,0,0.0,1494.8,451.73,30.22,Debit Card,Delivered
ORD01684,2025-12-25,C0504,Corporate,West,Pune,Website,P002,Smart Watch,Electronics,3,3051.08,5.0,9153.24,457.66,66.45,201.43,5700,False,0,0.0,8695.58,2727.7,31.37,Net Banking,Delivered
ORD01685,2025-03-24,C0149,Consumer,West,Ahmedabad,Marketplace,P004,Laptop Stand,Electronics,1,1395.33,20.0,1395.33,279.07,89.7,38.98,850,False,0,0.0,1116.26,137.58,12.33,Debit Card,Delivered
ORD01686,2024-03-29,C0011,Consumer,North,Delhi,Website,P013,Coffee Maker,Home & Kitchen,1,3916.97,0.0,3916.97,0.0,81.9,75.49,2550,False,0,0.0,3916.97,1209.58,30.88,UPI,Delivered
ORD01687,2025-02-11,C0185,Consumer,South,Bengaluru,Website,P001,Wireless Headphones,Electronics,5,1849.2,10.0,9246.0,924.6,77.08,171.29,5250,False,0,0.0,8321.4,2823.03,33.92,Credit Card,Delivered
ORD01688,2025-05-24,C0296,Consumer,West,Surat,Website,P019,Planner,Stationery,1,797.17,5.0,797.17,39.86,121.96,23.89,320,False,0,0.0,757.31,291.46,38.49,UPI,Delivered
ORD01689,2025-05-12,C0183,Home Office,South,Kochi,Website,P007,Yoga Mat,Sports,1,1178.13,15.0,1178.13,176.72,135.73,34.88,650,False,0,0.0,1001.41,180.8,18.05,UPI,Delivered
ORD01690,2024-10-17,C0430,Consumer,North,Chandigarh,Mobile App,P004,Laptop Stand,Electronics,1,1494.69,10.0,1494.69,149.47,177.82,40.61,850,False,0,0.0,1345.22,276.79,20.58,COD,Delivered
ORD01691,2025-02-08,C0161,Consumer,West,Pune,Website,P014,Air Fryer,Home & Kitchen,1,6135.64,5.0,6135.64,306.78,160.01,111.07,3500,False,0,0.0,5828.86,2057.78,35.3,Debit Card,Delivered
ORD01692,2024-10-10,C0147,Consumer,South,Hyderabad,Website,P018,Premium Pen Set,Stationery,2,947.72,0.0,1895.44,0.0,65.49,63.29,800,False,0,0.0,1895.44,966.66,51.0,UPI,Delivered
ORD01693,2024-12-03,C0291,Consumer,South,Chennai,Mobile App,P003,Bluetooth Speaker,Electronics,1,2140.06,10.0,2140.06,214.01,188.87,34.22,1300,False,0,0.0,1926.05,402.96,20.92,UPI,Delivered
ORD01694,2025-04-16,C0021,Consumer,West,Mumbai,Mobile App,P013,Coffee Maker,Home & Kitchen,2,4474.47,0.0,8948.94,0.0,46.5,284.13,5100,False,0,0.0,8948.94,3518.31,39.32,Credit Card,Delivered
ORD01695,2024-03-15,C0099,Consumer,North,Jaipur,Website,P007,Yoga Mat,Sports,1,1222.15,0.0,1222.15,0.0,202.34,27.8,650,False,0,0.0,1222.15,342.01,27.98,UPI,Delivered
ORD01696,2024-06-06,C0256,Consumer,South,Chennai,Website,P009,Office Backpack,Accessories,1,1888.44,10.0,1888.44,188.84,74.0,49.12,1000,False,0,0.0,1699.6,576.48,33.92,Net Banking,Delivered
ORD01697,2024-04-19,C0035,Home Office,South,Chennai,Marketplace,P008,Fitness Band,Sports,1,1976.6,20.0,1976.6,395.32,162.28,38.03,1200,False,0,0.0,1581.28,180.97,11.44,Net Banking,Delivered
ORD01698,2024-05-09,C0116,Home Office,North,Delhi,Mobile App,P019,Planner,Stationery,2,800.34,5.0,1600.68,80.03,176.67,45.47,640,False,0,0.0,1520.65,658.51,43.3,Net Banking,Delivered
ORD01699,2025-07-21,C0192,Home Office,East,Ranchi,Marketplace,P015,Electric Kettle,Home & Kitchen,2,1912.46,20.0,3824.92,764.98,111.33,70.48,2100,False,0,0.0,3059.94,778.13,25.43,Credit Card,Delivered
ORD01701,2025-10-06,C0405,Consumer,West,Ahmedabad,Website,P004,Laptop Stand,Electronics,6,1614.71,5.0,9688.26,484.41,59.31,199.63,5100,False,0,0.0,9203.85,3844.91,41.78,Credit Card,Cancelled
ORD01702,2024-10-18,C0480,Consumer,West,Surat,Marketplace,P012,Sunglasses,Accessories,2,1542.62,20.0,3085.24,617.05,50.84,50.2,1700,False,0,0.0,2468.19,667.15,27.03,Debit Card,Delivered
ORD01703,2025-05-16,C0082,Corporate,West,Mumbai,Mobile App,P006,Running Shoes,Sports,4,3714.9,10.0,14859.6,1485.96,47.26,297.67,8400,False,0,0.0,13373.64,4628.71,34.61,Credit Card,Delivered
ORD01704,2024-02-21,C0230,Consumer,North,Jaipur,Website,P003,Bluetooth Speaker,Electronics,1,2116.92,5.0,2116.92,105.85,131.68,32.44,1300,False,0,0.0,2011.07,546.95,27.2,Credit Card,Delivered
ORD01705,2025-12-14,C0376,Consumer,South,Kochi,Mobile App,P012,Sunglasses,Accessories,1,1617.5,5.0,1617.5,80.88,108.22,53.55,850,False,0,0.0,1536.62,524.85,34.16,Net Banking,Delivered
ORD01706,2025-08-07,C0043,Consumer,West,Mumbai,Marketplace,P002,Smart Watch,Electronics,2,3381.62,20.0,6763.24,1352.65,227.57,96.87,3800,False,0,0.0,5410.59,1286.15,23.77,UPI,Delivered
ORD01707,2025-08-26,C0222,Consumer,South,Chennai,Mobile App,P007,Yoga Mat,Sports,1,1184.91,15.0,1184.91,177.74,220.9,32.53,650,False,0,0.0,1007.17,103.74,10.3,UPI,Cancelled
ORD01708,2024-03-31,C0036,Corporate,North,Delhi,Website,P018,Premium Pen Set,Stationery,1,968.55,15.0,968.55,145.28,230.23,23.52,400,False,0,0.0,823.27,169.52,20.59,UPI,Delivered
ORD01709,2025-06-20,C0065,Consumer,West,Ahmedabad,Mobile App,P018,Premium Pen Set,Stationery,1,961.84,0.0,961.84,0.0,212.82,21.86,400,False,0,0.0,961.84,327.16,34.01,UPI,Delivered
ORD01710,2025-05-12,C0542,Consumer,East,Kolkata,Website,P006,Running Shoes,Sports,1,3734.05,10.0,3734.05,373.4,114.03,84.41,2100,False,0,0.0,3360.65,1062.21,31.61,Credit Card,Delivered
ORD01711,2024-06-11,C0158,Corporate,East,Ranchi,Website,P012,Sunglasses,Accessories,3,1481.08,10.0,4443.24,444.32,60.79,72.0,2550,False,0,0.0,3998.92,1316.13,32.91,Credit Card,Delivered
ORD01713,2024-04-19,C0027,Consumer,North,Jaipur,Mobile App,P020,Study Table Organizer,Stationery,2,1062.19,5.0,2124.38,106.22,61.55,63.5,900,False,0,0.0,2018.16,993.11,49.21,UPI,Cancelled
ORD01714,2025-06-01,C0536,Home Office,West,Surat,Marketplace,P011,Leather Wallet,Accessories,2,1063.83,15.0,2127.66,319.15,159.8,44.52,1100,False,0,0.0,1808.51,504.19,27.88,UPI,Delivered
ORD01715,2024-09-13,C0245,Consumer,North,Jaipur,Website,P018,Premium Pen Set,Stationery,1,875.54,0.0,875.54,0.0,51.6,26.64,400,False,0,0.0,875.54,397.3,45.38,Debit Card,Delivered
ORD01716,2025-10-14,C0373,Consumer,East,Bhubaneswar,Mobile App,P011,Leather Wallet,Accessories,1,1148.99,15.0,1148.99,172.35,135.01,16.5,550,False,0,0.0,976.64,275.13,28.17,Debit Card,Delivered
ORD01717,2024-08-18,C0451,Corporate,North,Delhi,Mobile App,P012,Sunglasses,Accessories,1,1592.48,15.0,1592.48,238.87,51.56,45.91,850,False,0,0.0,1353.61,406.14,30.0,UPI,Delivered
ORD01718,2024-10-26,C0528,Consumer,West,Ahmedabad,Marketplace,P013,Coffee Maker,Home & Kitchen,2,4115.09,20.0,8230.18,1646.04,41.61,198.79,5100,False,0,0.0,6584.14,1243.74,18.89,UPI,Delivered
ORD01719,2024-03-12,C0098,Consumer,South,Kochi,Mobile App,P009,Office Backpack,Accessories,1,1855.14,5.0,1855.14,92.76,168.67,40.04,1000,False,0,0.0,1762.38,553.67,31.42,Debit Card,Delivered
ORD01720,2025-07-01,C0098,Consumer,South,Bengaluru,Website,P006,Running Shoes,Sports,3,3236.14,5.0,9708.42,485.42,151.52,185.51,6300,False,0,0.0,9223.0,2585.97,28.04,Debit Card,Delivered
ORD01721,2025-06-18,C0369,Consumer,West,Pune,Mobile App,P012,Sunglasses,Accessories,1,1480.27,10.0,1480.27,148.03,72.57,31.8,850,False,0,0.0,1332.24,377.87,28.36,Credit Card,Delivered
ORD01722,2025-01-10,C0126,Consumer,West,Surat,Website,P015,Electric Kettle,Home & Kitchen,6,1928.13,15.0,11568.78,1735.32,145.37,190.84,6300,False,0,0.0,9833.46,3197.25,32.51,Credit Card,Delivered
ORD01723,2024-07-27,C0588,Consumer,South,Bengaluru,Website,P020,Study Table Organizer,Stationery,4,947.39,0.0,3789.56,0.0,87.76,124.65,1800,False,0,0.0,3789.56,1777.15,46.9,Net Banking,Delivered
ORD01724,2024-06-28,C0519,Home Office,West,Pune,Website,P009,Office Backpack,Accessories,1,1664.17,5.0,1664.17,83.21,92.01,47.92,1000,False,0,0.0,1580.96,441.03,27.9,Debit Card,Delivered
ORD01725,2025-09-28,C0449,Consumer,North,Jaipur,Website,P018,Premium Pen Set,Stationery,1,899.5,0.0,899.5,0.0,211.49,19.7,400,False,0,0.0,899.5,268.31,29.83,Debit Card,Delivered
ORD01726,2025-12-06,C0461,Consumer,South,Chennai,Mobile App,P004,Laptop Stand,Electronics,3,1383.73,10.0,4151.19,415.12,140.02,63.66,2550,False,0,0.0,3736.07,982.39,26.29,Net Banking,Delivered
ORD01727,2025-12-15,C0573,Consumer,East,Bhubaneswar,Website,P011,Leather Wallet,Accessories,6,1090.22,15.0,6541.32,981.2,57.26,147.12,3300,False,0,0.0,5560.12,2055.74,36.97,Debit Card,Delivered
ORD01728,2024-08-08,C0402,Home Office,East,Ranchi,Website,P009,Office Backpack,Accessories,3,1820.78,10.0,5462.34,546.23,129.07,146.86,3000,False,0,0.0,4916.11,1640.18,33.36,Net Banking,Delivered
ORD01729,2025-03-27,C0587,Consumer,South,Kochi,Mobile App,P012,Sunglasses,Accessories,3,1538.34,5.0,4615.02,230.75,42.54,99.01,2550,False,0,0.0,4384.27,1692.72,38.61,Debit Card,Delivered
ORD01730,2024-09-02,C0341,Consumer,West,Pune,Mobile App,P014,Air Fryer,Home & Kitchen,1,5480.72,5.0,5480.72,274.04,212.42,98.75,3500,False,0,0.0,5206.68,1395.51,26.8,Credit Card,Delivered
ORD01731,2024-03-30,C0440,Consumer,West,Surat,Mobile App,P011,Leather Wallet,Accessories,1,1085.81,0.0,1085.81,0.0,54.38,23.27,550,False,0,0.0,1085.81,458.16,42.2,UPI,Delivered
ORD01732,2024-07-12,C0538,Consumer,West,Mumbai,Website,P001,Wireless Headphones,Electronics,1,1930.96,5.0,1930.96,96.55,240.35,55.04,1050,True,1,1834.41,0.0,-1345.39,0.0,Credit Card,Returned
ORD01733,2024-02-05,C0238,Consumer,North,Chandigarh,Website,P003,Bluetooth Speaker,Electronics,2,2233.18,5.0,4466.36,223.32,162.89,129.13,2600,False,0,0.0,4243.04,1351.02,31.84,COD,Delivered
ORD01734,2025-09-23,C0242,Home Office,North,Lucknow,Website,P004,Laptop Stand,Electronics,1,1389.03,5.0,1389.03,69.45,55.6,34.15,850,False,0,0.0,1319.58,379.83,28.78,COD,Delivered
ORD01735,2024-01-22,C0079,Consumer,West,Surat,Website,P002,Smart Watch,Electronics,4,3356.77,15.0,13427.08,2014.06,126.23,397.8,7600,False,0,0.0,11413.02,3288.99,28.82,Credit Card,Delivered
ORD01736,2025-02-19,C0182,Consumer,West,Surat,Marketplace,P008,Fitness Band,Sports,2,1997.18,15.0,3994.36,599.15,138.58,58.77,2400,False,0,0.0,3395.21,797.86,23.5,UPI,Delivered
ORD01737,2025-12-14,C0117,Corporate,East,Bhubaneswar,Website,P001,Wireless Headphones,Electronics,2,1870.62,5.0,3741.24,187.06,108.61,118.23,2100,True,1,1777.09,1777.09,-549.75,-30.94,UPI,Returned
ORD01738,2024-07-19,C0379,Corporate,North,Delhi,Mobile App,P006,Running Shoes,Sports,1,3603.26,5.0,3603.26,180.16,157.53,109.47,2100,False,0,0.0,3423.1,1056.1,30.85,Credit Card,Delivered
ORD01739,2024-04-18,C0180,Consumer,East,Bhubaneswar,Mobile App,P013,Coffee Maker,Home & Kitchen,1,4172.11,10.0,4172.11,417.21,116.12,125.41,2550,False,0,0.0,3754.9,963.37,25.66,Credit Card,Delivered
ORD01740,2024-12-22,C0363,Consumer,South,Kochi,Marketplace,P003,Bluetooth Speaker,Electronics,1,2239.18,10.0,2239.18,223.92,177.74,68.96,1300,True,1,2015.26,0.0,-1546.7,0.0,Debit Card,Returned
ORD01741,2024-02-15,C0025,Consumer,West,Mumbai,Website,P004,Laptop Stand,Electronics,3,1420.2,0.0,4260.6,0.0,49.43,102.43,2550,False,0,0.0,4260.6,1558.74,36.58,Net Banking,Delivered
ORD01742,2025-02-01,C0451,Corporate,East,Patna,Website,P019,Planner,Stationery,5,702.23,5.0,3511.15,175.56,210.27,85.76,1600,False,0,0.0,3335.59,1439.56,43.16,UPI,Delivered
ORD01743,2024-07-17,C0508,Corporate,East,Bhubaneswar,Website,P010,Travel Bag,Accessories,2,2610.81,5.0,5221.62,261.08,142.02,168.18,2900,False,0,0.0,4960.54,1750.34,35.29,UPI,Delivered
ORD01744,2025-03-28,C0301,Consumer,South,Chennai,Website,P001,Wireless Headphones,Electronics,4,1817.15,15.0,7268.6,1090.29,249.4,177.11,4200,False,0,0.0,6178.31,1551.8,25.12,Net Banking,Delivered
ORD01745,2024-02-28,C0051,Home Office,South,Hyderabad,Mobile App,P013,Coffee Maker,Home & Kitchen,1,4468.29,15.0,4468.29,670.24,139.4,64.64,2550,True,1,3798.05,0.0,-2754.04,0.0,UPI,Returned
ORD01746,2024-09-22,C0162,Corporate,East,Kolkata,Marketplace,P015,Electric Kettle,Home & Kitchen,2,1722.31,10.0,3444.62,344.46,71.48,72.12,2100,False,0,0.0,3100.16,856.56,27.63,UPI,Delivered
ORD01747,2024-05-07,C0502,Consumer,East,Bhubaneswar,Mobile App,P002,Smart Watch,Electronics,1,3294.08,0.0,3294.08,0.0,219.8,62.77,1900,False,0,0.0,3294.08,1111.51,33.74,UPI,Delivered
ORD01748,2025-07-28,C0433,Consumer,South,Hyderabad,Website,P012,Sunglasses,Accessories,1,1721.52,0.0,1721.52,0.0,163.97,40.28,850,False,0,0.0,1721.52,667.27,38.76,Credit Card,Delivered
ORD01749,2024-07-15,C0415,Corporate,North,Chandigarh,Mobile App,P011,Leather Wallet,Accessories,4,1114.0,0.0,4456.0,0.0,169.47,71.28,2200,False,0,0.0,4456.0,2015.25,45.23,Credit Card,Delivered
ORD01750,2025-02-13,C0060,Consumer,East,Bhubaneswar,Mobile App,P017,Notebook Set,Stationery,2,627.38,5.0,1254.76,62.74,213.79,19.49,520,False,0,0.0,1192.02,438.74,36.81,Credit Card,Delivered
ORD01751,2025-11-11,C0198,Home Office,North,Lucknow,Website,P011,Leather Wallet,Accessories,2,1121.15,5.0,2242.3,112.12,220.29,67.98,1100,False,0,0.0,2130.18,741.91,34.83,Credit Card,Delivered
ORD01752,2025-05-09,C0247,Consumer,North,Jaipur,Mobile App,P009,Office Backpack,Accessories,1,1673.0,0.0,1673.0,0.0,101.22,54.2,1000,False,0,0.0,1673.0,517.58,30.94,UPI,Delivered
ORD01753,2025-09-15,C0033,Consumer,North,Jaipur,Marketplace,P008,Fitness Band,Sports,1,2173.9,15.0,2173.9,326.08,52.64,33.25,1200,False,0,0.0,1847.82,561.93,30.41,Debit Card,Delivered
ORD01754,2025-08-13,C0490,Home Office,North,Jaipur,Mobile App,P012,Sunglasses,Accessories,2,1724.98,5.0,3449.96,172.5,249.07,105.79,1700,False,0,0.0,3277.46,1222.6,37.3,Credit Card,Delivered
ORD01755,2024-08-25,C0138,Corporate,West,Mumbai,Mobile App,P005,Mechanical Keyboard,Electronics,1,2858.7,10.0,2858.7,285.87,143.52,54.47,1650,False,0,0.0,2572.83,724.84,28.17,UPI,Delivered
ORD01756,2024-12-02,C0030,Consumer,South,Hyderabad,Mobile App,P006,Running Shoes,Sports,2,3719.76,0.0,7439.52,0.0,83.45,232.75,4200,False,0,0.0,7439.52,2923.32,39.29,UPI,Delivered
ORD01757,2024-09-21,C0050,Consumer,East,Kolkata,Marketplace,P012,Sunglasses,Accessories,2,1601.79,0.0,3203.58,0.0,210.77,88.04,1700,False,0,0.0,3203.58,1204.77,37.61,Debit Card,Delivered
ORD01758,2024-08-17,C0393,Consumer,North,Delhi,Marketplace,P014,Air Fryer,Home & Kitchen,3,5666.13,10.0,16998.39,1699.84,130.06,478.48,10500,False,0,0.0,15298.55,4190.01,27.39,Credit Card,Delivered
ORD01759,2025-07-24,C0457,Consumer,North,Chandigarh,Mobile App,P006,Running Shoes,Sports,2,3311.89,10.0,6623.78,662.38,164.84,118.94,4200,True,2,5961.4,0.0,-4483.78,0.0,UPI,Returned
ORD01760,2025-03-03,C0421,Corporate,South,Kochi,Marketplace,P016,Desk Lamp,Home & Kitchen,1,1354.92,5.0,1354.92,67.75,156.07,33.75,750,False,0,0.0,1287.17,347.35,26.99,UPI,Delivered
ORD01761,2025-12-23,C0266,Corporate,West,Ahmedabad,Website,P019,Planner,Stationery,1,751.45,5.0,751.45,37.57,51.72,20.96,320,False,0,0.0,713.88,321.2,44.99,COD,Delivered
ORD01762,2025-07-14,C0189,Consumer,West,Surat,Marketplace,P011,Leather Wallet,Accessories,1,1034.36,10.0,1034.36,103.44,111.07,29.81,550,False,0,0.0,930.92,240.04,25.79,COD,Delivered
ORD01763,2024-06-21,C0001,Consumer,West,Mumbai,Marketplace,P001,Wireless Headphones,Electronics,1,1705.58,15.0,1705.58,255.84,85.3,26.2,1050,False,0,0.0,1449.74,288.24,19.88,Credit Card,Cancelled
ORD01764,2025-09-23,C0475,Consumer,East,Bhubaneswar,Mobile App,P013,Coffee Maker,Home & Kitchen,2,4348.85,15.0,8697.7,1304.66,185.83,139.62,5100,False,0,0.0,7393.04,1967.59,26.61,Credit Card,Delivered
ORD01765,2025-10-16,C0394,Corporate,South,Bengaluru,Mobile App,P007,Yoga Mat,Sports,4,1184.62,0.0,4738.48,0.0,51.23,117.75,2600,False,0,0.0,4738.48,1969.5,41.56,Credit Card,Cancelled
ORD01766,2025-08-19,C0301,Consumer,East,Patna,Marketplace,P017,Notebook Set,Stationery,1,644.87,15.0,644.87,96.73,107.98,13.08,260,True,1,548.14,0.0,-381.06,0.0,UPI,Returned
ORD01767,2024-05-05,C0405,Consumer,South,Chennai,Mobile App,P007,Yoga Mat,Sports,5,1268.17,10.0,6340.85,634.08,190.79,193.32,3250,False,0,0.0,5706.77,2072.66,36.32,UPI,Delivered
ORD01768,2024-07-07,C0193,Home Office,East,Patna,Website,P009,Office Backpack,Accessories,6,1897.47,10.0,11384.82,1138.48,84.97,273.87,6000,False,0,0.0,10246.34,3887.5,37.94,Credit Card,Delivered
ORD01769,2025-06-11,C0303,Consumer,North,Delhi,Website,P018,Premium Pen Set,Stationery,1,830.85,0.0,830.85,0.0,57.95,24.6,400,False,0,0.0,830.85,348.3,41.92,Debit Card,Delivered
ORD01770,2025-01-22,C0085,Consumer,South,Hyderabad,Mobile App,P011,Leather Wallet,Accessories,1,1026.09,10.0,1026.09,102.61,136.32,21.34,550,False,0,0.0,923.48,215.82,23.37,Credit Card,Delivered
ORD01771,2025-09-06,C0300,Consumer,West,Mumbai,Website,P003,Bluetooth Speaker,Electronics,4,2134.99,10.0,8539.96,854.0,189.02,159.94,5200,False,0,0.0,7685.96,2137.0,27.8,Debit Card,Delivered
ORD01772,2024-08-30,C0434,Consumer,East,Bhubaneswar,Mobile App,P018,Premium Pen Set,Stationery,4,940.28,10.0,3761.12,376.11,154.89,107.5,1600,False,0,0.0,3385.01,1522.62,44.98,Net Banking,Cancelled
ORD01773,2025-02-16,C0003,Corporate,West,Mumbai,Mobile App,P002,Smart Watch,Electronics,1,3116.09,10.0,3116.09,311.61,149.22,88.97,1900,False,0,0.0,2804.48,666.29,23.76,Credit Card,Delivered
ORD01774,2025-12-07,C0125,Consumer,West,Pune,Marketplace,P009,Office Backpack,Accessories,1,1877.18,10.0,1877.18,187.72,177.03,51.49,1000,False,0,0.0,1689.46,460.94,27.28,Debit Card,Delivered
ORD01775,2025-06-13,C0052,Corporate,West,Mumbai,Website,P010,Travel Bag,Accessories,1,2604.15,0.0,2604.15,0.0,177.6,62.12,1450,False,0,0.0,2604.15,914.43,35.11,Credit Card,Delivered
ORD01776,2024-04-28,C0503,Consumer,West,Ahmedabad,Marketplace,P004,Laptop Stand,Electronics,2,1586.52,5.0,3173.04,158.65,248.41,84.98,1700,False,0,0.0,3014.39,981.0,32.54,Credit Card,Delivered
ORD01777,2025-02-07,C0390,Corporate,West,Ahmedabad,Website,P009,Office Backpack,Accessories,1,1754.03,0.0,1754.03,0.0,217.52,55.61,1000,False,0,0.0,1754.03,480.9,27.42,Net Banking,Delivered
ORD01778,2025-03-28,C0435,Consumer,West,Ahmedabad,Mobile App,P014,Air Fryer,Home & Kitchen,1,5643.22,10.0,5643.22,564.32,243.43,111.37,3500,True,1,5078.9,0.0,-3854.8,0.0,UPI,Returned
ORD01779,2024-04-10,C0544,Corporate,North,Delhi,Website,P010,Travel Bag,Accessories,1,2434.37,5.0,2434.37,121.72,148.97,45.92,1450,False,0,0.0,2312.65,667.76,28.87,UPI,Delivered
ORD01780,2024-09-14,C0062,Consumer,West,Pune,Mobile App,P012,Sunglasses,Accessories,1,1690.43,10.0,1690.43,169.04,248.82,48.4,850,False,0,0.0,1521.39,374.17,24.59,Debit Card,Delivered
ORD01781,2025-11-10,C0404,Corporate,West,Ahmedabad,Website,P017,Notebook Set,Stationery,3,600.86,0.0,1802.58,0.0,173.73,32.42,780,False,0,0.0,1802.58,816.43,45.29,Net Banking,Delivered
ORD01782,2025-08-11,C0447,Home Office,North,Jaipur,Marketplace,P016,Desk Lamp,Home & Kitchen,5,1429.03,10.0,7145.15,714.52,249.24,116.99,3750,False,0,0.0,6430.63,2314.4,35.99,UPI,Delivered
ORD01783,2025-05-19,C0335,Consumer,West,Ahmedabad,Website,P019,Planner,Stationery,1,798.01,5.0,798.01,39.9,61.18,23.11,320,False,0,0.0,758.11,353.82,46.67,Credit Card,Delivered
ORD01784,2025-04-11,C0456,Consumer,West,Surat,Website,P002,Smart Watch,Electronics,1,2954.24,10.0,2954.24,295.42,230.89,79.0,1900,False,0,0.0,2658.82,448.93,16.88,UPI,Delivered
ORD01785,2025-06-28,C0487,Consumer,South,Kochi,Website,P013,Coffee Maker,Home & Kitchen,1,3969.09,10.0,3969.09,396.91,186.18,86.15,2550,True,1,3572.18,0.0,-2822.33,0.0,UPI,Returned
ORD01786,2025-11-12,C0021,Consumer,North,Chandigarh,Mobile App,P018,Premium Pen Set,Stationery,6,941.15,0.0,5646.9,0.0,197.42,170.27,2400,False,0,0.0,5646.9,2879.21,50.99,Credit Card,Delivered
ORD01787,2024-12-19,C0409,Home Office,South,Hyderabad,Mobile App,P014,Air Fryer,Home & Kitchen,1,5840.83,10.0,5840.83,584.08,91.15,169.29,3500,False,0,0.0,5256.75,1496.31,28.46,COD,Delivered
ORD01788,2024-04-27,C0191,Consumer,North,Jaipur,Mobile App,P020,Study Table Organizer,Stationery,1,997.27,5.0,997.27,49.86,198.39,26.33,450,False,0,0.0,947.41,272.69,28.78,Debit Card,Delivered
ORD01789,2024-01-31,C0314,Home Office,South,Kochi,Marketplace,P012,Sunglasses,Accessories,2,1716.88,15.0,3433.76,515.06,204.41,48.52,1700,False,0,0.0,2918.7,965.77,33.09,UPI,Delivered
ORD01790,2025-03-15,C0248,Home Office,West,Mumbai,Website,P010,Travel Bag,Accessories,1,2582.27,0.0,2582.27,0.0,87.93,67.33,1450,False,0,0.0,2582.27,977.01,37.84,Net Banking,Delivered
ORD01791,2024-08-09,C0092,Corporate,South,Chennai,Marketplace,P009,Office Backpack,Accessories,2,1932.64,15.0,3865.28,579.79,67.7,94.14,2000,False,0,0.0,3285.49,1123.65,34.2,Credit Card,Delivered
ORD01792,2025-03-30,C0440,Consumer,East,Kolkata,Marketplace,P005,Mechanical Keyboard,Electronics,4,2711.63,10.0,10846.52,1084.65,147.43,289.15,6600,False,0,0.0,9761.87,2725.29,27.92,UPI,Delivered
ORD01793,2024-03-16,C0297,Corporate,East,Patna,Website,P020,Study Table Organizer,Stationery,1,1020.37,10.0,1020.37,102.04,214.73,30.0,450,False,0,0.0,918.33,223.6,24.35,Credit Card,Delivered
ORD01794,2025-05-03,C0404,Corporate,West,Ahmedabad,Marketplace,P020,Study Table Organizer,Stationery,2,970.87,10.0,1941.74,194.17,224.88,60.95,900,False,0,0.0,1747.57,561.74,32.14,UPI,Delivered
ORD01795,2024-05-27,C0441,Consumer,South,Chennai,Website,P009,Office Backpack,Accessories,2,1841.45,5.0,3682.9,184.14,45.91,115.56,2000,False,0,0.0,3498.76,1337.29,38.22,Net Banking,Delivered
ORD01796,2024-10-27,C0339,Consumer,North,Lucknow,Marketplace,P006,Running Shoes,Sports,1,3285.21,10.0,3285.21,328.52,141.14,54.39,2100,False,0,0.0,2956.69,661.16,22.36,UPI,Delivered
ORD01797,2024-08-09,C0450,Consumer,East,Ranchi,Mobile App,P007,Yoga Mat,Sports,2,1242.5,5.0,2485.0,124.25,168.76,61.75,1300,False,0,0.0,2360.75,830.24,35.17,Debit Card,Delivered
ORD01798,2024-09-29,C0412,Home Office,North,Jaipur,Website,P010,Travel Bag,Accessories,2,2565.79,5.0,5131.58,256.58,178.2,104.15,2900,False,0,0.0,4875.0,1692.65,34.72,UPI,Delivered
ORD01799,2025-04-24,C0101,Consumer,West,Mumbai,Website,P003,Bluetooth Speaker,Electronics,4,2275.07,5.0,9100.28,455.01,129.33,149.03,5200,False,0,0.0,8645.27,3166.91,36.63,UPI,Delivered
ORD01800,2025-12-07,C0256,Consumer,North,Chandigarh,Website,P002,Smart Watch,Electronics,3,3236.07,10.0,9708.21,970.82,98.97,158.1,5700,False,0,0.0,8737.39,2780.32,31.82,UPI,Delivered
ORD01801,2024-11-14,C0006,Consumer,North,Delhi,Marketplace,P020,Study Table Organizer,Stationery,1,955.99,5.0,955.99,47.8,63.97,28.65,450,False,0,0.0,908.19,365.57,40.25,Debit Card,Delivered
ORD01802,2024-10-31,C0250,Home Office,West,Surat,Mobile App,P009,Office Backpack,Accessories,1,1836.46,10.0,1836.46,183.65,229.04,42.24,1000,False,0,0.0,1652.81,381.53,23.08,Credit Card,Delivered
ORD01803,2025-11-16,C0398,Consumer,North,Lucknow,Mobile App,P004,Laptop Stand,Electronics,2,1386.69,15.0,2773.38,416.01,141.99,74.95,1700,False,0,0.0,2357.37,440.43,18.68,Credit Card,Delivered
ORD01804,2025-11-30,C0112,Consumer,East,Ranchi,Website,P018,Premium Pen Set,Stationery,1,929.88,5.0,929.88,46.49,200.24,21.11,400,False,0,0.0,883.39,262.04,29.66,Credit Card,Delivered
ORD01805,2025-01-10,C0311,Consumer,West,Mumbai,Website,P003,Bluetooth Speaker,Electronics,4,2334.01,5.0,9336.04,466.8,239.2,248.96,5200,False,0,0.0,8869.24,3181.08,35.87,COD,Delivered
ORD01806,2024-08-01,C0553,Consumer,North,Delhi,Website,P002,Smart Watch,Electronics,5,2998.93,0.0,14994.65,0.0,75.76,470.69,9500,False,0,0.0,14994.65,4948.2,33.0,UPI,Delivered
ORD01807,2025-07-07,C0545,Consumer,North,Chandigarh,Website,P005,Mechanical Keyboard,Electronics,1,2768.64,15.0,2768.64,415.3,80.22,71.53,1650,False,0,0.0,2353.34,551.59,23.44,UPI,Delivered
ORD01808,2024-07-26,C0342,Consumer,East,Bhubaneswar,Marketplace,P018,Premium Pen Set,Stationery,2,900.38,20.0,1800.76,360.15,48.92,46.57,800,False,0,0.0,1440.61,545.12,37.84,Credit Card,Delivered
ORD01809,2024-10-07,C0166,Corporate,West,Surat,Mobile App,P006,Running Shoes,Sports,5,3238.53,0.0,16192.65,0.0,40.43,347.6,10500,False,0,0.0,16192.65,5304.62,32.76,Credit Card,Delivered
ORD01810,2024-01-01,C0368,Home Office,West,Surat,Website,P018,Premium Pen Set,Stationery,1,923.92,10.0,923.92,92.39,226.57,26.4,400,False,0,0.0,831.53,178.56,21.47,UPI,Delivered
ORD01811,2025-05-16,C0249,Home Office,South,Chennai,Mobile App,P003,Bluetooth Speaker,Electronics,4,2186.63,10.0,8746.52,874.65,130.78,212.56,5200,False,0,0.0,7871.87,2328.53,29.58,Debit Card,Delivered
ORD01812,2025-06-27,C0013,Corporate,West,Mumbai,Marketplace,P009,Office Backpack,Accessories,2,1843.2,5.0,3686.4,184.32,135.19,80.6,2000,False,0,0.0,3502.08,1286.29,36.73,UPI,Delivered
ORD01813,2024-09-17,C0090,Consumer,South,Chennai,Website,P009,Office Backpack,Accessories,2,1939.04,5.0,3878.08,193.9,159.84,68.41,2000,False,0,0.0,3684.18,1455.93,39.52,UPI,Delivered
ORD01814,2025-01-04,C0336,Consumer,South,Hyderabad,Website,P007,Yoga Mat,Sports,3,1264.57,0.0,3793.71,0.0,137.15,87.05,1950,False,0,0.0,3793.71,1619.51,42.69,Credit Card,Delivered
ORD01815,2025-10-28,C0310,Consumer,West,Pune,Marketplace,P001,Wireless Headphones,Electronics,3,1686.45,10.0,5059.35,505.94,45.76,114.58,3150,False,0,0.0,4553.41,1243.07,27.3,Credit Card,Delivered
ORD01816,2025-01-03,C0458,Consumer,North,Chandigarh,Marketplace,P016,Desk Lamp,Home & Kitchen,1,1446.68,10.0,1446.68,144.67,213.21,24.24,750,False,0,0.0,1302.01,314.56,24.16,UPI,Cancelled
ORD01817,2025-04-16,C0581,Consumer,West,Surat,Website,P013,Coffee Maker,Home & Kitchen,1,3865.48,0.0,3865.48,0.0,145.83,70.21,2550,False,0,0.0,3865.48,1099.44,28.44,Net Banking,Delivered
ORD01818,2025-06-20,C0304,Corporate,East,Patna,Marketplace,P004,Laptop Stand,Electronics,3,1472.35,5.0,4417.05,220.85,233.47,139.7,2550,False,0,0.0,4196.2,1273.03,30.34,Debit Card,Delivered
ORD01819,2024-10-19,C0241,Home Office,North,Delhi,Marketplace,P014,Air Fryer,Home & Kitchen,2,5910.67,20.0,11821.34,2364.27,180.51,239.4,7000,False,0,0.0,9457.07,2037.16,21.54,Net Banking,Delivered
ORD01820,2025-05-17,C0370,Consumer,East,Patna,Mobile App,P013,Coffee Maker,Home & Kitchen,5,4476.61,0.0,22383.05,0.0,114.31,716.87,12750,False,0,0.0,22383.05,8801.87,39.32,UPI,Delivered
ORD01821,2024-05-11,C0049,Consumer,South,Kochi,Website,P015,Electric Kettle,Home & Kitchen,1,1838.09,10.0,1838.09,183.81,169.6,55.91,1050,False,0,0.0,1654.28,378.77,22.9,COD,Cancelled
ORD01822,2024-01-31,C0148,Consumer,South,Kochi,Website,P015,Electric Kettle,Home & Kitchen,3,1940.07,0.0,5820.21,0.0,51.63,173.41,3150,False,0,0.0,5820.21,2445.17,42.01,UPI,Delivered
ORD01823,2024-02-07,C0222,Consumer,West,Mumbai,Website,P020,Study Table Organizer,Stationery,2,1049.37,5.0,2098.74,104.94,90.27,45.6,900,False,0,0.0,1993.8,957.93,48.05,Credit Card,Delivered
ORD01824,2025-09-04,C0357,Consumer,East,Kolkata,Marketplace,P011,Leather Wallet,Accessories,2,1109.7,0.0,2219.4,0.0,151.41,38.33,1100,False,0,0.0,2219.4,929.66,41.89,UPI,Delivered
ORD01825,2025-03-09,C0470,Home Office,West,Pune,Marketplace,P016,Desk Lamp,Home & Kitchen,1,1363.87,15.0,1363.87,204.58,247.25,33.78,750,False,0,0.0,1159.29,128.26,11.06,Credit Card,Delivered
ORD01826,2025-10-05,C0101,Consumer,North,Chandigarh,Website,P013,Coffee Maker,Home & Kitchen,3,4396.91,10.0,13190.73,1319.07,229.17,240.16,7650,False,0,0.0,11871.66,3752.33,31.61,Debit Card,Delivered
ORD01827,2025-02-02,C0589,Consumer,West,Mumbai,Website,P005,Mechanical Keyboard,Electronics,5,2954.65,5.0,14773.25,738.66,180.84,335.72,8250,False,0,0.0,14034.59,5268.03,37.54,UPI,Delivered
ORD01828,2024-08-17,C0571,Consumer,West,Surat,Marketplace,P015,Electric Kettle,Home & Kitchen,1,1826.11,10.0,1826.11,182.61,150.46,31.32,1050,False,0,0.0,1643.5,411.72,25.05,UPI,Delivered
ORD01829,2025-08-01,C0231,Corporate,South,Chennai,Website,P001,Wireless Headphones,Electronics,1,1892.5,15.0,1892.5,283.88,121.89,39.06,1050,False,0,0.0,1608.62,397.67,24.72,COD,Delivered
ORD01830,2025-05-29,C0258,Corporate,North,Delhi,Website,P001,Wireless Headphones,Electronics,1,1765.63,0.0,1765.63,0.0,122.85,58.07,1050,False,0,0.0,1765.63,534.71,30.28,UPI,Delivered
ORD01831,2024-09-25,C0411,Consumer,North,Lucknow,Website,P010,Travel Bag,Accessories,1,2559.47,10.0,2559.47,255.95,173.63,49.02,1450,False,0,0.0,2303.52,630.87,27.39,Debit Card,Delivered
ORD01832,2024-09-10,C0530,Home Office,West,Mumbai,Mobile App,P003,Bluetooth Speaker,Electronics,2,2108.38,0.0,4216.76,0.0,156.18,66.54,2600,False,0,0.0,4216.76,1394.04,33.06,COD,Delivered
ORD01833,2025-08-08,C0314,Home Office,North,Chandigarh,Website,P016,Desk Lamp,Home & Kitchen,3,1339.44,15.0,4018.32,602.75,130.7,113.91,2250,False,0,0.0,3415.57,920.96,26.96,UPI,Delivered
ORD01834,2024-03-30,C0568,Consumer,North,Lucknow,Website,P001,Wireless Headphones,Electronics,3,1861.58,15.0,5584.74,837.71,168.54,120.05,3150,False,0,0.0,4747.03,1308.44,27.56,COD,Delivered
ORD01835,2025-06-06,C0373,Consumer,South,Hyderabad,Marketplace,P018,Premium Pen Set,Stationery,5,943.32,10.0,4716.6,471.66,56.19,71.62,2000,False,0,0.0,4244.94,2117.13,49.87,Credit Card,Delivered
ORD01836,2025-02-13,C0256,Consumer,South,Bengaluru,Website,P012,Sunglasses,Accessories,1,1581.62,5.0,1581.62,79.08,222.76,50.7,850,False,0,0.0,1502.54,379.08,25.23,UPI,Delivered
ORD01837,2025-09-01,C0562,Consumer,West,Surat,Mobile App,P006,Running Shoes,Sports,2,3223.61,10.0,6447.22,644.72,240.99,138.2,4200,False,0,0.0,5802.5,1223.31,21.08,Net Banking,Delivered
ORD01838,2025-01-21,C0321,Consumer,West,Mumbai,Mobile App,P002,Smart Watch,Electronics,1,3048.91,10.0,3048.91,304.89,203.35,54.77,1900,False,0,0.0,2744.02,585.9,21.35,UPI,Delivered
ORD01839,2024-12-31,C0434,Consumer,East,Patna,Mobile App,P016,Desk Lamp,Home & Kitchen,1,1335.26,15.0,1335.26,200.29,110.61,18.02,750,False,0,0.0,1134.97,256.34,22.59,Credit Card,Delivered
ORD01840,2025-10-22,C0518,Corporate,North,Lucknow,Website,P004,Laptop Stand,Electronics,2,1447.51,0.0,2895.02,0.0,64.53,69.61,1700,False,0,0.0,2895.02,1060.88,36.64,Net Banking,Cancelled
ORD01841,2024-01-11,C0581,Consumer,West,Ahmedabad,Marketplace,P011,Leather Wallet,Accessories,2,1125.88,5.0,2251.76,112.59,61.97,48.63,1100,False,0,0.0,2139.17,928.57,43.41,Credit Card,Delivered
ORD01842,2024-04-30,C0556,Consumer,East,Bhubaneswar,Marketplace,P020,Study Table Organizer,Stationery,1,934.4,0.0,934.4,0.0,59.82,31.44,450,False,0,0.0,934.4,393.14,42.07,Debit Card,Delivered
ORD01843,2024-03-28,C0439,Corporate,South,Chennai,Website,P003,Bluetooth Speaker,Electronics,3,2353.16,5.0,7059.48,352.97,85.38,223.26,3900,False,0,0.0,6706.51,2497.87,37.25,Debit Card,Cancelled
ORD01844,2024-06-02,C0224,Consumer,North,Jaipur,Website,P007,Yoga Mat,Sports,2,1255.79,10.0,2511.58,251.16,100.47,65.75,1300,False,0,0.0,2260.42,794.2,35.14,Credit Card,Delivered
ORD01845,2024-12-16,C0499,Home Office,West,Mumbai,Mobile App,P008,Fitness Band,Sports,1,1935.59,5.0,1935.59,96.78,227.51,51.65,1200,False,0,0.0,1838.81,359.65,19.56,Credit Card,Delivered
ORD01846,2025-11-24,C0234,Consumer,South,Bengaluru,Marketplace,P002,Smart Watch,Electronics,2,3369.75,15.0,6739.5,1010.92,119.6,153.55,3800,False,0,0.0,5728.58,1655.43,28.9,UPI,Delivered
ORD01847,2024-08-03,C0001,Consumer,North,Chandigarh,Mobile App,P015,Electric Kettle,Home & Kitchen,4,1781.45,0.0,7125.8,0.0,148.41,143.41,4200,False,0,0.0,7125.8,2633.98,36.96,Net Banking,Delivered
ORD01848,2024-09-21,C0515,Consumer,North,Jaipur,Marketplace,P008,Fitness Band,Sports,1,2047.41,10.0,2047.41,204.74,202.02,58.61,1200,True,1,1842.67,0.0,-1460.63,0.0,UPI,Returned
ORD01849,2025-04-25,C0451,Corporate,North,Lucknow,Marketplace,P006,Running Shoes,Sports,5,3763.61,15.0,18818.05,2822.71,142.34,292.13,10500,True,2,6398.14,9597.2,-1337.27,-13.93,UPI,Returned
ORD01850,2024-03-04,C0111,Consumer,East,Ranchi,Mobile App,P017,Notebook Set,Stationery,1,582.17,10.0,582.17,58.22,153.59,10.36,260,False,0,0.0,523.95,100.0,19.09,Credit Card,Delivered
ORD01851,2025-01-29,C0213,Corporate,West,Surat,Website,P018,Premium Pen Set,Stationery,1,926.12,10.0,926.12,92.61,233.09,21.83,400,False,0,0.0,833.51,178.59,21.43,Credit Card,Delivered
ORD01852,2025-05-04,C0332,Corporate,North,Jaipur,Website,P005,Mechanical Keyboard,Electronics,1,2736.12,0.0,2736.12,0.0,149.73,55.02,1650,False,0,0.0,2736.12,881.37,32.21,UPI,Delivered
ORD01853,2025-02-01,C0537,Corporate,East,Ranchi,Mobile App,P015,Electric Kettle,Home & Kitchen,2,1669.8,5.0,3339.6,166.98,152.85,96.22,2100,False,0,0.0,3172.62,823.55,25.96,Net Banking,Delivered
ORD01854,2024-08-25,C0013,Corporate,North,Jaipur,Marketplace,P012,Sunglasses,Accessories,2,1516.49,0.0,3032.98,0.0,138.64,77.84,1700,False,0,0.0,3032.98,1116.5,36.81,Debit Card,Delivered
ORD01855,2025-03-28,C0200,Corporate,South,Chennai,Website,P017,Notebook Set,Stationery,2,646.95,0.0,1293.9,0.0,137.99,44.79,520,False,0,0.0,1293.9,591.12,45.69,Credit Card,Delivered
ORD01856,2025-03-09,C0559,Corporate,South,Hyderabad,Marketplace,P004,Laptop Stand,Electronics,2,1436.45,10.0,2872.9,287.29,138.41,83.3,1700,False,0,0.0,2585.61,663.9,25.68,UPI,Delivered
ORD01857,2024-01-27,C0105,Home Office,North,Chandigarh,Mobile App,P003,Bluetooth Speaker,Electronics,1,2194.19,0.0,2194.19,0.0,161.61,60.35,1300,True,1,2194.19,0.0,-1521.96,0.0,Credit Card,Returned
ORD01858,2025-07-20,C0167,Consumer,South,Bengaluru,Website,P011,Leather Wallet,Accessories,2,1025.34,10.0,2050.68,205.07,57.98,35.89,1100,False,0,0.0,1845.61,651.74,35.31,Net Banking,Delivered
ORD01859,2024-07-05,C0590,Consumer,West,Pune,Mobile App,P011,Leather Wallet,Accessories,5,1184.14,10.0,5920.7,592.07,131.67,143.43,2750,False,0,0.0,5328.63,2303.53,43.23,UPI,Delivered
ORD01860,2024-11-30,C0553,Consumer,North,Lucknow,Website,P020,Study Table Organizer,Stationery,3,1030.63,5.0,3091.89,154.59,80.32,60.8,1350,False,0,0.0,2937.3,1446.18,49.24,UPI,Delivered
ORD01861,2025-01-12,C0055,Consumer,South,Chennai,Mobile App,P017,Notebook Set,Stationery,2,587.22,5.0,1174.44,58.72,222.32,38.02,520,False,0,0.0,1115.72,335.38,30.06,Net Banking,Delivered
ORD01862,2025-12-27,C0298,Consumer,West,Pune,Marketplace,P007,Yoga Mat,Sports,3,1139.17,20.0,3417.51,683.5,98.79,71.64,1950,False,0,0.0,2734.01,613.58,22.44,UPI,Delivered
ORD01863,2025-09-03,C0311,Consumer,West,Ahmedabad,Mobile App,P011,Leather Wallet,Accessories,1,1097.71,0.0,1097.71,0.0,169.61,18.14,550,False,0,0.0,1097.71,359.96,32.79,UPI,Cancelled
ORD01864,2025-02-26,C0579,Consumer,North,Delhi,Marketplace,P020,Study Table Organizer,Stationery,2,959.11,0.0,1918.22,0.0,59.66,52.15,900,False,0,0.0,1918.22,906.41,47.25,UPI,Delivered
ORD01865,2025-04-24,C0457,Consumer,West,Ahmedabad,Mobile App,P004,Laptop Stand,Electronics,1,1445.76,10.0,1445.76,144.58,47.06,42.55,850,False,0,0.0,1301.18,361.57,27.79,UPI,Delivered
ORD01866,2024-04-28,C0409,Home Office,East,Bhubaneswar,Website,P010,Travel Bag,Accessories,2,2445.39,0.0,4890.78,0.0,208.92,103.08,2900,False,0,0.0,4890.78,1678.78,34.33,UPI,Cancelled
ORD01868,2024-12-11,C0577,Consumer,North,Chandigarh,Marketplace,P001,Wireless Headphones,Electronics,1,1918.53,10.0,1918.53,191.85,83.21,51.49,1050,False,0,0.0,1726.68,541.98,31.39,Net Banking,Delivered
ORD01869,2024-07-16,C0041,Consumer,North,Delhi,Marketplace,P015,Electric Kettle,Home & Kitchen,3,1906.39,5.0,5719.17,285.96,40.5,134.97,3150,False,0,0.0,5433.21,2107.74,38.79,Debit Card,Delivered
ORD01870,2025-11-17,C0140,Home Office,North,Jaipur,Mobile App,P003,Bluetooth Speaker,Electronics,6,2217.51,5.0,13305.06,665.25,103.4,417.95,7800,False,0,0.0,12639.81,4318.46,34.17,COD,Delivered
ORD01871,2025-05-19,C0098,Consumer,South,Chennai,Website,P003,Bluetooth Speaker,Electronics,1,2122.43,0.0,2122.43,0.0,86.19,51.81,1300,False,0,0.0,2122.43,684.43,32.25,UPI,Delivered
ORD01872,2025-06-26,C0399,Corporate,West,Mumbai,Mobile App,P009,Office Backpack,Accessories,1,1788.32,15.0,1788.32,268.25,59.94,52.61,1000,False,0,0.0,1520.07,407.52,26.81,Credit Card,Delivered
ORD01873,2025-09-01,C0515,Consumer,South,Chennai,Mobile App,P019,Planner,Stationery,1,777.08,0.0,777.08,0.0,225.77,26.14,320,False,0,0.0,777.08,205.17,26.4,UPI,Delivered
ORD01874,2025-11-11,C0587,Consumer,West,Ahmedabad,Website,P001,Wireless Headphones,Electronics,3,1933.18,10.0,5799.54,579.95,191.34,127.31,3150,False,0,0.0,5219.59,1750.94,33.55,Debit Card,Delivered
ORD01875,2024-10-28,C0212,Corporate,West,Surat,Website,P010,Travel Bag,Accessories,1,2742.16,5.0,2742.16,137.11,107.04,85.94,1450,False,0,0.0,2605.05,962.07,36.93,UPI,Delivered
ORD01876,2024-04-16,C0286,Consumer,South,Hyderabad,Website,P005,Mechanical Keyboard,Electronics,2,2710.82,10.0,5421.64,542.16,63.16,108.22,3300,False,0,0.0,4879.48,1408.1,28.86,Net Banking,Delivered
ORD01877,2025-01-14,C0257,Home Office,North,Delhi,Marketplace,P020,Study Table Organizer,Stationery,1,961.47,20.0,961.47,192.29,122.36,21.12,450,False,0,0.0,769.18,175.7,22.84,UPI,Delivered
ORD01878,2024-11-01,C0179,Home Office,West,Surat,Website,P020,Study Table Organizer,Stationery,4,946.08,10.0,3784.32,378.43,44.83,90.66,1800,False,0,0.0,3405.89,1470.4,43.17,Credit Card,Delivered
ORD01879,2024-05-17,C0411,Consumer,South,Chennai,Mobile App,P012,Sunglasses,Accessories,2,1476.48,5.0,2952.96,147.65,248.23,50.88,1700,False,0,0.0,2805.31,806.2,28.74,COD,Delivered
ORD01880,2024-02-02,C0028,Consumer,East,Bhubaneswar,Website,P016,Desk Lamp,Home & Kitchen,2,1340.96,5.0,2681.92,134.1,211.89,40.05,1500,False,0,0.0,2547.82,795.88,31.24,UPI,Delivered
ORD01881,2025-02-15,C0331,Consumer,South,Chennai,Mobile App,P014,Air Fryer,Home & Kitchen,1,5878.64,0.0,5878.64,0.0,156.47,143.0,3500,False,0,0.0,5878.64,2079.17,35.37,Credit Card,Delivered
ORD01882,2024-08-13,C0307,Consumer,West,Ahmedabad,Marketplace,P002,Smart Watch,Electronics,2,2976.41,15.0,5952.82,892.92,79.97,154.63,3800,False,0,0.0,5059.9,1025.3,20.26,Net Banking,Delivered
ORD01883,2025-09-17,C0237,Consumer,North,Jaipur,Website,P011,Leather Wallet,Accessories,1,1155.1,0.0,1155.1,0.0,58.49,20.8,550,True,1,1155.1,0.0,-629.29,0.0,Credit Card,Returned
ORD01884,2024-03-15,C0336,Consumer,South,Bengaluru,Mobile App,P005,Mechanical Keyboard,Electronics,1,2663.61,5.0,2663.61,133.18,191.55,72.11,1650,False,0,0.0,2530.43,616.77,24.37,UPI,Delivered
ORD01885,2024-01-29,C0512,Consumer,North,Jaipur,Website,P016,Desk Lamp,Home & Kitchen,2,1306.24,0.0,2612.48,0.0,200.2,49.11,1500,False,0,0.0,2612.48,863.17,33.04,COD,Delivered
ORD01886,2024-09-13,C0575,Home Office,West,Ahmedabad,Mobile App,P015,Electric Kettle,Home & Kitchen,3,1937.09,10.0,5811.27,581.13,98.26,78.51,3150,True,3,5230.14,0.0,-3326.77,0.0,UPI,Returned
ORD01887,2024-10-07,C0566,Consumer,West,Mumbai,Website,P020,Study Table Organizer,Stationery,2,998.97,5.0,1997.94,99.9,222.46,60.59,900,False,0,0.0,1898.04,714.99,37.67,Credit Card,Cancelled
ORD01888,2025-03-12,C0064,Consumer,South,Bengaluru,Marketplace,P018,Premium Pen Set,Stationery,1,842.06,5.0,842.06,42.1,239.84,22.67,400,False,0,0.0,799.96,137.45,17.18,COD,Delivered
ORD01889,2025-12-14,C0337,Home Office,South,Chennai,Mobile App,P003,Bluetooth Speaker,Electronics,2,2235.44,10.0,4470.88,447.09,146.98,89.11,2600,False,0,0.0,4023.79,1187.7,29.52,Credit Card,Delivered
ORD01890,2024-08-10,C0189,Consumer,West,Surat,Marketplace,P002,Smart Watch,Electronics,3,3353.82,5.0,10061.46,503.07,240.21,321.15,5700,False,0,0.0,9558.39,3297.03,34.49,Credit Card,Delivered
ORD01891,2025-06-13,C0408,Consumer,West,Ahmedabad,Website,P017,Notebook Set,Stationery,2,556.54,5.0,1113.08,55.65,58.01,32.67,520,False,0,0.0,1057.43,446.75,42.25,Debit Card,Delivered
ORD01892,2025-02-06,C0026,Corporate,West,Surat,Mobile App,P018,Premium Pen Set,Stationery,1,968.78,5.0,968.78,48.44,118.25,31.55,400,False,0,0.0,920.34,370.54,40.26,UPI,Delivered
ORD01893,2024-04-18,C0181,Consumer,West,Mumbai,Mobile App,P014,Air Fryer,Home & Kitchen,1,6014.48,15.0,6014.48,902.17,63.91,86.35,3500,False,0,0.0,5112.31,1462.05,28.6,UPI,Delivered
ORD01894,2025-10-30,C0231,Corporate,North,Jaipur,Website,P018,Premium Pen Set,Stationery,2,920.63,10.0,1841.26,184.13,211.15,44.67,800,False,0,0.0,1657.13,601.31,36.29,UPI,Delivered
ORD01895,2024-04-19,C0294,Consumer,West,Surat,Mobile App,P006,Running Shoes,Sports,1,3278.4,15.0,3278.4,491.76,64.77,79.97,2100,False,0,0.0,2786.64,541.9,19.45,UPI,Delivered
ORD01896,2024-07-27,C0437,Consumer,West,Mumbai,Website,P011,Leather Wallet,Accessories,2,1021.67,15.0,2043.34,306.5,178.34,35.62,1100,False,0,0.0,1736.84,422.88,24.35,UPI,Delivered
ORD01897,2025-07-10,C0576,Home Office,East,Kolkata,Marketplace,P006,Running Shoes,Sports,4,3779.73,10.0,15118.92,1511.89,73.06,327.6,8400,False,0,0.0,13607.03,4806.37,35.32,Credit Card,Delivered
ORD01898,2025-12-23,C0429,Consumer,East,Bhubaneswar,Marketplace,P019,Planner,Stationery,3,763.29,15.0,2289.87,343.48,218.3,37.1,960,False,0,0.0,1946.39,730.99,37.56,Net Banking,Delivered
ORD01899,2024-03-16,C0217,Consumer,East,Bhubaneswar,Marketplace,P017,Notebook Set,Stationery,1,568.83,5.0,568.83,28.44,160.99,8.92,260,False,0,0.0,540.39,110.48,20.44,UPI,Delivered
ORD01900,2024-04-12,C0070,Home Office,West,Pune,Mobile App,P008,Fitness Band,Sports,1,2018.68,0.0,2018.68,0.0,194.78,68.84,1200,False,0,0.0,2018.68,555.06,27.5,UPI,Delivered
ORD01901,2025-08-24,C0509,Home Office,East,Patna,Marketplace,P005,Mechanical Keyboard,Electronics,2,2683.61,10.0,5367.22,536.72,175.82,101.51,3300,False,0,0.0,4830.5,1253.17,25.94,Credit Card,Delivered
ORD01902,2025-07-30,C0066,Consumer,West,Mumbai,Website,P015,Electric Kettle,Home & Kitchen,4,1760.06,10.0,7040.24,704.02,115.49,140.38,4200,False,0,0.0,6336.22,1880.35,29.68,UPI,Delivered
ORD01903,2025-03-16,C0272,Corporate,South,Bengaluru,Website,P007,Yoga Mat,Sports,4,1295.72,10.0,5182.88,518.29,106.31,120.04,2600,False,0,0.0,4664.59,1838.24,39.41,UPI,Delivered
ORD01904,2025-09-04,C0010,Corporate,East,Kolkata,Website,P006,Running Shoes,Sports,3,3235.51,10.0,9706.53,970.65,127.25,193.04,6300,False,0,0.0,8735.88,2115.59,24.22,UPI,Delivered
ORD01905,2025-05-12,C0174,Consumer,West,Ahmedabad,Marketplace,P011,Leather Wallet,Accessories,1,1013.52,0.0,1013.52,0.0,115.47,24.12,550,False,0,0.0,1013.52,323.93,31.96,UPI,Delivered
ORD01906,2024-11-19,C0514,Home Office,West,Ahmedabad,Marketplace,P004,Laptop Stand,Electronics,1,1400.85,20.0,1400.85,280.17,187.53,19.54,850,False,0,0.0,1120.68,63.61,5.68,UPI,Delivered
ORD01907,2024-09-29,C0556,Consumer,North,Chandigarh,Mobile App,P010,Travel Bag,Accessories,2,2765.76,5.0,5531.52,276.58,63.0,149.01,2900,False,0,0.0,5254.94,2142.93,40.78,Net Banking,Delivered
ORD01908,2024-12-30,C0241,Home Office,South,Kochi,Mobile App,P008,Fitness Band,Sports,2,2088.26,5.0,4176.52,208.83,196.17,79.69,2400,False,0,0.0,3967.69,1291.83,32.56,UPI,Delivered
ORD01909,2024-04-13,C0373,Consumer,North,Lucknow,Marketplace,P017,Notebook Set,Stationery,2,635.86,5.0,1271.72,63.59,148.2,23.62,520,False,0,0.0,1208.13,516.31,42.74,COD,Delivered
ORD01910,2025-12-20,C0153,Consumer,East,Patna,Mobile App,P014,Air Fryer,Home & Kitchen,1,5903.91,5.0,5903.91,295.2,189.47,105.08,3500,False,0,0.0,5608.71,1814.16,32.35,Debit Card,Delivered
ORD01911,2025-05-12,C0198,Home Office,East,Bhubaneswar,Marketplace,P002,Smart Watch,Electronics,1,3384.49,5.0,3384.49,169.22,49.69,111.53,1900,False,0,0.0,3215.27,1154.05,35.89,UPI,Delivered
ORD01912,2025-05-09,C0546,Consumer,North,Delhi,Website,P001,Wireless Headphones,Electronics,3,1795.47,0.0,5386.41,0.0,69.72,91.37,3150,False,0,0.0,5386.41,2075.32,38.53,UPI,Delivered
ORD01913,2024-12-29,C0571,Consumer,West,Pune,Mobile App,P013,Coffee Maker,Home & Kitchen,1,4169.18,10.0,4169.18,416.92,152.58,73.73,2550,False,0,0.0,3752.26,975.95,26.01,UPI,Delivered
ORD01914,2025-02-19,C0311,Consumer,North,Chandigarh,Mobile App,P005,Mechanical Keyboard,Electronics,2,2728.9,10.0,5457.8,545.78,100.67,120.47,3300,False,0,0.0,4912.02,1390.88,28.32,Credit Card,Delivered
ORD01915,2024-06-21,C0236,Corporate,North,Delhi,Mobile App,P016,Desk Lamp,Home & Kitchen,2,1324.46,15.0,2648.92,397.34,88.76,37.69,1500,False,0,0.0,2251.58,625.13,27.76,UPI,Delivered
ORD01916,2024-03-01,C0072,Consumer,West,Ahmedabad,Website,P006,Running Shoes,Sports,1,3707.37,10.0,3707.37,370.74,50.43,77.92,2100,True,1,3336.63,0.0,-2228.35,0.0,UPI,Returned
ORD01917,2025-05-22,C0192,Home Office,South,Hyderabad,Mobile App,P003,Bluetooth Speaker,Electronics,2,2171.78,10.0,4343.56,434.36,98.74,85.6,2600,False,0,0.0,3909.2,1124.86,28.77,Debit Card,Delivered
ORD01918,2025-03-25,C0386,Corporate,East,Kolkata,Marketplace,P007,Yoga Mat,Sports,3,1136.3,15.0,3408.9,511.34,190.77,48.41,1950,False,0,0.0,2897.56,708.38,24.45,Net Banking,Delivered
ORD01919,2024-02-21,C0288,Consumer,West,Mumbai,Mobile App,P003,Bluetooth Speaker,Electronics,2,2139.86,0.0,4279.72,0.0,189.25,98.75,2600,False,0,0.0,4279.72,1391.72,32.52,Debit Card,Delivered
ORD01920,2025-11-30,C0290,Consumer,South,Kochi,Marketplace,P009,Office Backpack,Accessories,1,1675.33,10.0,1675.33,167.53,134.17,46.68,1000,False,0,0.0,1507.8,326.95,21.68,Credit Card,Delivered
ORD01921,2025-06-06,C0571,Consumer,South,Kochi,Website,P010,Travel Bag,Accessories,1,2563.47,0.0,2563.47,0.0,198.97,82.11,1450,False,0,0.0,2563.47,832.39,32.47,UPI,Delivered
ORD01922,2024-11-01,C0315,Corporate,North,Lucknow,Marketplace,P002,Smart Watch,Electronics,3,3122.9,20.0,9368.7,1873.74,166.51,173.41,5700,True,2,4996.64,2498.32,-3541.6,-141.76,Debit Card,Returned
ORD01923,2025-04-18,C0399,Corporate,West,Surat,Mobile App,P008,Fitness Band,Sports,1,2188.78,10.0,2188.78,218.88,194.12,43.62,1200,False,0,0.0,1969.9,532.16,27.01,UPI,Delivered
ORD01924,2025-02-09,C0530,Home Office,West,Ahmedabad,Marketplace,P018,Premium Pen Set,Stationery,4,846.81,15.0,3387.24,508.09,139.39,48.66,1600,False,0,0.0,2879.15,1091.1,37.9,UPI,Delivered
ORD01925,2024-07-03,C0049,Consumer,North,Jaipur,Mobile App,P011,Leather Wallet,Accessories,3,1062.09,5.0,3186.27,159.31,55.37,74.54,1650,False,0,0.0,3026.96,1247.05,41.2,Credit Card,Delivered
ORD01926,2025-08-31,C0498,Consumer,South,Kochi,Marketplace,P016,Desk Lamp,Home & Kitchen,2,1464.26,10.0,2928.52,292.85,40.78,62.49,1500,False,0,0.0,2635.67,1032.4,39.17,Credit Card,Cancelled
ORD01927,2024-07-26,C0182,Consumer,East,Ranchi,Mobile App,P018,Premium Pen Set,Stationery,1,882.66,5.0,882.66,44.13,119.3,28.99,400,False,0,0.0,838.53,290.24,34.61,Net Banking,Delivered
ORD01928,2025-10-03,C0088,Corporate,North,Jaipur,Mobile App,P005,Mechanical Keyboard,Electronics,1,2808.92,10.0,2808.92,280.89,220.73,65.12,1650,False,0,0.0,2528.03,592.18,23.42,Credit Card,Delivered
ORD01929,2025-01-04,C0259,Consumer,West,Mumbai,Website,P019,Planner,Stationery,5,695.59,10.0,3477.95,347.8,108.15,88.89,1600,False,0,0.0,3130.15,1333.11,42.59,Net Banking,Delivered
ORD01930,2024-01-13,C0270,Consumer,East,Kolkata,Mobile App,P009,Office Backpack,Accessories,1,1658.06,10.0,1658.06,165.81,47.03,34.32,1000,False,0,0.0,1492.25,410.9,27.54,Debit Card,Delivered
ORD01931,2024-03-27,C0254,Consumer,North,Jaipur,Marketplace,P004,Laptop Stand,Electronics,3,1538.12,20.0,4614.36,922.87,76.44,80.88,2550,False,0,0.0,3691.49,984.17,26.66,Net Banking,Delivered
ORD01932,2024-09-05,C0398,Consumer,West,Mumbai,Website,P019,Planner,Stationery,1,711.77,0.0,711.77,0.0,205.09,23.52,320,False,0,0.0,711.77,163.16,22.92,Credit Card,Delivered
ORD01933,2024-07-23,C0580,Consumer,North,Delhi,Website,P003,Bluetooth Speaker,Electronics,2,2173.55,0.0,4347.1,0.0,142.22,82.15,2600,False,0,0.0,4347.1,1522.73,35.03,Credit Card,Delivered
ORD01934,2024-03-08,C0396,Home Office,East,Patna,Mobile App,P010,Travel Bag,Accessories,2,2657.17,15.0,5314.34,797.15,146.92,121.08,2900,False,0,0.0,4517.19,1349.19,29.87,Credit Card,Delivered
ORD01935,2025-02-24,C0400,Corporate,North,Delhi,Website,P013,Coffee Maker,Home & Kitchen,1,4368.86,15.0,4368.86,655.33,90.15,76.55,2550,False,0,0.0,3713.53,996.83,26.84,Debit Card,Delivered
ORD01936,2024-07-17,C0212,Corporate,North,Delhi,Website,P020,Study Table Organizer,Stationery,1,930.4,5.0,930.4,46.52,192.0,20.24,450,False,0,0.0,883.88,221.64,25.08,Credit Card,Delivered
ORD01937,2025-04-16,C0229,Home Office,South,Hyderabad,Website,P007,Yoga Mat,Sports,2,1104.19,5.0,2208.38,110.42,168.79,40.55,1300,False,0,0.0,2097.96,588.62,28.06,Credit Card,Delivered
ORD01938,2025-12-21,C0051,Home Office,West,Surat,Website,P004,Laptop Stand,Electronics,4,1539.16,5.0,6156.64,307.83,205.55,143.91,3400,False,0,0.0,5848.81,2099.35,35.89,UPI,Delivered
ORD01939,2025-08-17,C0077,Corporate,North,Chandigarh,Website,P016,Desk Lamp,Home & Kitchen,2,1459.68,15.0,2919.36,437.9,137.64,39.81,1500,False,0,0.0,2481.46,804.01,32.4,UPI,Delivered
ORD01940,2025-06-29,C0436,Corporate,West,Surat,Marketplace,P002,Smart Watch,Electronics,2,3239.03,20.0,6478.06,1295.61,100.59,92.81,3800,True,2,5182.45,0.0,-3993.4,0.0,COD,Returned
ORD01941,2025-08-14,C0201,Corporate,South,Kochi,Website,P006,Running Shoes,Sports,2,3349.96,15.0,6699.92,1004.99,230.5,160.54,4200,False,0,0.0,5694.93,1103.89,19.38,Debit Card,Delivered
ORD01942,2025-07-29,C0390,Corporate,East,Patna,Website,P020,Study Table Organizer,Stationery,1,1042.0,5.0,1042.0,52.1,84.46,29.96,450,False,0,0.0,989.9,425.48,42.98,UPI,Delivered
ORD01943,2025-04-25,C0006,Consumer,South,Bengaluru,Marketplace,P001,Wireless Headphones,Electronics,1,1771.32,10.0,1771.32,177.13,107.48,30.37,1050,False,0,0.0,1594.19,406.34,25.49,Debit Card,Delivered
ORD01944,2024-04-27,C0352,Home Office,East,Kolkata,Website,P007,Yoga Mat,Sports,3,1219.73,5.0,3659.19,182.96,67.23,73.43,1950,False,0,0.0,3476.23,1385.57,39.86,Debit Card,Delivered
ORD01946,2024-10-13,C0364,Consumer,West,Pune,Website,P011,Leather Wallet,Accessories,1,1173.21,10.0,1173.21,117.32,42.02,21.04,550,False,0,0.0,1055.89,442.83,41.94,Credit Card,Delivered
ORD01947,2025-10-29,C0284,Consumer,North,Chandigarh,Mobile App,P018,Premium Pen Set,Stationery,2,881.96,10.0,1763.92,176.39,76.06,47.21,800,False,0,0.0,1587.53,664.26,41.84,Credit Card,Delivered
ORD01948,2025-12-10,C0147,Consumer,South,Bengaluru,Website,P020,Study Table Organizer,Stationery,1,1023.17,15.0,1023.17,153.48,180.32,28.07,450,False,0,0.0,869.69,211.3,24.3,Credit Card,Delivered
ORD01949,2025-12-15,C0074,Corporate,South,Bengaluru,Mobile App,P009,Office Backpack,Accessories,1,1906.31,10.0,1906.31,190.63,63.74,53.87,1000,False,0,0.0,1715.68,598.07,34.86,Credit Card,Delivered
ORD01950,2024-10-05,C0367,Home Office,North,Lucknow,Mobile App,P006,Running Shoes,Sports,2,3729.29,10.0,7458.58,745.86,184.24,129.23,4200,False,0,0.0,6712.72,2199.25,32.76,UPI,Delivered
ORD01951,2025-07-10,C0315,Corporate,West,Pune,Website,P005,Mechanical Keyboard,Electronics,2,2860.02,0.0,5720.04,0.0,105.64,125.2,3300,False,0,0.0,5720.04,2189.2,38.27,Debit Card,Delivered
ORD01952,2025-02-19,C0377,Corporate,West,Pune,Website,P009,Office Backpack,Accessories,1,1757.39,10.0,1757.39,175.74,206.87,31.56,1000,False,0,0.0,1581.65,343.22,21.7,Credit Card,Delivered
ORD01953,2024-06-17,C0273,Home Office,South,Bengaluru,Marketplace,P006,Running Shoes,Sports,2,3738.12,15.0,7476.24,1121.44,175.16,145.98,4200,False,0,0.0,6354.8,1833.66,28.85,UPI,Delivered
ORD01954,2024-10-22,C0170,Consumer,West,Ahmedabad,Website,P010,Travel Bag,Accessories,3,2587.49,15.0,7762.47,1164.37,116.08,229.53,4350,False,0,0.0,6598.1,1902.49,28.83,Debit Card,Delivered
ORD01955,2025-02-28,C0004,Consumer,South,Chennai,Website,P018,Premium Pen Set,Stationery,1,925.71,5.0,925.71,46.29,54.19,27.6,400,False,0,0.0,879.42,397.63,45.22,COD,Delivered
ORD01956,2024-12-05,C0107,Consumer,West,Surat,Website,P019,Planner,Stationery,3,700.61,0.0,2101.83,0.0,236.98,55.03,960,False,0,0.0,2101.83,849.82,40.43,Debit Card,Delivered
ORD01957,2024-09-12,C0214,Consumer,West,Surat,Website,P016,Desk Lamp,Home & Kitchen,2,1297.19,5.0,2594.38,129.72,80.09,49.42,1500,False,0,0.0,2464.66,835.15,33.88,Credit Card,Delivered
ORD01958,2025-04-06,C0110,Consumer,East,Ranchi,Mobile App,P014,Air Fryer,Home & Kitchen,1,6043.4,10.0,6043.4,604.34,90.48,101.12,3500,False,0,0.0,5439.06,1747.46,32.13,UPI,Delivered
ORD01959,2024-12-02,C0381,Consumer,West,Mumbai,Website,P004,Laptop Stand,Electronics,5,1464.89,0.0,7324.45,0.0,97.12,255.5,4250,False,0,0.0,7324.45,2721.83,37.16,UPI,Delivered
ORD01960,2025-02-22,C0210,Consumer,South,Hyderabad,Marketplace,P013,Coffee Maker,Home & Kitchen,4,4369.8,15.0,17479.2,2621.88,113.9,457.76,10200,False,0,0.0,14857.32,4085.66,27.5,Credit Card,Delivered
ORD01961,2024-08-14,C0281,Home Office,North,Chandigarh,Website,P008,Fitness Band,Sports,5,2032.86,10.0,10164.3,1016.43,116.53,247.65,6000,False,0,0.0,9147.87,2783.69,30.43,UPI,Delivered
ORD01962,2025-06-01,C0277,Corporate,East,Kolkata,Website,P002,Smart Watch,Electronics,2,3424.48,5.0,6848.96,342.45,54.19,136.77,3800,False,0,0.0,6506.51,2515.55,38.66,UPI,Delivered
ORD01963,2024-09-02,C0313,Consumer,East,Bhubaneswar,Website,P015,Electric Kettle,Home & Kitchen,5,1728.02,10.0,8640.1,864.01,42.81,118.0,5250,False,0,0.0,7776.09,2365.28,30.42,COD,Delivered
ORD01964,2025-12-14,C0459,Consumer,North,Lucknow,Mobile App,P004,Laptop Stand,Electronics,3,1607.37,5.0,4822.11,241.11,241.33,96.25,2550,False,0,0.0,4581.0,1693.42,36.97,Debit Card,Delivered
ORD01965,2024-04-20,C0246,Home Office,South,Kochi,Website,P004,Laptop Stand,Electronics,2,1532.25,0.0,3064.5,0.0,65.49,83.13,1700,False,0,0.0,3064.5,1215.88,39.68,Debit Card,Delivered
ORD01966,2024-11-27,C0408,Consumer,North,Jaipur,Mobile App,P005,Mechanical Keyboard,Electronics,3,2743.06,5.0,8229.18,411.46,182.89,190.24,4950,False,0,0.0,7817.72,2494.59,31.91,UPI,Delivered
ORD01967,2025-03-22,C0320,Consumer,East,Patna,Website,P019,Planner,Stationery,1,703.2,15.0,703.2,105.48,55.44,14.48,320,False,0,0.0,597.72,207.8,34.77,Net Banking,Delivered
ORD01968,2024-11-27,C0079,Consumer,South,Chennai,Mobile App,P013,Coffee Maker,Home & Kitchen,4,4349.39,0.0,17397.56,0.0,43.03,324.79,10200,False,0,0.0,17397.56,6829.74,39.26,COD,Delivered
ORD01969,2024-10-29,C0118,Consumer,East,Ranchi,Mobile App,P001,Wireless Headphones,Electronics,2,1864.85,5.0,3729.7,186.48,158.23,60.3,2100,False,0,0.0,3543.22,1224.69,34.56,Net Banking,Delivered
ORD01970,2025-06-20,C0229,Home Office,South,Chennai,Mobile App,P012,Sunglasses,Accessories,1,1570.01,5.0,1570.01,78.5,145.63,31.89,850,False,0,0.0,1491.51,463.99,31.11,Credit Card,Delivered
ORD01971,2025-08-31,C0036,Corporate,North,Chandigarh,Marketplace,P017,Notebook Set,Stationery,1,644.28,5.0,644.28,32.21,140.93,18.22,260,False,0,0.0,612.07,192.92,31.52,UPI,Delivered
ORD01972,2024-02-12,C0358,Consumer,North,Lucknow,Mobile App,P013,Coffee Maker,Home & Kitchen,1,4313.38,15.0,4313.38,647.01,243.69,83.32,2550,False,0,0.0,3666.37,789.36,21.53,UPI,Delivered
ORD01973,2024-12-18,C0350,Corporate,North,Chandigarh,Website,P011,Leather Wallet,Accessories,1,1022.34,0.0,1022.34,0.0,171.97,19.22,550,False,0,0.0,1022.34,281.15,27.5,UPI,Delivered
ORD01974,2025-12-22,C0401,Consumer,East,Patna,Website,P012,Sunglasses,Accessories,1,1536.28,10.0,1536.28,153.63,226.26,34.6,850,False,0,0.0,1382.65,271.79,19.66,UPI,Delivered
ORD01975,2024-02-07,C0374,Corporate,North,Delhi,Mobile App,P020,Study Table Organizer,Stationery,1,1051.35,10.0,1051.35,105.14,154.78,25.08,450,False,0,0.0,946.21,316.35,33.43,Debit Card,Delivered
ORD01976,2024-09-04,C0462,Corporate,South,Kochi,Mobile App,P016,Desk Lamp,Home & Kitchen,1,1389.99,15.0,1389.99,208.5,76.13,39.51,750,True,1,1181.49,0.0,-865.64,0.0,Credit Card,Returned
ORD01977,2025-11-04,C0172,Consumer,West,Ahmedabad,Marketplace,P001,Wireless Headphones,Electronics,5,1806.54,10.0,9032.7,903.27,191.59,257.84,5250,False,0,0.0,8129.43,2430.0,29.89,Debit Card,Delivered
ORD01978,2024-10-18,C0342,Consumer,South,Kochi,Website,P012,Sunglasses,Accessories,2,1683.6,0.0,3367.2,0.0,145.39,68.78,1700,False,0,0.0,3367.2,1453.03,43.15,Debit Card,Delivered
ORD01979,2024-11-30,C0531,Corporate,West,Pune,Marketplace,P008,Fitness Band,Sports,2,1984.45,10.0,3968.9,396.89,101.01,71.23,2400,False,0,0.0,3572.01,999.77,27.99,Credit Card,Delivered
ORD01980,2024-10-04,C0411,Consumer,North,Delhi,Mobile App,P004,Laptop Stand,Electronics,3,1414.05,10.0,4242.15,424.22,123.86,100.0,2550,False,0,0.0,3817.93,1044.07,27.35,Credit Card,Delivered
ORD01981,2025-09-17,C0423,Consumer,South,Kochi,Marketplace,P011,Leather Wallet,Accessories,6,1070.82,10.0,6424.92,642.49,182.39,159.33,3300,False,0,0.0,5782.43,2140.71,37.02,Debit Card,Delivered
ORD01982,2025-01-15,C0052,Corporate,South,Chennai,Website,P013,Coffee Maker,Home & Kitchen,4,4308.35,5.0,17233.4,861.67,47.14,434.22,10200,False,0,0.0,16371.73,5690.37,34.76,Credit Card,Delivered
ORD01983,2025-09-16,C0369,Consumer,West,Ahmedabad,Marketplace,P015,Electric Kettle,Home & Kitchen,4,1890.97,10.0,7563.88,756.39,116.25,232.18,4200,False,0,0.0,6807.49,2259.06,33.18,Credit Card,Delivered
ORD01984,2024-04-28,C0509,Home Office,South,Chennai,Marketplace,P015,Electric Kettle,Home & Kitchen,4,1757.25,15.0,7029.0,1054.35,241.66,192.94,4200,False,0,0.0,5974.65,1340.05,22.43,Debit Card,Delivered
ORD01985,2024-08-09,C0551,Consumer,North,Lucknow,Website,P012,Sunglasses,Accessories,1,1498.29,5.0,1498.29,74.91,127.88,33.05,850,False,0,0.0,1423.38,412.45,28.98,Credit Card,Delivered
ORD01986,2025-10-01,C0339,Consumer,West,Ahmedabad,Website,P008,Fitness Band,Sports,2,1989.45,15.0,3978.9,596.84,200.22,83.02,2400,False,0,0.0,3382.06,698.82,20.66,Credit Card,Delivered
ORD01987,2025-11-02,C0305,Corporate,West,Surat,Website,P019,Planner,Stationery,4,791.56,5.0,3166.24,158.31,150.35,70.63,1280,False,0,0.0,3007.93,1506.95,50.1,Credit Card,Delivered
ORD01988,2025-07-25,C0184,Home Office,East,Kolkata,Website,P006,Running Shoes,Sports,1,3471.7,0.0,3471.7,0.0,167.4,92.88,2100,False,0,0.0,3471.7,1111.42,32.01,UPI,Delivered
ORD01989,2024-07-15,C0485,Consumer,North,Lucknow,Website,P018,Premium Pen Set,Stationery,1,929.72,10.0,929.72,92.97,165.8,27.58,400,False,0,0.0,836.75,243.37,29.09,UPI,Delivered
ORD01990,2024-10-07,C0435,Consumer,West,Surat,Mobile App,P014,Air Fryer,Home & Kitchen,1,5844.63,15.0,5844.63,876.69,87.62,164.83,3500,False,0,0.0,4967.94,1215.49,24.47,Debit Card,Delivered
ORD01991,2024-01-24,C0420,Corporate,East,Bhubaneswar,Website,P013,Coffee Maker,Home & Kitchen,6,4307.79,0.0,25846.74,0.0,240.03,425.12,15300,False,0,0.0,25846.74,9881.59,38.23,Credit Card,Delivered
ORD01992,2024-03-28,C0285,Consumer,East,Bhubaneswar,Website,P017,Notebook Set,Stationery,2,593.33,5.0,1186.66,59.33,80.33,34.04,520,False,0,0.0,1127.33,492.96,43.73,Credit Card,Cancelled
ORD01993,2025-10-15,C0059,Consumer,North,Delhi,Website,P007,Yoga Mat,Sports,1,1142.67,5.0,1142.67,57.13,97.46,32.37,650,False,0,0.0,1085.54,305.71,28.16,Debit Card,Delivered
ORD01994,2025-11-22,C0592,Corporate,South,Hyderabad,Website,P019,Planner,Stationery,1,800.66,5.0,800.66,40.03,138.54,20.28,320,False,0,0.0,760.63,281.81,37.05,Net Banking,Cancelled
ORD01995,2024-11-19,C0168,Consumer,East,Ranchi,Mobile App,P004,Laptop Stand,Electronics,2,1458.51,0.0,2917.02,0.0,50.74,49.06,1700,False,0,0.0,2917.02,1117.22,38.3,Debit Card,Delivered
ORD01996,2024-11-24,C0558,Consumer,South,Kochi,Mobile App,P003,Bluetooth Speaker,Electronics,1,2288.96,0.0,2288.96,0.0,215.68,40.34,1300,False,0,0.0,2288.96,732.94,32.02,Credit Card,Delivered
ORD01997,2025-11-22,C0419,Corporate,North,Chandigarh,Website,P011,Leather Wallet,Accessories,1,1046.96,5.0,1046.96,52.35,60.42,19.14,550,False,0,0.0,994.61,365.05,36.7,UPI,Delivered
ORD01998,2024-08-16,C0195,Consumer,East,Bhubaneswar,Mobile App,P003,Bluetooth Speaker,Electronics,2,2154.89,5.0,4309.78,215.49,137.68,62.7,2600,False,0,0.0,4094.29,1293.91,31.6,UPI,Delivered
ORD01999,2025-10-11,C0145,Consumer,North,Jaipur,Website,P005,Mechanical Keyboard,Electronics,1,2645.18,5.0,2645.18,132.26,168.93,41.7,1650,False,0,0.0,2512.92,652.29,25.96,Credit Card,Delivered
ORD02000,2024-08-06,C0183,Home Office,West,Pune,Website,P012,Sunglasses,Accessories,4,1636.92,5.0,6547.68,327.38,223.6,163.81,3400,False,0,0.0,6220.3,2432.89,39.11,Debit Card,Delivered
ORD02001,2025-07-03,C0320,Consumer,South,Hyderabad,Mobile App,P005,Mechanical Keyboard,Electronics,4,2785.03,0.0,11140.12,0.0,140.13,176.18,6600,True,3,8355.09,2785.03,-4131.28,-148.34,COD,Returned
ORD02002,2024-10-29,C0180,Consumer,South,Hyderabad,Marketplace,P009,Office Backpack,Accessories,2,1823.94,15.0,3647.88,547.18,59.84,96.31,2000,False,0,0.0,3100.7,944.55,30.46,Net Banking,Delivered
ORD02003,2025-01-17,C0374,Corporate,West,Surat,Marketplace,P014,Air Fryer,Home & Kitchen,5,6243.75,15.0,31218.75,4682.81,245.65,610.71,17500,False,0,0.0,26535.94,8179.58,30.82,UPI,Delivered
ORD02004,2025-11-15,C0059,Consumer,South,Chennai,Mobile App,P013,Coffee Maker,Home & Kitchen,4,4494.41,10.0,17977.64,1797.76,183.33,243.47,10200,False,0,0.0,16179.88,5553.08,34.32,COD,Delivered
ORD02005,2024-02-01,C0322,Corporate,West,Ahmedabad,Mobile App,P009,Office Backpack,Accessories,2,1718.26,5.0,3436.52,171.83,164.65,92.64,2000,False,0,0.0,3264.69,1007.4,30.86,COD,Delivered
ORD02006,2025-06-17,C0204,Home Office,South,Bengaluru,Website,P006,Running Shoes,Sports,1,3602.18,0.0,3602.18,0.0,92.72,66.73,2100,False,0,0.0,3602.18,1342.73,37.28,Net Banking,Delivered
ORD02007,2025-08-06,C0146,Consumer,South,Bengaluru,Mobile App,P001,Wireless Headphones,Electronics,1,1866.56,5.0,1866.56,93.33,245.07,46.17,1050,True,1,1773.23,0.0,-1341.24,0.0,Net Banking,Returned
ORD02008,2024-05-28,C0576,Home Office,South,Chennai,Mobile App,P010,Travel Bag,Accessories,1,2613.89,10.0,2613.89,261.39,195.22,72.51,1450,False,0,0.0,2352.5,634.77,26.98,UPI,Delivered
ORD02009,2024-06-17,C0157,Corporate,West,Surat,Mobile App,P017,Notebook Set,Stationery,2,618.38,0.0,1236.76,0.0,157.78,34.58,520,False,0,0.0,1236.76,524.4,42.4,Debit Card,Delivered
ORD02010,2024-07-27,C0143,Consumer,South,Hyderabad,Marketplace,P020,Study Table Organizer,Stationery,4,1074.82,10.0,4299.28,429.93,196.86,76.65,1800,False,0,0.0,3869.35,1795.84,46.41,UPI,Delivered
ORD02011,2025-02-25,C0577,Consumer,East,Bhubaneswar,Marketplace,P010,Travel Bag,Accessories,3,2572.16,5.0,7716.48,385.82,141.04,180.72,4350,False,0,0.0,7330.66,2658.9,36.27,UPI,Delivered
ORD02012,2025-03-21,C0047,Consumer,West,Ahmedabad,Marketplace,P006,Running Shoes,Sports,1,3652.64,10.0,3652.64,365.26,105.84,66.4,2100,False,0,0.0,3287.38,1015.14,30.88,COD,Delivered
ORD02013,2024-01-29,C0408,Consumer,West,Mumbai,Marketplace,P014,Air Fryer,Home & Kitchen,1,5571.11,5.0,5571.11,278.56,246.61,142.34,3500,False,0,0.0,5292.55,1403.6,26.52,Net Banking,Delivered
ORD02014,2025-12-16,C0276,Consumer,South,Hyderabad,Marketplace,P005,Mechanical Keyboard,Electronics,2,3000.48,10.0,6000.96,600.1,108.22,144.18,3300,False,0,0.0,5400.86,1848.46,34.23,Credit Card,Delivered
ORD02015,2024-06-07,C0095,Corporate,North,Chandigarh,Website,P003,Bluetooth Speaker,Electronics,2,2241.56,0.0,4483.12,0.0,129.82,125.63,2600,False,0,0.0,4483.12,1627.67,36.31,Net Banking,Delivered
ORD02016,2024-04-22,C0369,Consumer,South,Kochi,Website,P016,Desk Lamp,Home & Kitchen,3,1377.09,0.0,4131.27,0.0,47.92,83.09,2250,False,0,0.0,4131.27,1750.26,42.37,UPI,Cancelled
ORD02017,2025-07-13,C0438,Corporate,North,Delhi,Website,P020,Study Table Organizer,Stationery,3,1060.16,5.0,3180.48,159.02,188.13,48.38,1350,False,0,0.0,3021.46,1434.95,47.49,COD,Delivered
ORD02018,2025-11-06,C0518,Corporate,North,Jaipur,Website,P010,Travel Bag,Accessories,4,2683.31,5.0,10733.24,536.66,76.39,333.59,5800,False,0,0.0,10196.58,3986.6,39.1,UPI,Delivered
ORD02019,2024-03-13,C0138,Corporate,South,Kochi,Mobile App,P020,Study Table Organizer,Stationery,2,962.84,10.0,1925.68,192.57,127.82,39.65,900,False,0,0.0,1733.11,665.64,38.41,COD,Delivered
ORD02020,2025-04-08,C0437,Consumer,South,Bengaluru,Mobile App,P013,Coffee Maker,Home & Kitchen,6,4201.56,15.0,25209.36,3781.4,99.04,486.79,15300,False,0,0.0,21427.96,5542.13,25.86,UPI,Delivered
ORD02021,2024-12-15,C0100,Consumer,East,Kolkata,Mobile App,P014,Air Fryer,Home & Kitchen,1,5818.0,0.0,5818.0,0.0,156.99,104.55,3500,False,0,0.0,5818.0,2056.46,35.35,UPI,Delivered
ORD02022,2024-12-31,C0381,Consumer,South,Kochi,Mobile App,P019,Planner,Stationery,1,726.24,10.0,726.24,72.62,128.94,19.25,320,False,0,0.0,653.62,185.43,28.37,UPI,Delivered
ORD02023,2025-09-30,C0339,Consumer,North,Lucknow,Mobile App,P013,Coffee Maker,Home & Kitchen,3,4372.76,0.0,13118.28,0.0,169.29,444.77,7650,False,0,0.0,13118.28,4854.22,37.0,UPI,Delivered
ORD02024,2025-04-30,C0399,Corporate,East,Ranchi,Website,P004,Laptop Stand,Electronics,2,1387.92,5.0,2775.84,138.79,222.66,48.63,1700,True,1,1318.52,1318.53,-652.76,-49.51,Net Banking,Returned
ORD02025,2025-03-10,C0214,Consumer,West,Ahmedabad,Mobile App,P015,Electric Kettle,Home & Kitchen,1,1801.1,10.0,1801.1,180.11,138.63,40.47,1050,False,0,0.0,1620.99,391.89,24.18,UPI,Delivered
ORD02026,2024-05-26,C0460,Consumer,West,Mumbai,Website,P015,Electric Kettle,Home & Kitchen,1,1727.57,5.0,1727.57,86.38,234.2,37.63,1050,False,0,0.0,1641.19,319.36,19.46,Credit Card,Delivered
ORD02027,2025-04-10,C0129,Consumer,East,Kolkata,Website,P020,Study Table Organizer,Stationery,2,1035.52,10.0,2071.04,207.1,174.15,32.27,900,False,0,0.0,1863.94,757.52,40.64,Debit Card,Delivered
ORD02028,2025-04-30,C0195,Consumer,East,Bhubaneswar,Website,P015,Electric Kettle,Home & Kitchen,2,1922.12,10.0,3844.24,384.42,111.96,117.38,2100,False,0,0.0,3459.82,1130.48,32.67,Net Banking,Delivered
ORD02029,2024-08-12,C0557,Consumer,West,Pune,Website,P011,Leather Wallet,Accessories,1,1178.08,0.0,1178.08,0.0,178.47,34.8,550,True,1,1178.08,0.0,-763.27,0.0,UPI,Returned
ORD02030,2024-08-10,C0315,Corporate,North,Delhi,Website,P010,Travel Bag,Accessories,2,2747.35,10.0,5494.7,549.47,207.19,109.55,2900,False,0,0.0,4945.23,1728.49,34.95,UPI,Delivered
ORD02031,2024-10-17,C0339,Consumer,South,Chennai,Mobile App,P006,Running Shoes,Sports,3,3545.27,5.0,10635.81,531.79,216.56,265.15,6300,False,0,0.0,10104.02,3322.31,32.88,Debit Card,Delivered
ORD02032,2025-01-26,C0032,Consumer,North,Lucknow,Mobile App,P006,Running Shoes,Sports,1,3639.32,10.0,3639.32,363.93,161.34,61.47,2100,False,0,0.0,3275.39,952.58,29.08,UPI,Delivered
ORD02033,2025-12-25,C0318,Consumer,South,Kochi,Website,P012,Sunglasses,Accessories,1,1648.7,5.0,1648.7,82.44,163.74,48.22,850,False,0,0.0,1566.26,504.3,32.2,COD,Cancelled
ORD02034,2025-05-12,C0557,Consumer,South,Kochi,Mobile App,P019,Planner,Stationery,2,782.08,15.0,1564.16,234.62,228.48,34.78,640,False,0,0.0,1329.54,426.28,32.06,UPI,Delivered
ORD02035,2025-08-06,C0308,Consumer,South,Chennai,Marketplace,P012,Sunglasses,Accessories,2,1519.8,0.0,3039.6,0.0,156.03,54.18,1700,False,0,0.0,3039.6,1129.39,37.16,UPI,Delivered
ORD02036,2024-10-30,C0455,Consumer,South,Hyderabad,Website,P006,Running Shoes,Sports,1,3379.82,10.0,3379.82,337.98,108.62,85.63,2100,False,0,0.0,3041.84,747.59,24.58,Credit Card,Delivered
ORD02037,2025-07-26,C0270,Consumer,East,Patna,Marketplace,P008,Fitness Band,Sports,1,2022.0,10.0,2022.0,202.2,180.53,39.83,1200,False,0,0.0,1819.8,399.44,21.95,Credit Card,Delivered
ORD02038,2024-05-25,C0077,Corporate,East,Ranchi,Mobile App,P004,Laptop Stand,Electronics,1,1542.51,10.0,1542.51,154.25,233.82,33.3,850,False,0,0.0,1388.26,271.14,19.53,UPI,Delivered
ORD02039,2024-10-11,C0096,Consumer,West,Surat,Website,P003,Bluetooth Speaker,Electronics,1,2122.43,0.0,2122.43,0.0,134.3,47.12,1300,False,0,0.0,2122.43,641.01,30.2,COD,Delivered
ORD02040,2024-10-13,C0254,Consumer,West,Surat,Marketplace,P015,Electric Kettle,Home & Kitchen,1,1822.21,15.0,1822.21,273.33,230.42,35.29,1050,False,0,0.0,1548.88,233.17,15.05,Credit Card,Cancelled
ORD02041,2025-11-07,C0503,Consumer,South,Kochi,Marketplace,P018,Premium Pen Set,Stationery,1,863.24,10.0,863.24,86.32,171.89,18.46,400,False,0,0.0,776.92,186.57,24.01,UPI,Delivered
ORD02042,2024-12-28,C0141,Home Office,East,Ranchi,Marketplace,P004,Laptop Stand,Electronics,3,1548.25,5.0,4644.75,232.24,42.91,127.42,2550,False,0,0.0,4412.51,1692.18,38.35,Debit Card,Delivered
ORD02043,2025-09-22,C0437,Consumer,East,Ranchi,Website,P013,Coffee Maker,Home & Kitchen,3,4446.11,15.0,13338.33,2000.75,40.13,273.72,7650,False,0,0.0,11337.58,3373.73,29.76,Net Banking,Delivered
ORD02044,2025-01-05,C0440,Consumer,South,Chennai,Mobile App,P002,Smart Watch,Electronics,1,3304.74,0.0,3304.74,0.0,99.67,82.15,1900,False,0,0.0,3304.74,1222.92,37.01,Credit Card,Delivered
ORD02045,2024-10-23,C0562,Consumer,West,Surat,Website,P013,Coffee Maker,Home & Kitchen,1,4473.18,10.0,4473.18,447.32,240.7,106.82,2550,False,0,0.0,4025.86,1128.34,28.03,Debit Card,Delivered
ORD02046,2024-04-09,C0226,Consumer,North,Jaipur,Website,P003,Bluetooth Speaker,Electronics,3,2046.95,15.0,6140.85,921.13,92.16,128.98,3900,False,0,0.0,5219.72,1098.58,21.05,COD,Delivered
ORD02047,2025-11-29,C0571,Consumer,West,Surat,Mobile App,P008,Fitness Band,Sports,4,1984.06,10.0,7936.24,793.62,172.36,228.95,4800,False,0,0.0,7142.62,1941.31,27.18,Debit Card,Delivered
ORD02048,2024-02-20,C0151,Home Office,South,Chennai,Website,P007,Yoga Mat,Sports,1,1121.4,10.0,1121.4,112.14,194.07,33.41,650,False,0,0.0,1009.26,131.78,13.06,COD,Delivered
ORD02049,2025-11-11,C0024,Consumer,North,Jaipur,Marketplace,P018,Premium Pen Set,Stationery,2,948.4,5.0,1896.8,94.84,62.59,61.44,800,False,0,0.0,1801.96,877.93,48.72,Debit Card,Delivered
ORD02050,2025-03-07,C0239,Corporate,North,Delhi,Marketplace,P010,Travel Bag,Accessories,1,2753.75,0.0,2753.75,0.0,45.55,71.86,1450,False,0,0.0,2753.75,1186.34,43.08,UPI,Delivered
ORD02051,2024-05-11,C0524,Corporate,East,Bhubaneswar,Website,P012,Sunglasses,Accessories,1,1669.61,5.0,1669.61,83.48,179.83,33.05,850,False,0,0.0,1586.13,523.25,32.99,Debit Card,Delivered
ORD02052,2024-03-09,C0287,Consumer,West,Mumbai,Mobile App,P007,Yoga Mat,Sports,1,1232.15,5.0,1232.15,61.61,51.86,28.04,650,False,0,0.0,1170.54,440.64,37.64,Credit Card,Delivered
ORD02053,2025-02-15,C0524,Corporate,South,Bengaluru,Marketplace,P019,Planner,Stationery,1,806.52,0.0,806.52,0.0,109.66,17.14,320,True,1,806.52,0.0,-446.8,0.0,Credit Card,Returned
ORD02054,2024-12-27,C0336,Consumer,South,Kochi,Marketplace,P004,Laptop Stand,Electronics,1,1579.26,15.0,1579.26,236.89,52.57,31.59,850,False,0,0.0,1342.37,408.21,30.41,Credit Card,Delivered
ORD02055,2024-09-05,C0230,Corporate,East,Ranchi,Marketplace,P008,Fitness Band,Sports,1,2139.9,20.0,2139.9,427.98,171.85,37.62,1200,True,1,1711.92,0.0,-1409.47,0.0,Debit Card,Returned
ORD02056,2024-05-24,C0145,Consumer,East,Ranchi,Website,P003,Bluetooth Speaker,Electronics,1,2144.72,10.0,2144.72,214.47,69.01,42.41,1300,False,0,0.0,1930.25,518.83,26.88,Debit Card,Delivered
ORD02057,2024-04-17,C0052,Corporate,West,Surat,Website,P003,Bluetooth Speaker,Electronics,1,2221.25,10.0,2221.25,222.12,207.23,37.84,1300,False,0,0.0,1999.13,454.06,22.71,COD,Delivered
ORD02058,2025-07-05,C0336,Consumer,North,Jaipur,Mobile App,P011,Leather Wallet,Accessories,3,1034.94,5.0,3104.82,155.24,68.65,92.58,1650,False,0,0.0,2949.58,1138.35,38.59,Credit Card,Delivered
ORD02059,2025-05-26,C0318,Consumer,East,Kolkata,Website,P006,Running Shoes,Sports,4,3496.17,10.0,13984.68,1398.47,223.71,353.6,8400,False,0,0.0,12586.21,3608.9,28.67,UPI,Cancelled
ORD02060,2024-03-20,C0044,Home Office,East,Kolkata,Mobile App,P020,Study Table Organizer,Stationery,3,1062.03,15.0,3186.09,477.91,65.05,82.99,1350,False,0,0.0,2708.18,1210.14,44.68,UPI,Delivered
ORD02061,2024-03-13,C0206,Consumer,South,Hyderabad,Website,P013,Coffee Maker,Home & Kitchen,3,4225.2,10.0,12675.6,1267.56,185.67,276.81,7650,False,0,0.0,11408.04,3295.56,28.89,Credit Card,Delivered
ORD02062,2024-02-12,C0180,Consumer,South,Hyderabad,Marketplace,P007,Yoga Mat,Sports,1,1121.96,0.0,1121.96,0.0,54.7,20.34,650,False,0,0.0,1121.96,396.92,35.38,UPI,Delivered
ORD02063,2024-08-18,C0164,Consumer,West,Pune,Website,P016,Desk Lamp,Home & Kitchen,1,1491.57,5.0,1491.57,74.58,193.79,46.96,750,False,0,0.0,1416.99,426.24,30.08,COD,Delivered
ORD02064,2024-11-27,C0171,Corporate,South,Chennai,Website,P010,Travel Bag,Accessories,1,2698.83,10.0,2698.83,269.88,173.52,73.96,1450,False,0,0.0,2428.95,731.47,30.11,UPI,Delivered
ORD02065,2024-07-30,C0291,Consumer,South,Hyderabad,Mobile App,P001,Wireless Headphones,Electronics,1,1789.9,0.0,1789.9,0.0,187.64,41.15,1050,False,0,0.0,1789.9,511.11,28.56,Credit Card,Delivered
ORD02066,2024-11-02,C0002,Home Office,East,Bhubaneswar,Mobile App,P006,Running Shoes,Sports,2,3432.95,0.0,6865.9,0.0,171.24,208.99,4200,True,1,3432.95,3432.95,-1147.28,-33.42,UPI,Returned
ORD02067,2025-07-16,C0539,Consumer,North,Chandigarh,Website,P014,Air Fryer,Home & Kitchen,4,5995.65,0.0,23982.6,0.0,97.95,536.71,14000,True,3,17986.95,5995.65,-8639.01,-144.09,Credit Card,Returned
ORD02068,2024-09-12,C0501,Corporate,West,Pune,Mobile App,P011,Leather Wallet,Accessories,3,1043.97,0.0,3131.91,0.0,108.61,60.69,1650,False,0,0.0,3131.91,1312.61,41.91,UPI,Delivered
ORD02069,2025-10-04,C0306,Home Office,West,Pune,Website,P016,Desk Lamp,Home & Kitchen,1,1313.41,5.0,1313.41,65.67,169.92,39.19,750,False,0,0.0,1247.74,288.63,23.13,Net Banking,Delivered
ORD02070,2025-09-16,C0528,Consumer,North,Chandigarh,Website,P009,Office Backpack,Accessories,4,1832.43,0.0,7329.72,0.0,120.8,178.4,4000,False,0,0.0,7329.72,3030.52,41.35,Net Banking,Delivered
ORD02071,2024-05-16,C0169,Consumer,North,Jaipur,Website,P015,Electric Kettle,Home & Kitchen,4,1663.64,10.0,6654.56,665.46,67.69,91.07,4200,False,0,0.0,5989.1,1630.34,27.22,UPI,Delivered
ORD02072,2024-05-04,C0181,Consumer,North,Jaipur,Marketplace,P019,Planner,Stationery,1,769.73,10.0,769.73,76.97,155.35,16.75,320,False,0,0.0,692.76,200.66,28.97,Debit Card,Delivered
ORD02073,2025-02-12,C0013,Corporate,North,Chandigarh,Mobile App,P018,Premium Pen Set,Stationery,1,875.55,10.0,875.55,87.56,47.89,15.37,400,False,0,0.0,787.99,324.73,41.21,UPI,Delivered
ORD02074,2025-12-10,C0493,Consumer,East,Kolkata,Website,P016,Desk Lamp,Home & Kitchen,1,1381.19,5.0,1381.19,69.06,156.72,42.05,750,False,0,0.0,1312.13,363.36,27.69,Credit Card,Delivered
ORD02075,2025-05-17,C0472,Home Office,North,Chandigarh,Marketplace,P019,Planner,Stationery,1,716.96,20.0,716.96,143.39,160.45,8.68,320,False,0,0.0,573.57,84.44,14.72,Debit Card,Delivered
ORD02076,2024-08-02,C0540,Consumer,West,Pune,Mobile App,P013,Coffee Maker,Home & Kitchen,2,3985.32,15.0,7970.64,1195.6,164.3,217.32,5100,False,0,0.0,6775.04,1293.42,19.09,UPI,Delivered
ORD02077,2024-09-14,C0522,Consumer,South,Chennai,Marketplace,P002,Smart Watch,Electronics,1,3173.38,5.0,3173.38,158.67,60.66,70.98,1900,False,0,0.0,3014.71,983.07,32.61,UPI,Delivered
ORD02078,2025-01-08,C0234,Consumer,North,Lucknow,Mobile App,P020,Study Table Organizer,Stationery,6,945.99,10.0,5675.94,567.59,100.72,152.28,2700,False,0,0.0,5108.35,2155.35,42.19,Debit Card,Delivered
ORD02079,2025-01-04,C0371,Consumer,South,Bengaluru,Mobile App,P005,Mechanical Keyboard,Electronics,4,2631.39,5.0,10525.56,526.28,180.11,291.84,6600,False,0,0.0,9999.28,2927.33,29.28,UPI,Delivered
ORD02080,2025-04-25,C0229,Home Office,West,Pune,Mobile App,P003,Bluetooth Speaker,Electronics,1,2113.91,15.0,2113.91,317.09,230.81,43.33,1300,True,1,1796.82,0.0,-1574.14,0.0,Credit Card,Returned
ORD02081,2024-11-23,C0445,Corporate,East,Bhubaneswar,Website,P008,Fitness Band,Sports,2,1980.75,5.0,3961.5,198.08,87.36,63.8,2400,False,0,0.0,3763.42,1212.26,32.21,Debit Card,Delivered
ORD02082,2025-07-14,C0154,Consumer,West,Pune,Website,P010,Travel Bag,Accessories,1,2551.27,5.0,2551.27,127.56,111.66,56.13,1450,False,0,0.0,2423.71,805.92,33.25,Net Banking,Delivered
ORD02084,2025-02-22,C0263,Consumer,North,Chandigarh,Website,P001,Wireless Headphones,Electronics,2,1905.06,0.0,3810.12,0.0,172.11,113.18,2100,False,0,0.0,3810.12,1424.83,37.4,UPI,Delivered
ORD02085,2024-12-05,C0193,Home Office,West,Ahmedabad,Mobile App,P014,Air Fryer,Home & Kitchen,3,6208.74,5.0,18626.22,931.31,73.84,321.05,10500,False,0,0.0,17694.91,6800.02,38.43,UPI,Delivered
ORD02086,2024-03-13,C0050,Consumer,West,Ahmedabad,Marketplace,P004,Laptop Stand,Electronics,4,1453.65,5.0,5814.6,290.73,163.71,123.57,3400,False,0,0.0,5523.87,1836.59,33.25,UPI,Delivered
ORD02087,2024-06-12,C0402,Home Office,South,Bengaluru,Mobile App,P017,Notebook Set,Stationery,1,578.03,5.0,578.03,28.9,163.14,8.76,260,True,1,549.13,0.0,-431.9,0.0,Debit Card,Returned
ORD02088,2025-01-10,C0109,Consumer,East,Ranchi,Mobile App,P006,Running Shoes,Sports,2,3477.26,15.0,6954.52,1043.18,227.34,158.03,4200,False,0,0.0,5911.34,1325.97,22.43,Net Banking,Delivered
ORD02089,2024-09-21,C0121,Corporate,West,Mumbai,Website,P003,Bluetooth Speaker,Electronics,1,2252.14,10.0,2252.14,225.21,55.81,51.04,1300,False,0,0.0,2026.93,620.08,30.59,UPI,Delivered
ORD02090,2025-01-19,C0587,Consumer,North,Chandigarh,Website,P003,Bluetooth Speaker,Electronics,2,2031.51,0.0,4063.02,0.0,221.8,140.82,2600,False,0,0.0,4063.02,1100.4,27.08,Credit Card,Delivered
ORD02091,2024-11-25,C0471,Consumer,East,Bhubaneswar,Website,P007,Yoga Mat,Sports,3,1235.65,5.0,3706.95,185.35,137.71,94.4,1950,False,0,0.0,3521.6,1339.49,38.04,Debit Card,Delivered
ORD02092,2025-07-05,C0541,Home Office,West,Mumbai,Website,P010,Travel Bag,Accessories,1,2464.73,0.0,2464.73,0.0,91.81,70.12,1450,False,0,0.0,2464.73,852.8,34.6,UPI,Delivered
ORD02093,2024-11-20,C0377,Corporate,West,Ahmedabad,Website,P017,Notebook Set,Stationery,1,614.73,5.0,614.73,30.74,121.57,11.97,260,False,0,0.0,583.99,190.45,32.61,UPI,Delivered
ORD02094,2024-11-18,C0326,Corporate,North,Lucknow,Website,P007,Yoga Mat,Sports,1,1234.52,15.0,1234.52,185.18,210.37,32.84,650,False,0,0.0,1049.34,156.13,14.88,UPI,Delivered
ORD02095,2025-02-21,C0282,Consumer,East,Patna,Website,P010,Travel Bag,Accessories,2,2530.84,5.0,5061.68,253.08,85.04,87.66,2900,False,0,0.0,4808.6,1735.9,36.1,Debit Card,Delivered
ORD02096,2025-05-05,C0075,Corporate,North,Jaipur,Mobile App,P017,Notebook Set,Stationery,1,553.48,10.0,553.48,55.35,175.69,14.73,260,False,0,0.0,498.13,47.71,9.58,UPI,Delivered
ORD02097,2025-09-25,C0483,Consumer,South,Chennai,Mobile App,P003,Bluetooth Speaker,Electronics,2,2056.81,0.0,4113.62,0.0,94.05,103.02,2600,False,0,0.0,4113.62,1316.55,32.0,Debit Card,Delivered
ORD02098,2025-01-19,C0240,Consumer,North,Delhi,Mobile App,P020,Study Table Organizer,Stationery,2,1004.04,5.0,2008.08,100.4,204.39,33.36,900,False,0,0.0,1907.68,769.93,40.36,Debit Card,Delivered
ORD02099,2024-01-18,C0144,Consumer,South,Kochi,Website,P016,Desk Lamp,Home & Kitchen,1,1363.1,0.0,1363.1,0.0,139.88,30.38,750,False,0,0.0,1363.1,442.84,32.49,Credit Card,Delivered
ORD02100,2025-02-18,C0016,Consumer,East,Patna,Mobile App,P001,Wireless Headphones,Electronics,1,1812.24,5.0,1812.24,90.61,185.89,46.31,1050,False,0,0.0,1721.63,439.43,25.52,Credit Card,Delivered
ORD02101,2024-05-17,C0420,Corporate,South,Bengaluru,Website,P009,Office Backpack,Accessories,1,1737.01,0.0,1737.01,0.0,165.57,28.65,1000,False,0,0.0,1737.01,542.79,31.25,Debit Card,Delivered
ORD02102,2025-02-20,C0155,Home Office,East,Patna,Website,P019,Planner,Stationery,2,800.73,0.0,1601.46,0.0,43.27,24.53,640,False,0,0.0,1601.46,893.66,55.8,COD,Delivered
ORD02103,2025-02-12,C0312,Consumer,South,Hyderabad,Website,P004,Laptop Stand,Electronics,2,1390.34,15.0,2780.68,417.1,58.37,41.28,1700,False,0,0.0,2363.58,563.93,23.86,Debit Card,Delivered
ORD02104,2024-12-10,C0174,Consumer,East,Kolkata,Website,P003,Bluetooth Speaker,Electronics,2,2113.06,10.0,4226.12,422.61,219.09,63.63,2600,False,0,0.0,3803.51,920.79,24.21,COD,Delivered
ORD02105,2025-12-12,C0548,Corporate,West,Ahmedabad,Mobile App,P005,Mechanical Keyboard,Electronics,1,2897.73,10.0,2897.73,289.77,140.83,83.93,1650,False,0,0.0,2607.96,733.2,28.11,Credit Card,Delivered
ORD02106,2024-07-13,C0483,Consumer,West,Ahmedabad,Website,P003,Bluetooth Speaker,Electronics,2,2235.92,15.0,4471.84,670.78,146.28,57.21,2600,True,1,1900.53,1900.53,-902.96,-47.51,UPI,Returned
ORD02108,2025-11-19,C0387,Consumer,South,Bengaluru,Mobile App,P020,Study Table Organizer,Stationery,1,996.5,10.0,996.5,99.65,169.72,26.55,450,False,0,0.0,896.85,250.58,27.94,UPI,Delivered
ORD02109,2024-06-18,C0156,Consumer,West,Pune,Marketplace,P018,Premium Pen Set,Stationery,1,940.81,20.0,940.81,188.16,239.97,13.22,400,False,0,0.0,752.65,99.46,13.21,UPI,Delivered
ORD02110,2025-11-20,C0123,Consumer,North,Chandigarh,Website,P011,Leather Wallet,Accessories,1,1134.4,0.0,1134.4,0.0,189.83,30.61,550,False,0,0.0,1134.4,363.96,32.08,Debit Card,Delivered
ORD02111,2024-11-29,C0161,Consumer,North,Jaipur,Website,P018,Premium Pen Set,Stationery,2,957.75,5.0,1915.5,95.78,203.11,29.87,800,False,0,0.0,1819.72,786.74,43.23,UPI,Delivered
ORD02112,2024-08-08,C0065,Consumer,West,Mumbai,Website,P010,Travel Bag,Accessories,1,2493.46,10.0,2493.46,249.35,44.55,48.53,1450,True,1,2244.11,0.0,-1543.08,0.0,Credit Card,Returned
ORD02113,2025-11-13,C0584,Consumer,West,Mumbai,Website,P001,Wireless Headphones,Electronics,2,1898.49,0.0,3796.98,0.0,171.42,95.99,2100,True,2,3796.98,0.0,-2367.41,0.0,Credit Card,Returned
ORD02114,2024-03-04,C0144,Consumer,East,Patna,Mobile App,P016,Desk Lamp,Home & Kitchen,3,1292.04,10.0,3876.12,387.61,119.67,64.42,2250,False,0,0.0,3488.51,1054.42,30.23,COD,Delivered
ORD02115,2025-05-06,C0115,Corporate,South,Chennai,Mobile App,P017,Notebook Set,Stationery,1,564.78,15.0,564.78,84.72,126.41,14.82,260,False,0,0.0,480.06,78.83,16.42,Credit Card,Delivered
ORD02116,2025-02-26,C0233,Consumer,West,Surat,Mobile App,P009,Office Backpack,Accessories,1,1824.4,5.0,1824.4,91.22,188.66,39.8,1000,False,0,0.0,1733.18,504.72,29.12,Credit Card,Cancelled
ORD02117,2025-06-26,C0101,Consumer,West,Ahmedabad,Mobile App,P001,Wireless Headphones,Electronics,1,1676.92,5.0,1676.92,83.85,76.79,38.67,1050,False,0,0.0,1593.07,427.61,26.84,COD,Cancelled
ORD02118,2024-07-04,C0118,Consumer,West,Pune,Marketplace,P002,Smart Watch,Electronics,1,3286.77,15.0,3286.77,493.02,117.14,94.5,1900,False,0,0.0,2793.75,682.11,24.42,UPI,Delivered
ORD02119,2024-03-29,C0356,Corporate,North,Chandigarh,Website,P008,Fitness Band,Sports,2,1946.55,10.0,3893.1,389.31,125.4,120.69,2400,False,0,0.0,3503.79,857.7,24.48,COD,Delivered
ORD02120,2024-08-01,C0193,Home Office,West,Ahmedabad,Website,P006,Running Shoes,Sports,1,3271.76,0.0,3271.76,0.0,110.34,63.43,2100,False,0,0.0,3271.76,997.99,30.5,COD,Delivered
ORD02121,2024-01-23,C0538,Consumer,South,Kochi,Website,P002,Smart Watch,Electronics,1,3229.92,5.0,3229.92,161.5,246.92,48.52,1900,False,0,0.0,3068.42,872.98,28.45,UPI,Delivered
ORD02122,2024-10-14,C0029,Consumer,East,Ranchi,Website,P006,Running Shoes,Sports,1,3596.07,15.0,3596.07,539.41,203.58,76.22,2100,False,0,0.0,3056.66,676.86,22.14,Net Banking,Delivered
ORD02123,2024-01-22,C0273,Home Office,North,Delhi,Marketplace,P003,Bluetooth Speaker,Electronics,5,2080.33,5.0,10401.65,520.08,115.09,233.03,6500,False,0,0.0,9881.57,3033.45,30.7,Debit Card,Cancelled
ORD02124,2024-03-08,C0462,Corporate,North,Delhi,Website,P003,Bluetooth Speaker,Electronics,5,2043.71,10.0,10218.55,1021.86,132.21,183.57,6500,True,2,3678.68,5518.01,-1297.77,-23.52,UPI,Returned
ORD02125,2024-12-15,C0591,Consumer,West,Mumbai,Website,P019,Planner,Stationery,4,782.4,5.0,3129.6,156.48,107.81,87.84,1280,False,0,0.0,2973.12,1497.47,50.37,UPI,Delivered
ORD02126,2024-01-23,C0044,Home Office,East,Kolkata,Website,P019,Planner,Stationery,2,744.75,5.0,1489.5,74.47,246.48,33.61,640,False,0,0.0,1415.03,494.94,34.98,Debit Card,Delivered
ORD02127,2024-12-23,C0142,Consumer,East,Patna,Website,P008,Fitness Band,Sports,1,2094.39,5.0,2094.39,104.72,136.15,59.13,1200,False,0,0.0,1989.67,594.39,29.87,Credit Card,Delivered
ORD02128,2024-12-22,C0091,Consumer,West,Pune,Website,P010,Travel Bag,Accessories,6,2625.5,5.0,15753.0,787.65,164.08,338.26,8700,False,0,0.0,14965.35,5763.01,38.51,UPI,Delivered
ORD02129,2025-04-29,C0336,Consumer,West,Mumbai,Mobile App,P008,Fitness Band,Sports,2,2039.47,5.0,4078.94,203.95,111.66,109.89,2400,False,0,0.0,3874.99,1253.44,32.35,Debit Card,Delivered
ORD02130,2025-01-10,C0123,Consumer,South,Bengaluru,Website,P010,Travel Bag,Accessories,5,2433.07,0.0,12165.35,0.0,182.35,403.45,7250,False,0,0.0,12165.35,4329.55,35.59,UPI,Delivered
ORD02131,2024-11-26,C0476,Home Office,South,Bengaluru,Marketplace,P004,Laptop Stand,Electronics,1,1574.54,10.0,1574.54,157.45,113.27,26.66,850,False,0,0.0,1417.09,427.16,30.14,COD,Delivered
ORD02132,2024-12-17,C0212,Corporate,West,Ahmedabad,Mobile App,P003,Bluetooth Speaker,Electronics,2,2343.08,0.0,4686.16,0.0,189.69,121.63,2600,False,0,0.0,4686.16,1774.84,37.87,COD,Delivered
ORD02133,2025-10-30,C0162,Corporate,East,Patna,Website,P003,Bluetooth Speaker,Electronics,1,2151.5,10.0,2151.5,215.15,121.08,46.72,1300,False,0,0.0,1936.35,468.55,24.2,Debit Card,Delivered
ORD02134,2025-01-11,C0315,Corporate,West,Ahmedabad,Website,P014,Air Fryer,Home & Kitchen,1,5546.32,5.0,5546.32,277.32,205.83,134.89,3500,False,0,0.0,5269.0,1428.28,27.11,Credit Card,Delivered
ORD02135,2024-02-23,C0083,Consumer,South,Kochi,Marketplace,P005,Mechanical Keyboard,Electronics,2,2694.62,0.0,5389.24,0.0,193.61,127.35,3300,False,0,0.0,5389.24,1768.28,32.81,Credit Card,Delivered
ORD02136,2024-12-19,C0265,Home Office,East,Patna,Website,P001,Wireless Headphones,Electronics,3,1840.63,5.0,5521.89,276.09,168.2,164.01,3150,False,0,0.0,5245.8,1763.59,33.62,Credit Card,Delivered
ORD02137,2024-08-24,C0218,Corporate,South,Bengaluru,Mobile App,P003,Bluetooth Speaker,Electronics,2,2163.08,10.0,4326.16,432.62,100.63,76.05,2600,False,0,0.0,3893.54,1116.86,28.68,UPI,Delivered
ORD02138,2024-08-19,C0101,Consumer,East,Bhubaneswar,Mobile App,P002,Smart Watch,Electronics,2,3042.63,5.0,6085.26,304.26,137.62,180.61,3800,False,0,0.0,5781.0,1662.77,28.76,Net Banking,Delivered
ORD02139,2025-11-14,C0437,Consumer,North,Chandigarh,Marketplace,P013,Coffee Maker,Home & Kitchen,1,4080.09,10.0,4080.09,408.01,138.08,109.79,2550,False,0,0.0,3672.08,874.21,23.81,Credit Card,Cancelled
ORD02140,2025-10-18,C0511,Consumer,West,Mumbai,Website,P003,Bluetooth Speaker,Electronics,1,2109.27,5.0,2109.27,105.46,134.93,59.19,1300,False,0,0.0,2003.81,509.69,25.44,Credit Card,Delivered
ORD02141,2024-01-01,C0086,Consumer,East,Ranchi,Website,P020,Study Table Organizer,Stationery,2,1036.08,15.0,2072.16,310.82,96.52,36.18,900,False,0,0.0,1761.34,728.64,41.37,Net Banking,Delivered
ORD02142,2025-05-31,C0046,Corporate,North,Delhi,Marketplace,P019,Planner,Stationery,1,730.93,10.0,730.93,73.09,135.25,22.95,320,False,0,0.0,657.84,179.64,27.31,UPI,Delivered
ORD02143,2025-07-04,C0356,Corporate,West,Mumbai,Website,P017,Notebook Set,Stationery,2,583.16,5.0,1166.32,58.32,110.78,20.02,520,False,0,0.0,1108.0,457.2,41.26,COD,Delivered
ORD02144,2025-06-23,C0315,Corporate,North,Delhi,Website,P012,Sunglasses,Accessories,6,1583.53,0.0,9501.18,0.0,240.96,178.7,5100,False,0,0.0,9501.18,3981.52,41.91,Net Banking,Delivered
ORD02145,2024-09-07,C0440,Consumer,East,Ranchi,Mobile App,P013,Coffee Maker,Home & Kitchen,1,4528.8,5.0,4528.8,226.44,119.79,69.54,2550,True,1,4302.36,0.0,-2739.33,0.0,UPI,Returned
ORD02146,2025-04-01,C0597,Corporate,North,Lucknow,Website,P013,Coffee Maker,Home & Kitchen,2,4194.37,0.0,8388.74,0.0,214.86,158.01,5100,False,0,0.0,8388.74,2915.87,34.76,UPI,Delivered
ORD02147,2024-04-22,C0168,Consumer,West,Surat,Mobile App,P017,Notebook Set,Stationery,1,632.74,15.0,632.74,94.91,200.91,16.71,260,False,0,0.0,537.83,60.21,11.19,UPI,Delivered
ORD02148,2024-10-03,C0462,Corporate,East,Patna,Website,P012,Sunglasses,Accessories,2,1666.73,5.0,3333.46,166.67,228.6,82.22,1700,False,0,0.0,3166.79,1155.97,36.5,Credit Card,Delivered
ORD02149,2024-01-02,C0146,Consumer,North,Lucknow,Marketplace,P001,Wireless Headphones,Electronics,2,1885.6,10.0,3771.2,377.12,62.35,58.55,2100,False,0,0.0,3394.08,1173.18,34.57,Net Banking,Delivered
ORD02150,2025-04-26,C0248,Home Office,North,Jaipur,Website,P019,Planner,Stationery,1,691.26,10.0,691.26,69.13,192.39,15.15,320,False,0,0.0,622.13,94.59,15.2,Debit Card,Delivered
ORD02151,2024-09-23,C0532,Home Office,East,Kolkata,Mobile App,P017,Notebook Set,Stationery,3,633.84,0.0,1901.52,0.0,45.02,29.06,780,False,0,0.0,1901.52,1047.44,55.08,Debit Card,Delivered
ORD02152,2025-03-09,C0416,Consumer,North,Jaipur,Website,P005,Mechanical Keyboard,Electronics,1,2704.33,5.0,2704.33,135.22,194.27,58.94,1650,False,0,0.0,2569.11,665.9,25.92,COD,Delivered
ORD02153,2024-03-28,C0480,Consumer,West,Surat,Website,P008,Fitness Band,Sports,2,2142.71,10.0,4285.42,428.54,177.26,101.47,2400,False,0,0.0,3856.88,1178.15,30.55,Credit Card,Delivered
ORD02154,2024-02-22,C0257,Home Office,North,Chandigarh,Website,P005,Mechanical Keyboard,Electronics,1,2710.9,5.0,2710.9,135.54,57.61,40.9,1650,False,0,0.0,2575.36,826.85,32.11,COD,Delivered
ORD02155,2025-11-15,C0318,Consumer,West,Mumbai,Website,P004,Laptop Stand,Electronics,1,1418.21,5.0,1418.21,70.91,204.88,42.41,850,False,0,0.0,1347.3,250.01,18.56,Net Banking,Delivered
ORD02156,2024-09-22,C0571,Consumer,West,Surat,Mobile App,P017,Notebook Set,Stationery,1,556.17,10.0,556.17,55.62,151.36,10.5,260,False,0,0.0,500.55,78.69,15.72,Debit Card,Delivered
ORD02157,2025-02-06,C0134,Consumer,West,Mumbai,Mobile App,P005,Mechanical Keyboard,Electronics,1,2806.21,5.0,2806.21,140.31,118.85,63.31,1650,False,0,0.0,2665.9,833.74,31.27,UPI,Cancelled
ORD02158,2024-08-02,C0018,Consumer,South,Bengaluru,Mobile App,P013,Coffee Maker,Home & Kitchen,1,3882.39,10.0,3882.39,388.24,47.6,94.57,2550,False,0,0.0,3494.15,801.98,22.95,UPI,Delivered
ORD02159,2025-02-17,C0491,Consumer,West,Ahmedabad,Marketplace,P016,Desk Lamp,Home & Kitchen,2,1482.71,15.0,2965.42,444.81,231.52,66.34,1500,False,0,0.0,2520.61,722.75,28.67,Credit Card,Delivered
ORD02160,2024-08-12,C0411,Consumer,South,Kochi,Mobile App,P008,Fitness Band,Sports,2,2126.67,15.0,4253.34,638.0,248.77,57.13,2400,False,0,0.0,3615.34,909.44,25.16,COD,Delivered
ORD02161,2024-04-02,C0096,Consumer,South,Bengaluru,Mobile App,P012,Sunglasses,Accessories,2,1645.82,5.0,3291.64,164.58,69.25,58.31,1700,False,0,0.0,3127.06,1299.5,41.56,Net Banking,Delivered
ORD02162,2024-11-26,C0235,Consumer,North,Delhi,Marketplace,P010,Travel Bag,Accessories,1,2734.59,15.0,2734.59,410.19,41.38,73.11,1450,False,0,0.0,2324.4,759.91,32.69,Debit Card,Delivered
ORD02163,2025-05-26,C0390,Corporate,North,Jaipur,Marketplace,P011,Leather Wallet,Accessories,1,1156.04,10.0,1156.04,115.6,219.6,29.82,550,False,0,0.0,1040.44,241.02,23.17,Credit Card,Delivered
ORD02164,2025-02-11,C0495,Consumer,West,Pune,Mobile App,P010,Travel Bag,Accessories,1,2626.87,0.0,2626.87,0.0,160.17,47.87,1450,False,0,0.0,2626.87,968.83,36.88,Credit Card,Delivered
ORD02165,2025-09-10,C0247,Consumer,South,Bengaluru,Mobile App,P020,Study Table Organizer,Stationery,1,1053.2,5.0,1053.2,52.66,131.12,18.51,450,False,0,0.0,1000.54,400.91,40.07,Credit Card,Delivered
ORD02166,2025-03-23,C0194,Corporate,West,Pune,Website,P016,Desk Lamp,Home & Kitchen,2,1331.64,10.0,2663.28,266.33,210.17,72.13,1500,False,0,0.0,2396.95,614.65,25.64,Debit Card,Delivered
ORD02167,2024-07-03,C0327,Consumer,East,Ranchi,Marketplace,P017,Notebook Set,Stationery,6,569.27,10.0,3415.62,341.56,232.03,68.49,1560,True,4,2049.37,1024.69,-835.83,-81.57,Credit Card,Returned
ORD02168,2024-09-02,C0496,Consumer,North,Jaipur,Mobile App,P017,Notebook Set,Stationery,1,593.58,15.0,593.58,89.04,76.32,11.64,260,False,0,0.0,504.54,156.58,31.03,COD,Delivered
ORD02169,2025-01-29,C0096,Consumer,North,Chandigarh,Marketplace,P009,Office Backpack,Accessories,1,1929.13,20.0,1929.13,385.83,162.52,51.95,1000,False,0,0.0,1543.3,328.83,21.31,Debit Card,Delivered
ORD02170,2024-06-21,C0146,Consumer,West,Pune,Marketplace,P010,Travel Bag,Accessories,1,2571.85,15.0,2571.85,385.78,224.56,64.75,1450,False,0,0.0,2186.07,446.76,20.44,UPI,Delivered
ORD02171,2024-04-11,C0057,Consumer,West,Ahmedabad,Mobile App,P003,Bluetooth Speaker,Electronics,1,2350.8,0.0,2350.8,0.0,87.03,64.78,1300,False,0,0.0,2350.8,898.99,38.24,Debit Card,Delivered
ORD02172,2025-07-01,C0223,Consumer,West,Mumbai,Website,P009,Office Backpack,Accessories,1,1714.0,10.0,1714.0,171.4,130.71,31.01,1000,False,0,0.0,1542.6,380.88,24.69,Debit Card,Delivered
ORD02173,2024-12-29,C0467,Consumer,West,Ahmedabad,Mobile App,P011,Leather Wallet,Accessories,1,1159.59,10.0,1159.59,115.96,160.33,31.76,550,False,0,0.0,1043.63,301.54,28.89,Net Banking,Delivered
ORD02174,2025-07-05,C0030,Consumer,South,Bengaluru,Website,P003,Bluetooth Speaker,Electronics,4,2303.65,10.0,9214.6,921.46,134.45,206.2,5200,False,0,0.0,8293.14,2752.49,33.19,Credit Card,Delivered
ORD02175,2024-03-11,C0104,Consumer,West,Ahmedabad,Mobile App,P017,Notebook Set,Stationery,2,645.74,0.0,1291.48,0.0,155.52,25.6,520,False,0,0.0,1291.48,590.36,45.71,Credit Card,Delivered
ORD02176,2024-06-21,C0002,Home Office,West,Mumbai,Marketplace,P008,Fitness Band,Sports,2,2078.27,10.0,4156.54,415.65,148.23,66.24,2400,False,0,0.0,3740.89,1126.42,30.11,UPI,Delivered
ORD02177,2025-06-02,C0182,Consumer,West,Mumbai,Website,P016,Desk Lamp,Home & Kitchen,5,1408.88,5.0,7044.4,352.22,40.7,103.03,3750,False,0,0.0,6692.18,2798.45,41.82,Debit Card,Delivered
ORD02178,2025-08-01,C0285,Consumer,North,Jaipur,Marketplace,P019,Planner,Stationery,3,745.37,10.0,2236.11,223.61,225.29,58.17,960,False,0,0.0,2012.5,769.04,38.21,Debit Card,Delivered
ORD02179,2024-08-07,C0073,Consumer,East,Patna,Website,P002,Smart Watch,Electronics,1,3243.17,5.0,3243.17,162.16,167.65,70.58,1900,False,0,0.0,3081.01,942.78,30.6,Credit Card,Delivered
ORD02180,2024-03-31,C0568,Consumer,North,Lucknow,Marketplace,P016,Desk Lamp,Home & Kitchen,1,1485.41,20.0,1485.41,297.08,227.93,28.79,750,False,0,0.0,1188.33,181.61,15.28,COD,Delivered
ORD02181,2024-12-01,C0522,Consumer,West,Pune,Website,P003,Bluetooth Speaker,Electronics,5,2241.18,10.0,11205.9,1120.59,79.03,154.39,6500,False,0,0.0,10085.31,3351.89,33.24,COD,Delivered
ORD02182,2025-10-06,C0117,Corporate,North,Chandigarh,Marketplace,P015,Electric Kettle,Home & Kitchen,1,1681.46,15.0,1681.46,252.22,94.96,46.53,1050,False,0,0.0,1429.24,237.75,16.63,Credit Card,Delivered
ORD02183,2025-09-05,C0045,Consumer,South,Kochi,Mobile App,P002,Smart Watch,Electronics,5,3326.75,5.0,16633.75,831.69,214.19,417.07,9500,False,0,0.0,15802.06,5670.8,35.89,Debit Card,Delivered
ORD02184,2025-06-30,C0181,Consumer,West,Mumbai,Marketplace,P006,Running Shoes,Sports,1,3356.67,10.0,3356.67,335.67,60.57,98.84,2100,False,0,0.0,3021.0,761.59,25.21,Credit Card,Delivered
ORD02185,2025-08-08,C0539,Consumer,East,Bhubaneswar,Mobile App,P014,Air Fryer,Home & Kitchen,1,5357.68,15.0,5357.68,803.65,152.97,123.6,3500,False,0,0.0,4554.03,777.46,17.07,Debit Card,Delivered
ORD02186,2025-07-21,C0202,Consumer,North,Jaipur,Marketplace,P002,Smart Watch,Electronics,1,3087.84,5.0,3087.84,154.39,120.81,61.03,1900,False,0,0.0,2933.45,851.61,29.03,Debit Card,Delivered
ORD02187,2024-08-10,C0164,Consumer,South,Kochi,Website,P012,Sunglasses,Accessories,3,1570.95,0.0,4712.85,0.0,64.58,73.68,2550,False,0,0.0,4712.85,2024.59,42.96,UPI,Delivered
ORD02188,2024-01-25,C0577,Consumer,West,Ahmedabad,Marketplace,P009,Office Backpack,Accessories,2,1670.34,10.0,3340.68,334.07,129.66,73.53,2000,False,0,0.0,3006.61,803.42,26.72,Debit Card,Delivered
ORD02190,2025-06-19,C0130,Consumer,East,Bhubaneswar,Marketplace,P016,Desk Lamp,Home & Kitchen,1,1413.06,20.0,1413.06,282.61,50.7,34.32,750,True,1,1130.45,0.0,-835.02,0.0,Credit Card,Returned
ORD02191,2024-02-28,C0289,Consumer,East,Bhubaneswar,Website,P019,Planner,Stationery,1,697.37,0.0,697.37,0.0,171.7,22.47,320,False,0,0.0,697.37,183.2,26.27,Debit Card,Delivered
ORD02192,2024-06-19,C0253,Home Office,West,Surat,Mobile App,P010,Travel Bag,Accessories,2,2597.54,10.0,5195.08,519.51,42.9,97.7,2900,False,0,0.0,4675.57,1634.97,34.97,Credit Card,Delivered
ORD02193,2025-06-24,C0578,Home Office,South,Bengaluru,Marketplace,P004,Laptop Stand,Electronics,2,1478.32,5.0,2956.64,147.83,139.74,84.91,1700,False,0,0.0,2808.81,884.16,31.48,Credit Card,Delivered
ORD02194,2025-09-08,C0417,Consumer,North,Chandigarh,Mobile App,P019,Planner,Stationery,4,708.6,15.0,2834.4,425.16,230.41,73.99,1280,False,0,0.0,2409.24,824.84,34.24,UPI,Delivered
ORD02195,2024-08-13,C0214,Consumer,West,Ahmedabad,Website,P005,Mechanical Keyboard,Electronics,4,2689.66,0.0,10758.64,0.0,148.15,332.6,6600,False,0,0.0,10758.64,3677.89,34.19,Net Banking,Delivered
ORD02196,2024-04-13,C0056,Home Office,East,Ranchi,Website,P009,Office Backpack,Accessories,2,1879.1,10.0,3758.2,375.82,95.7,55.96,2000,False,0,0.0,3382.38,1230.72,36.39,Net Banking,Delivered
ORD02197,2025-02-19,C0131,Consumer,South,Kochi,Mobile App,P004,Laptop Stand,Electronics,1,1505.84,5.0,1505.84,75.29,198.55,46.42,850,False,0,0.0,1430.55,335.58,23.46,UPI,Delivered
ORD02198,2024-05-03,C0174,Consumer,East,Kolkata,Mobile App,P017,Notebook Set,Stationery,6,618.88,5.0,3713.28,185.66,145.77,92.33,1560,False,0,0.0,3527.62,1729.52,49.03,UPI,Delivered
ORD02199,2024-08-14,C0569,Home Office,West,Mumbai,Website,P020,Study Table Organizer,Stationery,1,1059.93,0.0,1059.93,0.0,130.24,17.8,450,False,0,0.0,1059.93,461.89,43.58,UPI,Delivered
ORD02200,2025-06-24,C0237,Consumer,West,Surat,Mobile App,P013,Coffee Maker,Home & Kitchen,1,4116.15,0.0,4116.15,0.0,55.48,62.15,2550,False,0,0.0,4116.15,1448.52,35.19,Debit Card,Delivered
ORD02201,2024-12-01,C0101,Consumer,West,Mumbai,Mobile App,P014,Air Fryer,Home & Kitchen,1,5769.69,5.0,5769.69,288.48,246.08,94.4,3500,False,0,0.0,5481.21,1640.73,29.93,COD,Delivered
ORD02202,2025-12-01,C0341,Consumer,West,Ahmedabad,Website,P015,Electric Kettle,Home & Kitchen,2,1658.55,10.0,3317.1,331.71,53.37,66.11,2100,False,0,0.0,2985.39,765.91,25.66,UPI,Delivered
ORD02203,2024-10-29,C0487,Consumer,North,Jaipur,Mobile App,P015,Electric Kettle,Home & Kitchen,3,1910.27,5.0,5730.81,286.54,52.96,169.98,3150,False,0,0.0,5444.27,2071.33,38.05,COD,Delivered
ORD02204,2024-05-26,C0501,Corporate,North,Jaipur,Marketplace,P002,Smart Watch,Electronics,1,3270.11,10.0,3270.11,327.01,155.93,96.59,1900,False,0,0.0,2943.1,790.58,26.86,UPI,Delivered
ORD02205,2025-01-09,C0238,Consumer,East,Patna,Website,P003,Bluetooth Speaker,Electronics,1,2330.99,5.0,2330.99,116.55,191.4,48.02,1300,False,0,0.0,2214.44,675.02,30.48,COD,Delivered
ORD02206,2024-02-26,C0286,Consumer,South,Hyderabad,Marketplace,P003,Bluetooth Speaker,Electronics,1,2119.81,15.0,2119.81,317.97,64.84,38.46,1300,False,0,0.0,1801.84,398.54,22.12,UPI,Cancelled
ORD02207,2025-12-06,C0122,Home Office,West,Pune,Website,P006,Running Shoes,Sports,3,3761.72,10.0,11285.16,1128.52,219.75,155.19,6300,True,1,3385.55,6771.09,96.15,1.42,UPI,Returned
ORD02208,2024-07-15,C0267,Corporate,North,Lucknow,Marketplace,P009,Office Backpack,Accessories,3,1789.77,10.0,5369.31,536.93,109.85,131.57,3000,False,0,0.0,4832.38,1590.96,32.92,Net Banking,Delivered
ORD02209,2025-10-27,C0291,Consumer,South,Hyderabad,Mobile App,P018,Premium Pen Set,Stationery,1,855.44,10.0,855.44,85.54,246.13,26.03,400,False,0,0.0,769.9,97.74,12.7,Credit Card,Delivered
ORD02210,2024-05-12,C0069,Consumer,West,Pune,Mobile App,P007,Yoga Mat,Sports,1,1210.95,15.0,1210.95,181.64,170.62,28.11,650,False,0,0.0,1029.31,180.58,17.54,UPI,Delivered
ORD02211,2025-03-20,C0325,Home Office,West,Mumbai,Website,P013,Coffee Maker,Home & Kitchen,1,3993.05,10.0,3993.05,399.3,233.56,69.4,2550,False,0,0.0,3593.75,740.79,20.61,Credit Card,Delivered
ORD02212,2024-05-27,C0219,Corporate,North,Jaipur,Mobile App,P011,Leather Wallet,Accessories,1,1163.47,10.0,1163.47,116.35,179.28,28.89,550,False,0,0.0,1047.12,288.95,27.59,Debit Card,Delivered
ORD02213,2025-09-07,C0083,Consumer,South,Bengaluru,Website,P002,Smart Watch,Electronics,1,3006.22,0.0,3006.22,0.0,191.67,102.58,1900,True,1,3006.22,0.0,-2194.25,0.0,UPI,Returned
ORD02214,2024-08-03,C0438,Corporate,East,Kolkata,Mobile App,P008,Fitness Band,Sports,1,1966.12,10.0,1966.12,196.61,234.51,58.07,1200,False,0,0.0,1769.51,276.93,15.65,Credit Card,Delivered
ORD02215,2025-03-17,C0057,Consumer,North,Jaipur,Marketplace,P006,Running Shoes,Sports,1,3377.85,5.0,3377.85,168.89,138.38,73.76,2100,False,0,0.0,3208.96,896.82,27.95,Net Banking,Delivered
ORD02216,2024-08-23,C0593,Consumer,East,Kolkata,Marketplace,P003,Bluetooth Speaker,Electronics,1,2064.79,10.0,2064.79,206.48,71.16,55.56,1300,False,0,0.0,1858.31,431.59,23.22,Net Banking,Delivered
ORD02217,2025-05-03,C0328,Consumer,South,Chennai,Website,P001,Wireless Headphones,Electronics,1,1935.09,5.0,1935.09,96.75,78.11,55.55,1050,False,0,0.0,1838.34,654.68,35.61,UPI,Delivered
ORD02218,2025-08-08,C0585,Corporate,West,Ahmedabad,Website,P019,Planner,Stationery,5,789.92,10.0,3949.6,394.96,241.52,100.98,1600,False,0,0.0,3554.64,1612.14,45.35,Credit Card,Delivered
ORD02219,2024-04-30,C0014,Consumer,South,Kochi,Website,P019,Planner,Stationery,2,809.27,10.0,1618.54,161.85,194.09,39.16,640,False,0,0.0,1456.69,583.44,40.05,Credit Card,Delivered
ORD02220,2024-04-04,C0489,Home Office,West,Surat,Marketplace,P005,Mechanical Keyboard,Electronics,1,2921.01,10.0,2921.01,292.1,63.0,89.31,1650,False,0,0.0,2628.91,826.6,31.44,UPI,Delivered
ORD02221,2025-04-12,C0341,Consumer,South,Chennai,Website,P010,Travel Bag,Accessories,3,2528.2,5.0,7584.6,379.23,133.93,221.86,4350,False,0,0.0,7205.37,2499.58,34.69,UPI,Delivered
ORD02222,2024-03-16,C0251,Consumer,West,Mumbai,Website,P008,Fitness Band,Sports,2,2263.42,10.0,4526.84,452.68,198.91,111.06,2400,False,0,0.0,4074.16,1364.19,33.48,COD,Delivered
ORD02223,2024-07-04,C0089,Home Office,East,Bhubaneswar,Marketplace,P002,Smart Watch,Electronics,1,3451.83,15.0,3451.83,517.77,75.12,91.22,1900,False,0,0.0,2934.06,867.72,29.57,Debit Card,Delivered
ORD02224,2024-08-10,C0431,Consumer,North,Lucknow,Mobile App,P004,Laptop Stand,Electronics,2,1573.86,0.0,3147.72,0.0,164.94,94.33,1700,False,0,0.0,3147.72,1188.45,37.76,UPI,Delivered
ORD02225,2025-12-01,C0292,Consumer,East,Kolkata,Mobile App,P012,Sunglasses,Accessories,1,1608.72,10.0,1608.72,160.87,40.76,24.57,850,False,0,0.0,1447.85,532.52,36.78,Credit Card,Delivered
ORD02226,2024-12-24,C0149,Consumer,East,Bhubaneswar,Mobile App,P008,Fitness Band,Sports,2,2262.49,0.0,4524.98,0.0,96.4,101.55,2400,True,2,4524.98,0.0,-2597.95,0.0,UPI,Returned
ORD02227,2025-10-14,C0403,Consumer,West,Pune,Marketplace,P014,Air Fryer,Home & Kitchen,3,5970.95,5.0,17912.85,895.64,195.37,371.55,10500,False,0,0.0,17017.21,5950.29,34.97,UPI,Delivered
ORD02228,2024-10-22,C0346,Consumer,West,Surat,Marketplace,P005,Mechanical Keyboard,Electronics,2,2794.26,0.0,5588.52,0.0,238.1,144.5,3300,True,2,5588.52,0.0,-3682.6,0.0,UPI,Returned
ORD02229,2025-06-18,C0349,Consumer,East,Bhubaneswar,Website,P011,Leather Wallet,Accessories,2,1043.89,10.0,2087.78,208.78,200.47,39.95,1100,False,0,0.0,1879.0,538.58,28.66,UPI,Delivered
ORD02230,2024-09-20,C0521,Consumer,East,Ranchi,Marketplace,P015,Electric Kettle,Home & Kitchen,1,1912.76,15.0,1912.76,286.91,224.97,25.84,1050,False,0,0.0,1625.85,325.04,19.99,UPI,Delivered
ORD02231,2025-10-04,C0337,Home Office,West,Mumbai,Website,P006,Running Shoes,Sports,1,3447.09,0.0,3447.09,0.0,147.42,71.47,2100,False,0,0.0,3447.09,1128.2,32.73,Debit Card,Delivered
ORD02232,2025-05-05,C0331,Consumer,East,Bhubaneswar,Mobile App,P020,Study Table Organizer,Stationery,1,958.34,10.0,958.34,95.83,56.23,26.89,450,False,0,0.0,862.51,329.39,38.19,Credit Card,Delivered
ORD02233,2024-09-12,C0151,Home Office,West,Mumbai,Marketplace,P004,Laptop Stand,Electronics,1,1472.38,0.0,1472.38,0.0,225.34,44.42,850,False,0,0.0,1472.38,352.62,23.95,UPI,Delivered
ORD02234,2024-08-11,C0377,Corporate,East,Bhubaneswar,Marketplace,P002,Smart Watch,Electronics,2,3330.57,20.0,6661.14,1332.23,49.24,89.33,3800,False,0,0.0,5328.91,1390.34,26.09,Credit Card,Delivered
ORD02235,2024-03-15,C0079,Consumer,West,Ahmedabad,Website,P003,Bluetooth Speaker,Electronics,5,2088.45,5.0,10442.25,522.11,103.7,331.98,6500,False,0,0.0,9920.14,2984.46,30.08,UPI,Delivered
ORD02236,2025-05-11,C0066,Consumer,West,Ahmedabad,Mobile App,P017,Notebook Set,Stationery,1,574.16,5.0,574.16,28.71,203.17,10.94,260,False,0,0.0,545.45,71.34,13.08,Debit Card,Cancelled
ORD02237,2025-05-11,C0150,Consumer,North,Lucknow,Website,P019,Planner,Stationery,2,767.9,10.0,1535.8,153.58,176.39,38.47,640,False,0,0.0,1382.22,527.36,38.15,Debit Card,Delivered
ORD02238,2025-04-01,C0447,Home Office,South,Hyderabad,Website,P009,Office Backpack,Accessories,2,1714.5,5.0,3429.0,171.45,173.49,76.8,2000,False,0,0.0,3257.55,1007.26,30.92,UPI,Delivered
ORD02239,2025-11-05,C0004,Consumer,South,Bengaluru,Website,P011,Leather Wallet,Accessories,2,1093.72,0.0,2187.44,0.0,150.62,36.18,1100,False,0,0.0,2187.44,900.64,41.17,COD,Delivered
ORD02240,2024-06-18,C0099,Consumer,South,Bengaluru,Mobile App,P005,Mechanical Keyboard,Electronics,1,2752.26,0.0,2752.26,0.0,57.59,51.23,1650,False,0,0.0,2752.26,993.44,36.1,UPI,Delivered
ORD02241,2025-12-14,C0086,Consumer,East,Bhubaneswar,Mobile App,P009,Office Backpack,Accessories,1,1901.95,15.0,1901.95,285.29,226.32,38.68,1000,False,0,0.0,1616.66,351.66,21.75,COD,Delivered
ORD02242,2024-05-15,C0317,Consumer,West,Pune,Mobile App,P005,Mechanical Keyboard,Electronics,2,2962.67,10.0,5925.34,592.53,164.91,142.12,3300,False,0,0.0,5332.81,1725.78,32.36,UPI,Delivered
ORD02243,2024-12-04,C0037,Consumer,North,Lucknow,Mobile App,P011,Leather Wallet,Accessories,1,1050.4,0.0,1050.4,0.0,142.91,20.01,550,False,0,0.0,1050.4,337.48,32.13,UPI,Delivered
ORD02244,2024-03-17,C0071,Corporate,North,Delhi,Mobile App,P013,Coffee Maker,Home & Kitchen,2,4293.83,10.0,8587.66,858.77,43.87,245.19,5100,False,0,0.0,7728.89,2339.83,30.27,Credit Card,Delivered
ORD02245,2024-01-26,C0513,Home Office,West,Mumbai,Website,P005,Mechanical Keyboard,Electronics,1,2812.16,10.0,2812.16,281.22,66.05,57.46,1650,True,1,2530.94,0.0,-1773.51,0.0,Debit Card,Returned
ORD02246,2024-08-24,C0209,Consumer,North,Lucknow,Mobile App,P019,Planner,Stationery,1,735.17,5.0,735.17,36.76,55.74,14.54,320,False,0,0.0,698.41,308.13,44.12,Debit Card,Delivered
ORD02247,2024-11-28,C0023,Consumer,North,Jaipur,Website,P009,Office Backpack,Accessories,1,1689.89,10.0,1689.89,168.99,190.28,41.74,1000,False,0,0.0,1520.9,288.88,18.99,COD,Delivered
ORD02248,2024-01-29,C0220,Corporate,North,Delhi,Marketplace,P009,Office Backpack,Accessories,1,1744.65,15.0,1744.65,261.7,195.16,23.83,1000,False,0,0.0,1482.95,263.96,17.8,COD,Delivered
ORD02249,2024-05-27,C0096,Consumer,North,Delhi,Marketplace,P001,Wireless Headphones,Electronics,3,1901.61,15.0,5704.83,855.72,123.35,85.96,3150,False,0,0.0,4849.11,1489.8,30.72,UPI,Delivered
ORD02250,2025-01-08,C0572,Corporate,West,Pune,Marketplace,P019,Planner,Stationery,1,773.09,15.0,773.09,115.96,90.2,12.46,320,False,0,0.0,657.13,234.47,35.68,UPI,Delivered
ORD02251,2025-09-28,C0328,Consumer,North,Delhi,Marketplace,P001,Wireless Headphones,Electronics,2,1825.55,0.0,3651.1,0.0,157.17,94.97,2100,False,0,0.0,3651.1,1298.96,35.58,Debit Card,Delivered
ORD02252,2024-03-02,C0427,Consumer,South,Chennai,Website,P008,Fitness Band,Sports,2,2060.03,0.0,4120.06,0.0,207.16,70.47,2400,False,0,0.0,4120.06,1442.43,35.01,Net Banking,Delivered
ORD02253,2024-11-02,C0590,Consumer,North,Jaipur,Website,P019,Planner,Stationery,1,701.71,15.0,701.71,105.26,220.14,19.62,320,False,0,0.0,596.45,36.69,6.15,UPI,Delivered
ORD02254,2024-02-26,C0154,Consumer,East,Bhubaneswar,Website,P009,Office Backpack,Accessories,1,1823.48,0.0,1823.48,0.0,53.75,43.28,1000,False,0,0.0,1823.48,726.45,39.84,Net Banking,Delivered
ORD02255,2025-12-17,C0265,Home Office,West,Ahmedabad,Mobile App,P011,Leather Wallet,Accessories,1,1110.79,5.0,1110.79,55.54,104.07,33.5,550,False,0,0.0,1055.25,367.68,34.84,Net Banking,Delivered
ORD02256,2024-01-15,C0216,Consumer,West,Pune,Website,P018,Premium Pen Set,Stationery,6,850.64,15.0,5103.84,765.58,149.96,131.5,2400,False,0,0.0,4338.26,1656.8,38.19,UPI,Delivered
ORD02257,2024-04-09,C0482,Corporate,West,Ahmedabad,Mobile App,P007,Yoga Mat,Sports,1,1256.46,0.0,1256.46,0.0,180.52,33.4,650,False,0,0.0,1256.46,392.54,31.24,COD,Delivered
ORD02258,2024-02-22,C0127,Corporate,East,Kolkata,Website,P009,Office Backpack,Accessories,1,1916.72,5.0,1916.72,95.84,225.81,61.04,1000,False,0,0.0,1820.88,534.03,29.33,Net Banking,Delivered
ORD02259,2024-11-22,C0450,Consumer,North,Jaipur,Website,P012,Sunglasses,Accessories,1,1575.46,0.0,1575.46,0.0,73.64,42.53,850,False,0,0.0,1575.46,609.29,38.67,UPI,Cancelled
ORD02260,2024-08-12,C0350,Corporate,South,Chennai,Website,P003,Bluetooth Speaker,Electronics,4,2089.7,5.0,8358.8,417.94,74.91,223.26,5200,False,0,0.0,7940.86,2442.69,30.76,UPI,Delivered
ORD02261,2025-10-18,C0275,Consumer,West,Surat,Mobile App,P002,Smart Watch,Electronics,1,3146.26,10.0,3146.26,314.63,201.01,87.22,1900,False,0,0.0,2831.63,643.4,22.72,UPI,Delivered
ORD02262,2025-12-12,C0270,Consumer,South,Chennai,Website,P009,Office Backpack,Accessories,4,1907.78,5.0,7631.12,381.56,178.21,238.91,4000,False,0,0.0,7249.56,2832.44,39.07,UPI,Delivered
ORD02263,2024-04-22,C0485,Consumer,South,Chennai,Website,P008,Fitness Band,Sports,2,1969.57,0.0,3939.14,0.0,137.65,115.92,2400,False,0,0.0,3939.14,1285.57,32.64,Credit Card,Delivered
ORD02264,2024-06-02,C0466,Consumer,West,Ahmedabad,Mobile App,P018,Premium Pen Set,Stationery,3,946.81,5.0,2840.43,142.02,60.14,64.76,1200,False,0,0.0,2698.41,1373.51,50.9,Debit Card,Delivered
ORD02265,2024-02-18,C0376,Consumer,East,Kolkata,Website,P016,Desk Lamp,Home & Kitchen,4,1492.85,5.0,5971.4,298.57,108.87,173.59,3000,False,0,0.0,5672.83,2390.37,42.14,Credit Card,Delivered
ORD02266,2025-11-22,C0033,Consumer,West,Pune,Mobile App,P017,Notebook Set,Stationery,1,640.22,15.0,640.22,96.03,214.85,15.61,260,False,0,0.0,544.19,53.73,9.87,UPI,Delivered
ORD02267,2024-04-21,C0355,Consumer,South,Hyderabad,Mobile App,P007,Yoga Mat,Sports,2,1187.54,5.0,2375.08,118.75,235.64,56.59,1300,False,0,0.0,2256.33,664.1,29.43,COD,Delivered
ORD02268,2024-08-11,C0571,Consumer,East,Bhubaneswar,Mobile App,P008,Fitness Band,Sports,3,2245.09,15.0,6735.27,1010.29,49.51,123.83,3600,False,0,0.0,5724.98,1951.64,34.09,Debit Card,Delivered
ORD02269,2024-03-16,C0440,Consumer,South,Chennai,Website,P010,Travel Bag,Accessories,1,2780.07,0.0,2780.07,0.0,195.54,89.91,1450,False,0,0.0,2780.07,1044.62,37.58,UPI,Delivered
ORD02270,2024-11-01,C0014,Consumer,North,Jaipur,Website,P004,Laptop Stand,Electronics,3,1462.04,10.0,4386.12,438.61,179.63,99.16,2550,True,1,1315.84,2631.67,-197.12,-7.49,Debit Card,Returned
ORD02271,2025-12-07,C0270,Consumer,South,Hyderabad,Website,P006,Running Shoes,Sports,1,3728.21,10.0,3728.21,372.82,129.42,80.31,2100,False,0,0.0,3355.39,1045.66,31.16,Net Banking,Delivered
ORD02272,2025-01-01,C0315,Corporate,East,Ranchi,Marketplace,P017,Notebook Set,Stationery,1,619.79,10.0,619.79,61.98,42.84,14.22,260,True,1,557.81,0.0,-317.06,0.0,COD,Returned
ORD02273,2025-07-08,C0365,Home Office,West,Pune,Mobile App,P017,Notebook Set,Stationery,1,635.35,5.0,635.35,31.77,164.51,9.85,260,False,0,0.0,603.58,169.22,28.04,UPI,Delivered
ORD02274,2025-11-17,C0111,Consumer,West,Ahmedabad,Website,P009,Office Backpack,Accessories,1,1688.97,10.0,1688.97,168.9,214.52,33.3,1000,False,0,0.0,1520.07,272.25,17.91,COD,Delivered
ORD02275,2024-03-15,C0135,Home Office,North,Jaipur,Website,P001,Wireless Headphones,Electronics,1,1892.24,0.0,1892.24,0.0,159.12,58.28,1050,False,0,0.0,1892.24,624.84,33.02,UPI,Delivered
ORD02276,2024-09-26,C0137,Consumer,North,Delhi,Mobile App,P003,Bluetooth Speaker,Electronics,2,2064.27,10.0,4128.54,412.85,179.06,116.54,2600,False,0,0.0,3715.69,820.09,22.07,Net Banking,Delivered
ORD02277,2025-09-28,C0243,Home Office,North,Chandigarh,Website,P005,Mechanical Keyboard,Electronics,1,2836.63,0.0,2836.63,0.0,164.82,78.21,1650,False,0,0.0,2836.63,943.6,33.26,UPI,Delivered
ORD02278,2025-08-28,C0037,Consumer,North,Lucknow,Mobile App,P020,Study Table Organizer,Stationery,4,973.32,15.0,3893.28,583.99,53.89,72.61,1800,False,0,0.0,3309.29,1382.79,41.79,UPI,Delivered
ORD02279,2024-04-11,C0040,Consumer,West,Mumbai,Mobile App,P007,Yoga Mat,Sports,2,1202.41,10.0,2404.82,240.48,188.03,36.58,1300,False,0,0.0,2164.34,639.73,29.56,UPI,Delivered
ORD02280,2025-05-15,C0164,Consumer,North,Chandigarh,Marketplace,P007,Yoga Mat,Sports,1,1170.3,10.0,1170.3,117.03,107.23,21.1,650,False,0,0.0,1053.27,274.94,26.1,UPI,Delivered
ORD02281,2024-08-11,C0551,Consumer,North,Delhi,Website,P020,Study Table Organizer,Stationery,1,1042.11,10.0,1042.11,104.21,75.93,27.17,450,False,0,0.0,937.9,384.8,41.03,Debit Card,Delivered
ORD02282,2024-03-14,C0075,Corporate,South,Hyderabad,Website,P004,Laptop Stand,Electronics,4,1595.34,5.0,6381.36,319.07,67.91,173.13,3400,False,0,0.0,6062.29,2421.25,39.94,UPI,Delivered
ORD02283,2025-01-14,C0255,Consumer,North,Delhi,Mobile App,P008,Fitness Band,Sports,4,2004.45,10.0,8017.8,801.78,148.51,247.32,4800,False,0,0.0,7216.02,2020.19,28.0,Debit Card,Delivered
ORD02284,2025-07-18,C0498,Consumer,North,Delhi,Website,P006,Running Shoes,Sports,5,3577.34,5.0,17886.7,894.34,60.15,379.58,10500,False,0,0.0,16992.36,6052.63,35.62,UPI,Delivered
ORD02285,2024-08-23,C0398,Consumer,East,Ranchi,Mobile App,P017,Notebook Set,Stationery,2,585.94,5.0,1171.88,58.59,242.29,29.98,520,False,0,0.0,1113.29,321.02,28.84,UPI,Delivered
ORD02286,2025-10-29,C0183,Home Office,North,Chandigarh,Website,P010,Travel Bag,Accessories,2,2434.15,5.0,4868.3,243.42,77.07,91.1,2900,False,0,0.0,4624.88,1556.71,33.66,UPI,Delivered
ORD02287,2024-03-24,C0045,Consumer,West,Pune,Website,P002,Smart Watch,Electronics,4,3093.52,10.0,12374.08,1237.41,132.55,334.45,7600,False,0,0.0,11136.67,3069.67,27.56,UPI,Delivered
ORD02288,2024-02-12,C0004,Consumer,South,Hyderabad,Marketplace,P012,Sunglasses,Accessories,1,1713.02,20.0,1713.02,342.6,160.24,28.45,850,False,0,0.0,1370.42,331.73,24.21,UPI,Delivered
ORD02289,2024-12-13,C0223,Consumer,South,Chennai,Marketplace,P003,Bluetooth Speaker,Electronics,2,2163.26,15.0,4326.52,648.98,110.24,127.27,2600,False,0,0.0,3677.54,840.03,22.84,Credit Card,Delivered
ORD02290,2024-09-02,C0353,Corporate,South,Hyderabad,Mobile App,P003,Bluetooth Speaker,Electronics,2,2092.96,5.0,4185.92,209.3,228.33,59.91,2600,False,0,0.0,3976.62,1088.38,27.37,Credit Card,Delivered
ORD02291,2024-03-03,C0015,Consumer,West,Ahmedabad,Mobile App,P007,Yoga Mat,Sports,2,1135.7,0.0,2271.4,0.0,215.99,75.93,1300,False,0,0.0,2271.4,679.48,29.91,Net Banking,Delivered
ORD02292,2024-08-15,C0069,Consumer,West,Mumbai,Marketplace,P010,Travel Bag,Accessories,1,2454.81,20.0,2454.81,490.96,84.58,38.28,1450,False,0,0.0,1963.85,390.99,19.91,Credit Card,Delivered
ORD02293,2025-10-10,C0553,Consumer,North,Chandigarh,Marketplace,P002,Smart Watch,Electronics,3,2955.9,20.0,8867.7,1773.54,182.33,237.87,5700,False,0,0.0,7094.16,973.96,13.73,Credit Card,Delivered
ORD02294,2025-10-03,C0074,Corporate,South,Kochi,Marketplace,P015,Electric Kettle,Home & Kitchen,1,1685.34,15.0,1685.34,252.8,177.4,41.0,1050,False,0,0.0,1432.54,164.14,11.46,UPI,Cancelled
ORD02295,2025-02-02,C0498,Consumer,North,Jaipur,Marketplace,P009,Office Backpack,Accessories,2,1757.85,5.0,3515.7,175.78,104.97,87.67,2000,False,0,0.0,3339.92,1147.28,34.35,UPI,Delivered
ORD02296,2024-08-14,C0500,Home Office,North,Jaipur,Website,P007,Yoga Mat,Sports,1,1114.8,15.0,1114.8,167.22,41.15,16.86,650,False,0,0.0,947.58,239.57,25.28,Debit Card,Delivered
ORD02297,2024-05-02,C0537,Corporate,South,Hyderabad,Website,P004,Laptop Stand,Electronics,1,1496.07,5.0,1496.07,74.8,137.37,43.5,850,False,0,0.0,1421.27,390.4,27.47,Net Banking,Delivered
ORD02298,2024-11-15,C0024,Consumer,North,Chandigarh,Mobile App,P002,Smart Watch,Electronics,1,3084.26,0.0,3084.26,0.0,173.0,87.23,1900,True,1,3084.26,0.0,-2160.23,0.0,Debit Card,Returned
ORD02299,2025-12-06,C0569,Home Office,West,Pune,Marketplace,P015,Electric Kettle,Home & Kitchen,3,1775.4,5.0,5326.2,266.31,126.05,91.58,3150,False,0,0.0,5059.89,1692.26,33.44,UPI,Delivered
ORD02300,2025-05-24,C0599,Consumer,South,Bengaluru,Marketplace,P010,Travel Bag,Accessories,1,2719.01,10.0,2719.01,271.9,46.83,61.08,1450,False,0,0.0,2447.11,889.2,36.34,UPI,Delivered
ORD02301,2024-06-08,C0035,Home Office,West,Ahmedabad,Mobile App,P016,Desk Lamp,Home & Kitchen,1,1368.98,15.0,1368.98,205.35,123.41,20.54,750,False,0,0.0,1163.63,269.68,23.18,Net Banking,Delivered
ORD02302,2025-05-29,C0342,Consumer,West,Pune,Marketplace,P016,Desk Lamp,Home & Kitchen,1,1378.71,15.0,1378.71,206.81,89.97,34.03,750,False,0,0.0,1171.9,297.9,25.42,Net Banking,Delivered
ORD02303,2025-04-18,C0189,Consumer,West,Mumbai,Website,P018,Premium Pen Set,Stationery,2,964.35,10.0,1928.7,192.87,128.61,59.57,800,True,2,1735.83,0.0,-988.18,0.0,UPI,Returned
ORD02304,2025-06-19,C0056,Home Office,East,Bhubaneswar,Mobile App,P007,Yoga Mat,Sports,2,1225.49,15.0,2450.98,367.65,89.9,60.32,1300,False,0,0.0,2083.33,633.11,30.39,UPI,Delivered
ORD02305,2024-11-01,C0374,Corporate,West,Mumbai,Marketplace,P005,Mechanical Keyboard,Electronics,2,2721.08,20.0,5442.16,1088.43,133.86,81.8,3300,True,1,2176.86,2176.87,-1338.79,-61.5,Debit Card,Returned
ORD02306,2025-11-02,C0292,Consumer,South,Bengaluru,Website,P010,Travel Bag,Accessories,5,2685.3,5.0,13426.5,671.32,143.78,375.72,7250,False,0,0.0,12755.18,4985.68,39.09,COD,Delivered
ORD02307,2025-06-02,C0416,Consumer,West,Pune,Website,P018,Premium Pen Set,Stationery,1,939.38,10.0,939.38,93.94,98.18,24.97,400,False,0,0.0,845.44,322.29,38.12,UPI,Delivered
ORD02308,2025-06-26,C0567,Consumer,West,Pune,Mobile App,P004,Laptop Stand,Electronics,3,1406.89,10.0,4220.67,422.07,51.24,121.58,2550,False,0,0.0,3798.6,1075.78,28.32,UPI,Delivered
ORD02309,2025-03-31,C0392,Consumer,West,Surat,Marketplace,P002,Smart Watch,Electronics,3,2947.95,5.0,8843.85,442.19,149.34,128.73,5700,False,0,0.0,8401.66,2423.59,28.85,UPI,Delivered
ORD02310,2025-07-28,C0102,Corporate,South,Chennai,Mobile App,P001,Wireless Headphones,Electronics,1,1811.68,0.0,1811.68,0.0,175.14,47.68,1050,False,0,0.0,1811.68,538.86,29.74,Credit Card,Delivered
ORD02311,2025-05-20,C0325,Home Office,West,Pune,Mobile App,P011,Leather Wallet,Accessories,1,1180.83,10.0,1180.83,118.08,244.95,30.91,550,False,0,0.0,1062.75,236.89,22.29,UPI,Delivered
ORD02312,2025-07-20,C0127,Corporate,East,Patna,Mobile App,P007,Yoga Mat,Sports,4,1204.1,0.0,4816.4,0.0,143.81,132.62,2600,False,0,0.0,4816.4,1939.97,40.28,UPI,Delivered
ORD02313,2024-12-07,C0020,Consumer,North,Jaipur,Website,P007,Yoga Mat,Sports,3,1232.81,10.0,3698.43,369.84,165.9,84.52,1950,False,0,0.0,3328.59,1128.17,33.89,Debit Card,Delivered
ORD02314,2024-04-07,C0052,Corporate,South,Hyderabad,Marketplace,P005,Mechanical Keyboard,Electronics,1,2996.64,10.0,2996.64,299.66,213.62,51.71,1650,False,0,0.0,2696.98,781.65,28.98,Credit Card,Delivered
ORD02315,2024-06-29,C0367,Home Office,South,Chennai,Website,P020,Study Table Organizer,Stationery,2,994.15,10.0,1988.3,198.83,202.76,37.83,900,False,0,0.0,1789.47,648.88,36.26,Debit Card,Delivered
ORD02316,2025-12-14,C0087,Corporate,West,Mumbai,Mobile App,P008,Fitness Band,Sports,1,2241.23,5.0,2241.23,112.06,77.47,32.23,1200,False,0,0.0,2129.17,819.47,38.49,UPI,Delivered
ORD02317,2025-05-30,C0514,Home Office,South,Bengaluru,Website,P002,Smart Watch,Electronics,1,3325.52,0.0,3325.52,0.0,159.12,112.13,1900,False,0,0.0,3325.52,1154.27,34.71,Debit Card,Delivered
ORD02318,2024-08-27,C0150,Consumer,West,Mumbai,Mobile App,P002,Smart Watch,Electronics,2,3002.12,10.0,6004.24,600.42,119.03,169.43,3800,False,0,0.0,5403.82,1315.36,24.34,UPI,Delivered
ORD02319,2025-06-14,C0457,Consumer,West,Mumbai,Website,P003,Bluetooth Speaker,Electronics,1,2257.66,5.0,2257.66,112.88,186.23,44.32,1300,False,0,0.0,2144.78,614.23,28.64,Credit Card,Delivered
ORD02320,2025-07-12,C0226,Consumer,South,Kochi,Mobile App,P003,Bluetooth Speaker,Electronics,3,2052.9,5.0,6158.7,307.94,71.4,137.94,3900,True,1,1950.26,3900.5,-208.84,-5.35,UPI,Returned
ORD02321,2025-11-30,C0050,Consumer,North,Lucknow,Mobile App,P007,Yoga Mat,Sports,5,1223.84,0.0,6119.2,0.0,190.57,91.94,3250,True,1,1223.84,4895.36,1362.85,27.84,Debit Card,Returned
ORD02322,2025-06-21,C0040,Consumer,North,Lucknow,Mobile App,P015,Electric Kettle,Home & Kitchen,1,1789.88,10.0,1789.88,178.99,143.68,46.4,1050,False,0,0.0,1610.89,370.81,23.02,UPI,Delivered
ORD02323,2025-12-29,C0350,Corporate,North,Lucknow,Mobile App,P002,Smart Watch,Electronics,1,2971.75,5.0,2971.75,148.59,193.84,51.72,1900,False,0,0.0,2823.16,677.6,24.0,Credit Card,Delivered
ORD02324,2025-11-05,C0263,Consumer,South,Kochi,Website,P012,Sunglasses,Accessories,2,1590.6,15.0,3181.2,477.18,188.1,86.13,1700,False,0,0.0,2704.02,729.79,26.99,UPI,Delivered
ORD02325,2025-09-04,C0593,Consumer,North,Lucknow,Website,P013,Coffee Maker,Home & Kitchen,3,4518.67,0.0,13556.01,0.0,112.1,406.38,7650,False,0,0.0,13556.01,5387.53,39.74,Credit Card,Delivered
ORD02326,2024-04-16,C0597,Corporate,South,Chennai,Website,P006,Running Shoes,Sports,3,3530.75,10.0,10592.25,1059.22,175.86,179.04,6300,False,0,0.0,9533.03,2878.13,30.19,UPI,Delivered
ORD02327,2025-11-10,C0261,Consumer,North,Jaipur,Website,P001,Wireless Headphones,Electronics,4,1791.4,0.0,7165.6,0.0,86.82,210.03,4200,False,0,0.0,7165.6,2668.75,37.24,Debit Card,Delivered
ORD02328,2025-06-06,C0240,Consumer,North,Jaipur,Mobile App,P017,Notebook Set,Stationery,4,620.01,10.0,2480.04,248.0,132.34,45.11,1040,False,0,0.0,2232.04,1014.59,45.46,Credit Card,Delivered
ORD02329,2025-01-18,C0312,Consumer,East,Kolkata,Marketplace,P019,Planner,Stationery,2,776.38,20.0,1552.76,310.55,207.61,35.89,640,False,0,0.0,1242.21,358.71,28.88,UPI,Delivered
ORD02330,2025-03-03,C0286,Consumer,West,Ahmedabad,Marketplace,P015,Electric Kettle,Home & Kitchen,3,1802.03,5.0,5406.09,270.3,225.9,85.42,3150,True,2,3423.86,1711.93,-1749.39,-102.19,COD,Returned
ORD02331,2025-09-11,C0084,Consumer,South,Kochi,Website,P020,Study Table Organizer,Stationery,2,958.73,5.0,1917.46,95.87,138.68,30.81,900,False,0,0.0,1821.59,752.1,41.29,Net Banking,Delivered
ORD02332,2024-11-06,C0089,Home Office,South,Chennai,Website,P017,Notebook Set,Stationery,2,553.75,5.0,1107.5,55.38,49.0,30.29,520,False,0,0.0,1052.12,452.83,43.04,Debit Card,Delivered
ORD02333,2025-11-03,C0581,Consumer,East,Patna,Mobile App,P004,Laptop Stand,Electronics,1,1592.12,5.0,1592.12,79.61,189.99,44.33,850,False,0,0.0,1512.51,428.19,28.31,UPI,Delivered
ORD02334,2025-06-03,C0531,Corporate,West,Ahmedabad,Mobile App,P012,Sunglasses,Accessories,3,1539.57,5.0,4618.71,230.94,167.51,103.52,2550,False,0,0.0,4387.77,1566.74,35.71,Debit Card,Delivered
ORD02335,2024-10-13,C0152,Consumer,South,Hyderabad,Website,P018,Premium Pen Set,Stationery,2,888.52,0.0,1777.04,0.0,55.89,47.02,800,False,0,0.0,1777.04,874.13,49.19,Debit Card,Delivered
ORD02336,2024-12-30,C0516,Consumer,West,Pune,Website,P004,Laptop Stand,Electronics,1,1415.78,5.0,1415.78,70.79,238.5,44.36,850,False,0,0.0,1344.99,212.13,15.77,Credit Card,Delivered
ORD02337,2025-11-28,C0411,Consumer,East,Ranchi,Marketplace,P009,Office Backpack,Accessories,1,1883.83,10.0,1883.83,188.38,61.9,45.77,1000,False,0,0.0,1695.45,587.78,34.67,UPI,Delivered
ORD02338,2024-05-08,C0082,Corporate,North,Chandigarh,Website,P017,Notebook Set,Stationery,1,577.13,5.0,577.13,28.86,177.62,16.64,260,False,0,0.0,548.27,94.01,17.15,UPI,Delivered
ORD02339,2025-02-27,C0231,Corporate,East,Ranchi,Marketplace,P001,Wireless Headphones,Electronics,2,1700.63,15.0,3401.26,510.19,150.16,63.99,2100,False,0,0.0,2891.07,576.92,19.96,UPI,Delivered
ORD02340,2024-12-05,C0209,Consumer,West,Surat,Mobile App,P009,Office Backpack,Accessories,2,1759.13,10.0,3518.26,351.83,211.67,100.21,2000,False,0,0.0,3166.43,854.55,26.99,UPI,Delivered
ORD02341,2024-11-27,C0048,Consumer,North,Delhi,Mobile App,P012,Sunglasses,Accessories,1,1551.49,10.0,1551.49,155.15,141.32,33.98,850,False,0,0.0,1396.34,371.04,26.57,Credit Card,Delivered
ORD02342,2024-07-03,C0432,Corporate,South,Kochi,Marketplace,P015,Electric Kettle,Home & Kitchen,2,1872.94,15.0,3745.88,561.88,55.75,80.26,2100,False,0,0.0,3184.0,947.99,29.77,Debit Card,Delivered
ORD02343,2024-03-31,C0340,Consumer,North,Lucknow,Mobile App,P006,Running Shoes,Sports,4,3670.92,5.0,14683.68,734.18,224.49,373.17,8400,False,0,0.0,13949.5,4951.84,35.5,COD,Delivered
ORD02344,2024-08-22,C0580,Consumer,East,Bhubaneswar,Website,P018,Premium Pen Set,Stationery,1,943.05,10.0,943.05,94.3,246.88,19.51,400,False,0,0.0,848.75,182.36,21.49,Debit Card,Delivered
ORD02345,2024-01-19,C0030,Consumer,South,Bengaluru,Marketplace,P010,Travel Bag,Accessories,1,2505.53,20.0,2505.53,501.11,183.66,31.11,1450,False,0,0.0,2004.42,339.65,16.95,UPI,Delivered
ORD02346,2024-03-01,C0479,Home Office,East,Kolkata,Marketplace,P002,Smart Watch,Electronics,1,3146.09,0.0,3146.09,0.0,239.83,83.82,1900,False,0,0.0,3146.09,922.44,29.32,Credit Card,Delivered
ORD02347,2025-05-13,C0360,Consumer,East,Ranchi,Website,P018,Premium Pen Set,Stationery,1,882.11,0.0,882.11,0.0,71.87,14.25,400,False,0,0.0,882.11,395.99,44.89,Credit Card,Delivered
ORD02348,2025-10-21,C0335,Consumer,North,Delhi,Website,P014,Air Fryer,Home & Kitchen,3,5536.55,5.0,16609.65,830.48,88.79,414.0,10500,False,0,0.0,15779.17,4776.38,30.27,Debit Card,Delivered
ORD02349,2025-10-05,C0430,Consumer,North,Delhi,Website,P017,Notebook Set,Stationery,2,611.43,5.0,1222.86,61.14,152.91,32.48,520,False,0,0.0,1161.72,456.33,39.28,Credit Card,Delivered
ORD02350,2024-05-04,C0549,Consumer,West,Surat,Mobile App,P013,Coffee Maker,Home & Kitchen,1,4451.03,10.0,4451.03,445.1,91.88,79.17,2550,False,0,0.0,4005.93,1284.88,32.07,Credit Card,Delivered
ORD02351,2024-11-03,C0147,Consumer,North,Delhi,Mobile App,P003,Bluetooth Speaker,Electronics,2,2276.47,10.0,4552.94,455.29,233.41,135.27,2600,False,0,0.0,4097.65,1128.97,27.55,UPI,Delivered
ORD02352,2025-09-10,C0525,Corporate,South,Chennai,Website,P002,Smart Watch,Electronics,1,3188.86,5.0,3188.86,159.44,223.3,49.73,1900,False,0,0.0,3029.42,856.39,28.27,Debit Card,Cancelled
ORD02353,2025-11-18,C0015,Consumer,South,Kochi,Marketplace,P009,Office Backpack,Accessories,2,1866.47,15.0,3732.94,559.94,171.46,79.28,2000,False,0,0.0,3173.0,922.26,29.07,Debit Card,Delivered
ORD02354,2024-03-21,C0381,Consumer,North,Chandigarh,Website,P012,Sunglasses,Accessories,3,1677.95,0.0,5033.85,0.0,217.42,83.29,2550,False,0,0.0,5033.85,2183.14,43.37,UPI,Delivered
ORD02355,2024-04-14,C0221,Corporate,North,Delhi,Mobile App,P010,Travel Bag,Accessories,1,2760.53,0.0,2760.53,0.0,109.96,85.02,1450,False,0,0.0,2760.53,1115.55,40.41,Net Banking,Delivered
ORD02356,2025-02-26,C0289,Consumer,South,Hyderabad,Website,P013,Coffee Maker,Home & Kitchen,3,4500.4,10.0,13501.2,1350.12,85.51,268.41,7650,False,0,0.0,12151.08,4147.16,34.13,Credit Card,Delivered
ORD02357,2025-09-25,C0504,Corporate,West,Mumbai,Mobile App,P005,Mechanical Keyboard,Electronics,2,2661.17,5.0,5322.34,266.12,113.11,155.09,3300,False,0,0.0,5056.22,1488.02,29.43,Credit Card,Delivered
ORD02358,2025-07-09,C0482,Corporate,West,Ahmedabad,Marketplace,P013,Coffee Maker,Home & Kitchen,1,4287.92,10.0,4287.92,428.79,218.95,73.47,2550,False,0,0.0,3859.13,1016.71,26.35,UPI,Delivered
ORD02359,2024-02-14,C0458,Consumer,East,Ranchi,Marketplace,P020,Study Table Organizer,Stationery,1,961.14,15.0,961.14,144.17,186.53,25.23,450,False,0,0.0,816.97,155.21,19.0,UPI,Cancelled
ORD02360,2025-08-18,C0465,Home Office,West,Ahmedabad,Website,P008,Fitness Band,Sports,1,2118.56,5.0,2118.56,105.93,44.29,54.32,1200,False,0,0.0,2012.63,714.02,35.48,Debit Card,Delivered
ORD02361,2024-07-19,C0478,Consumer,West,Pune,Mobile App,P003,Bluetooth Speaker,Electronics,3,2048.16,5.0,6144.48,307.22,207.22,168.36,3900,False,0,0.0,5837.26,1561.68,26.75,UPI,Delivered
ORD02362,2024-04-06,C0472,Home Office,East,Kolkata,Mobile App,P003,Bluetooth Speaker,Electronics,2,2092.87,5.0,4185.74,209.29,113.29,128.87,2600,False,0,0.0,3976.45,1134.29,28.53,Credit Card,Delivered
ORD02363,2025-03-16,C0580,Consumer,South,Chennai,Marketplace,P010,Travel Bag,Accessories,3,2667.67,10.0,8003.01,800.3,199.43,192.44,4350,False,0,0.0,7202.71,2460.84,34.17,UPI,Delivered
ORD02364,2025-10-23,C0433,Consumer,West,Mumbai,Mobile App,P020,Study Table Organizer,Stationery,1,988.39,0.0,988.39,0.0,101.3,33.26,450,False,0,0.0,988.39,403.83,40.86,Credit Card,Delivered
ORD02365,2025-04-16,C0255,Consumer,West,Mumbai,Website,P015,Electric Kettle,Home & Kitchen,1,1747.1,0.0,1747.1,0.0,225.97,36.54,1050,False,0,0.0,1747.1,434.59,24.87,Debit Card,Delivered
ORD02366,2025-01-09,C0431,Consumer,West,Ahmedabad,Website,P018,Premium Pen Set,Stationery,5,840.91,0.0,4204.55,0.0,226.32,140.68,2000,False,0,0.0,4204.55,1837.55,43.7,Credit Card,Delivered
ORD02367,2025-07-12,C0188,Consumer,West,Mumbai,Website,P011,Leather Wallet,Accessories,5,1014.85,5.0,5074.25,253.71,168.58,126.7,2750,False,0,0.0,4820.54,1775.26,36.83,COD,Delivered
ORD02368,2025-04-04,C0485,Consumer,North,Lucknow,Website,P016,Desk Lamp,Home & Kitchen,2,1432.45,10.0,2864.9,286.49,241.04,73.77,1500,False,0,0.0,2578.41,763.6,29.62,Debit Card,Delivered
ORD02369,2024-06-03,C0092,Corporate,West,Ahmedabad,Website,P014,Air Fryer,Home & Kitchen,4,5442.61,0.0,21770.44,0.0,109.29,555.4,14000,False,0,0.0,21770.44,7105.75,32.64,Debit Card,Delivered
ORD02370,2024-06-11,C0530,Home Office,East,Bhubaneswar,Website,P010,Travel Bag,Accessories,2,2602.09,0.0,5204.18,0.0,72.46,159.28,2900,False,0,0.0,5204.18,2072.44,39.82,UPI,Delivered
ORD02371,2025-12-01,C0508,Corporate,North,Jaipur,Mobile App,P009,Office Backpack,Accessories,1,1677.73,5.0,1677.73,83.89,134.78,40.65,1000,False,0,0.0,1593.84,418.41,26.25,COD,Delivered
ORD02372,2024-12-05,C0140,Home Office,West,Pune,Website,P003,Bluetooth Speaker,Electronics,1,2060.25,0.0,2060.25,0.0,72.85,37.96,1300,False,0,0.0,2060.25,649.44,31.52,UPI,Delivered
ORD02373,2024-01-19,C0217,Consumer,South,Chennai,Mobile App,P016,Desk Lamp,Home & Kitchen,2,1410.06,10.0,2820.12,282.01,207.95,73.92,1500,True,2,2538.11,0.0,-1781.87,0.0,UPI,Returned
ORD02374,2025-06-27,C0391,Home Office,South,Kochi,Mobile App,P013,Coffee Maker,Home & Kitchen,1,4118.53,10.0,4118.53,411.85,135.95,68.41,2550,False,0,0.0,3706.68,952.32,25.69,COD,Delivered
ORD02375,2025-06-11,C0584,Consumer,North,Lucknow,Marketplace,P001,Wireless Headphones,Electronics,1,1664.45,10.0,1664.45,166.44,70.8,50.01,1050,False,0,0.0,1498.01,327.2,21.84,UPI,Delivered
ORD02376,2025-11-23,C0414,Consumer,West,Pune,Mobile App,P004,Laptop Stand,Electronics,2,1513.44,5.0,3026.88,151.34,80.32,89.51,1700,False,0,0.0,2875.54,1005.71,34.97,COD,Delivered
ORD02377,2024-04-29,C0370,Consumer,South,Hyderabad,Website,P004,Laptop Stand,Electronics,6,1401.74,0.0,8410.44,0.0,110.92,140.43,5100,True,6,8410.44,0.0,-5351.35,0.0,Credit Card,Returned
ORD02378,2025-11-03,C0328,Consumer,West,Ahmedabad,Marketplace,P008,Fitness Band,Sports,1,2110.67,5.0,2110.67,105.53,100.86,55.45,1200,False,0,0.0,2005.14,648.83,32.36,Credit Card,Cancelled
ORD02379,2025-06-04,C0217,Consumer,South,Hyderabad,Website,P019,Planner,Stationery,2,722.19,5.0,1444.38,72.22,113.25,38.39,640,False,0,0.0,1372.16,580.52,42.31,UPI,Delivered
ORD02380,2024-07-17,C0226,Consumer,West,Pune,Marketplace,P010,Travel Bag,Accessories,3,2593.3,5.0,7779.9,389.0,178.54,148.44,4350,False,0,0.0,7390.9,2713.92,36.72,COD,Delivered
ORD02381,2025-01-28,C0254,Consumer,East,Kolkata,Marketplace,P019,Planner,Stationery,4,718.62,10.0,2874.48,287.45,200.22,52.18,1280,False,0,0.0,2587.03,1054.63,40.77,UPI,Delivered
ORD02382,2024-01-26,C0391,Home Office,North,Chandigarh,Website,P013,Coffee Maker,Home & Kitchen,1,3928.68,10.0,3928.68,392.87,193.68,61.32,2550,True,1,3535.81,0.0,-2805.0,0.0,Debit Card,Returned
ORD02383,2024-04-24,C0203,Consumer,West,Ahmedabad,Marketplace,P012,Sunglasses,Accessories,2,1698.33,15.0,3396.66,509.5,61.95,72.57,1700,False,0,0.0,2887.16,1052.64,36.46,Net Banking,Delivered
ORD02384,2025-08-27,C0411,Consumer,North,Jaipur,Mobile App,P011,Leather Wallet,Accessories,5,1050.48,5.0,5252.4,262.62,112.94,96.18,2750,False,0,0.0,4989.78,2030.66,40.7,COD,Delivered
ORD02385,2024-11-06,C0057,Consumer,West,Ahmedabad,Website,P011,Leather Wallet,Accessories,3,1089.61,0.0,3268.83,0.0,110.24,59.54,1650,False,0,0.0,3268.83,1449.05,44.33,UPI,Delivered
ORD02386,2024-02-27,C0142,Consumer,South,Chennai,Mobile App,P003,Bluetooth Speaker,Electronics,1,2338.16,10.0,2338.16,233.82,52.95,71.39,1300,False,0,0.0,2104.34,680.0,32.31,Credit Card,Delivered
ORD02387,2025-04-29,C0587,Consumer,East,Patna,Marketplace,P004,Laptop Stand,Electronics,3,1494.26,0.0,4482.78,0.0,133.35,69.94,2550,False,0,0.0,4482.78,1729.49,38.58,COD,Delivered
ORD02388,2024-03-30,C0562,Consumer,West,Pune,Mobile App,P003,Bluetooth Speaker,Electronics,1,2331.6,10.0,2331.6,233.16,84.15,46.93,1300,False,0,0.0,2098.44,667.36,31.8,UPI,Delivered
ORD02389,2025-02-09,C0444,Consumer,East,Bhubaneswar,Marketplace,P018,Premium Pen Set,Stationery,1,882.5,15.0,882.5,132.38,175.27,24.66,400,True,1,750.12,0.0,-599.93,0.0,Credit Card,Returned
ORD02390,2024-01-29,C0588,Consumer,South,Hyderabad,Mobile App,P006,Running Shoes,Sports,1,3557.3,10.0,3557.3,355.73,196.81,103.96,2100,False,0,0.0,3201.57,800.8,25.01,UPI,Delivered
ORD02391,2025-08-29,C0264,Consumer,North,Chandigarh,Website,P002,Smart Watch,Electronics,2,3152.65,0.0,6305.3,0.0,211.25,136.49,3800,False,0,0.0,6305.3,2157.56,34.22,UPI,Delivered
ORD02392,2024-11-22,C0278,Corporate,West,Pune,Marketplace,P011,Leather Wallet,Accessories,1,1037.09,15.0,1037.09,155.56,151.4,23.82,550,False,0,0.0,881.53,156.31,17.73,UPI,Delivered
ORD02393,2025-09-24,C0325,Home Office,West,Mumbai,Website,P006,Running Shoes,Sports,2,3404.35,5.0,6808.7,340.44,189.6,101.08,4200,False,0,0.0,6468.26,1977.58,30.57,COD,Delivered
ORD02394,2024-04-17,C0226,Consumer,South,Bengaluru,Website,P007,Yoga Mat,Sports,2,1214.31,5.0,2428.62,121.43,53.36,37.17,1300,False,0,0.0,2307.19,916.66,39.73,Debit Card,Delivered
ORD02395,2025-02-13,C0222,Consumer,South,Chennai,Website,P010,Travel Bag,Accessories,3,2477.54,10.0,7432.62,743.26,175.91,177.26,4350,False,0,0.0,6689.36,1986.19,29.69,Credit Card,Delivered
ORD02396,2024-08-02,C0138,Corporate,West,Surat,Website,P013,Coffee Maker,Home & Kitchen,6,4166.93,10.0,25001.58,2500.16,85.29,463.63,15300,False,0,0.0,22501.42,6652.5,29.56,Debit Card,Delivered
ORD02397,2024-11-27,C0336,Consumer,South,Chennai,Website,P012,Sunglasses,Accessories,1,1685.62,0.0,1685.62,0.0,51.82,33.05,850,True,1,1685.62,0.0,-934.87,0.0,Credit Card,Returned
ORD02398,2024-12-03,C0072,Consumer,South,Chennai,Website,P012,Sunglasses,Accessories,3,1645.95,0.0,4937.85,0.0,81.92,161.29,2550,True,2,3291.9,1645.95,-1147.26,-69.7,Credit Card,Returned
ORD02399,2025-10-13,C0531,Corporate,East,Kolkata,Mobile App,P017,Notebook Set,Stationery,5,561.19,10.0,2805.95,280.6,186.09,50.67,1300,False,0,0.0,2525.35,988.59,39.15,COD,Delivered
ORD02400,2025-03-22,C0139,Consumer,West,Surat,Website,P001,Wireless Headphones,Electronics,2,1761.73,5.0,3523.46,176.17,159.71,88.5,2100,False,0,0.0,3347.29,999.08,29.85,UPI,Delivered
ORD02401,2024-05-16,C0441,Consumer,North,Chandigarh,Website,P014,Air Fryer,Home & Kitchen,1,6004.9,10.0,6004.9,600.49,197.64,187.44,3500,False,0,0.0,5404.41,1519.33,28.11,Credit Card,Delivered
ORD02402,2025-03-09,C0166,Corporate,East,Kolkata,Mobile App,P005,Mechanical Keyboard,Electronics,1,2919.16,10.0,2919.16,291.92,225.41,72.89,1650,False,0,0.0,2627.24,678.94,25.84,Credit Card,Delivered
ORD02403,2025-03-04,C0142,Consumer,North,Chandigarh,Mobile App,P014,Air Fryer,Home & Kitchen,4,5999.74,5.0,23998.96,1199.95,249.93,405.7,14000,False,0,0.0,22799.01,8143.38,35.72,Net Banking,Delivered
ORD02404,2025-07-15,C0101,Consumer,North,Lucknow,Website,P008,Fitness Band,Sports,2,2214.36,5.0,4428.72,221.44,179.21,124.41,2400,False,0,0.0,4207.28,1503.66,35.74,UPI,Delivered
ORD02405,2025-12-11,C0030,Consumer,West,Pune,Website,P019,Planner,Stationery,2,728.42,0.0,1456.84,0.0,183.47,33.05,640,False,0,0.0,1456.84,600.32,41.21,UPI,Delivered
ORD02406,2025-02-07,C0006,Consumer,South,Kochi,Website,P011,Leather Wallet,Accessories,1,1039.49,0.0,1039.49,0.0,140.85,31.9,550,False,0,0.0,1039.49,316.74,30.47,Credit Card,Delivered
ORD02407,2025-04-19,C0398,Consumer,West,Ahmedabad,Mobile App,P003,Bluetooth Speaker,Electronics,1,2348.81,5.0,2348.81,117.44,176.96,77.34,1300,False,0,0.0,2231.37,677.07,30.34,Debit Card,Delivered
ORD02408,2025-03-09,C0509,Home Office,South,Kochi,Marketplace,P018,Premium Pen Set,Stationery,2,906.06,10.0,1812.12,181.21,54.95,33.44,800,False,0,0.0,1630.91,742.52,45.53,Credit Card,Delivered
ORD02409,2025-12-08,C0142,Consumer,West,Ahmedabad,Website,P003,Bluetooth Speaker,Electronics,3,2231.14,0.0,6693.42,0.0,49.61,166.55,3900,False,0,0.0,6693.42,2577.26,38.5,Debit Card,Delivered
ORD02410,2024-09-28,C0275,Consumer,West,Pune,Mobile App,P004,Laptop Stand,Electronics,2,1558.64,10.0,3117.28,311.73,94.12,91.78,1700,False,0,0.0,2805.55,919.65,32.78,COD,Delivered
ORD02411,2024-12-07,C0020,Consumer,North,Chandigarh,Website,P016,Desk Lamp,Home & Kitchen,1,1492.14,5.0,1492.14,74.61,68.76,40.25,750,False,0,0.0,1417.53,558.52,39.4,UPI,Delivered
ORD02412,2025-12-06,C0215,Corporate,South,Bengaluru,Marketplace,P002,Smart Watch,Electronics,6,3377.3,0.0,20263.8,0.0,173.42,402.7,11400,False,0,0.0,20263.8,8287.68,40.9,Debit Card,Delivered
ORD02413,2024-09-27,C0556,Consumer,North,Lucknow,Mobile App,P001,Wireless Headphones,Electronics,1,1881.18,0.0,1881.18,0.0,149.6,49.68,1050,False,0,0.0,1881.18,631.9,33.59,Debit Card,Delivered
ORD02414,2025-01-04,C0169,Consumer,West,Ahmedabad,Website,P011,Leather Wallet,Accessories,2,1168.32,5.0,2336.64,116.83,71.3,48.78,1100,False,0,0.0,2219.81,999.73,45.04,COD,Delivered
ORD02415,2025-09-28,C0452,Consumer,East,Bhubaneswar,Website,P007,Yoga Mat,Sports,1,1266.16,5.0,1266.16,63.31,195.66,33.68,650,False,0,0.0,1202.85,323.51,26.9,Credit Card,Cancelled
ORD02416,2024-12-14,C0446,Home Office,East,Bhubaneswar,Marketplace,P005,Mechanical Keyboard,Electronics,1,2662.16,5.0,2662.16,133.11,79.36,53.7,1650,False,0,0.0,2529.05,745.99,29.5,Credit Card,Delivered
ORD02417,2025-06-04,C0447,Home Office,East,Kolkata,Marketplace,P008,Fitness Band,Sports,5,1971.72,10.0,9858.6,985.86,59.61,171.3,6000,False,0,0.0,8872.74,2641.83,29.77,UPI,Delivered
ORD02418,2024-05-31,C0582,Home Office,South,Kochi,Website,P014,Air Fryer,Home & Kitchen,1,5347.66,0.0,5347.66,0.0,58.43,99.36,3500,False,0,0.0,5347.66,1689.87,31.6,Credit Card,Delivered
ORD02419,2025-01-27,C0177,Corporate,West,Pune,Website,P018,Premium Pen Set,Stationery,1,964.84,0.0,964.84,0.0,110.4,21.69,400,False,0,0.0,964.84,432.75,44.85,Debit Card,Delivered
ORD02420,2024-04-25,C0183,Home Office,East,Patna,Website,P018,Premium Pen Set,Stationery,1,882.05,0.0,882.05,0.0,125.88,15.35,400,False,0,0.0,882.05,340.82,38.64,Credit Card,Delivered
ORD02421,2024-11-16,C0372,Consumer,West,Ahmedabad,Website,P004,Laptop Stand,Electronics,2,1605.2,0.0,3210.4,0.0,217.41,73.23,1700,False,0,0.0,3210.4,1219.76,37.99,Debit Card,Delivered
ORD02422,2024-01-25,C0512,Consumer,East,Kolkata,Website,P009,Office Backpack,Accessories,3,1873.13,5.0,5619.39,280.97,240.78,115.15,3000,False,0,0.0,5338.42,1982.49,37.14,UPI,Delivered
ORD02423,2024-05-19,C0448,Corporate,West,Surat,Marketplace,P018,Premium Pen Set,Stationery,1,832.8,10.0,832.8,83.28,109.16,19.79,400,False,0,0.0,749.52,220.57,29.43,Credit Card,Delivered
ORD02424,2024-05-18,C0498,Consumer,East,Kolkata,Marketplace,P003,Bluetooth Speaker,Electronics,1,2114.86,0.0,2114.86,0.0,56.42,39.27,1300,False,0,0.0,2114.86,719.17,34.01,UPI,Delivered
ORD02425,2025-01-11,C0428,Home Office,South,Kochi,Mobile App,P005,Mechanical Keyboard,Electronics,2,3020.22,0.0,6040.44,0.0,63.71,202.05,3300,False,0,0.0,6040.44,2474.68,40.97,UPI,Delivered
ORD02426,2025-01-20,C0245,Consumer,West,Ahmedabad,Marketplace,P016,Desk Lamp,Home & Kitchen,2,1350.01,10.0,2700.02,270.0,228.69,69.17,1500,False,0,0.0,2430.02,632.16,26.01,UPI,Delivered
ORD02427,2025-01-17,C0485,Consumer,South,Hyderabad,Marketplace,P020,Study Table Organizer,Stationery,1,920.75,5.0,920.75,46.04,233.62,29.25,450,False,0,0.0,874.71,161.84,18.5,UPI,Delivered
ORD02428,2024-12-18,C0241,Home Office,South,Kochi,Mobile App,P001,Wireless Headphones,Electronics,6,1692.47,5.0,10154.82,507.74,46.96,236.28,6300,False,0,0.0,9647.08,3063.84,31.76,UPI,Delivered
ORD02429,2024-07-22,C0298,Consumer,West,Surat,Mobile App,P006,Running Shoes,Sports,2,3634.85,0.0,7269.7,0.0,218.84,235.61,4200,False,0,0.0,7269.7,2615.25,35.97,Debit Card,Delivered
ORD02430,2025-12-06,C0538,Consumer,South,Kochi,Marketplace,P003,Bluetooth Speaker,Electronics,1,2313.02,10.0,2313.02,231.3,122.73,39.59,1300,False,0,0.0,2081.72,619.4,29.75,Net Banking,Delivered
ORD02431,2024-06-10,C0492,Corporate,West,Pune,Marketplace,P017,Notebook Set,Stationery,3,617.31,20.0,1851.93,370.39,215.69,31.48,780,False,0,0.0,1481.54,454.37,30.67,Credit Card,Delivered
ORD02432,2024-11-13,C0040,Consumer,South,Chennai,Website,P019,Planner,Stationery,3,808.15,15.0,2424.45,363.67,218.44,67.0,960,False,0,0.0,2060.78,815.34,39.56,Credit Card,Delivered
ORD02433,2025-12-29,C0282,Consumer,West,Ahmedabad,Marketplace,P008,Fitness Band,Sports,1,2050.09,15.0,2050.09,307.51,211.62,42.25,1200,False,0,0.0,1742.58,288.71,16.57,Debit Card,Delivered
ORD02434,2024-02-25,C0059,Consumer,West,Pune,Website,P012,Sunglasses,Accessories,2,1563.26,10.0,3126.52,312.65,158.0,78.3,1700,False,0,0.0,2813.87,877.57,31.19,Debit Card,Delivered
ORD02435,2024-09-25,C0260,Consumer,North,Chandigarh,Website,P002,Smart Watch,Electronics,1,3293.28,5.0,3293.28,164.66,95.34,80.72,1900,False,0,0.0,3128.62,1052.56,33.64,UPI,Delivered
ORD02436,2025-11-20,C0246,Home Office,North,Delhi,Website,P014,Air Fryer,Home & Kitchen,1,6131.63,10.0,6131.63,613.16,82.54,84.07,3500,False,0,0.0,5518.47,1851.86,33.56,Debit Card,Delivered
ORD02437,2024-07-03,C0409,Home Office,West,Pune,Marketplace,P001,Wireless Headphones,Electronics,1,1746.94,10.0,1746.94,174.69,196.19,30.26,1050,False,0,0.0,1572.25,295.8,18.81,Credit Card,Delivered
ORD02438,2024-02-15,C0057,Consumer,North,Chandigarh,Mobile App,P005,Mechanical Keyboard,Electronics,1,2644.58,15.0,2644.58,396.69,103.3,54.97,1650,False,0,0.0,2247.89,439.62,19.56,Debit Card,Delivered
ORD02439,2025-12-02,C0414,Consumer,West,Pune,Website,P010,Travel Bag,Accessories,3,2429.24,10.0,7287.72,728.77,70.51,129.05,4350,True,2,4372.63,2186.32,-2363.24,-108.09,Net Banking,Returned
ORD02440,2024-07-21,C0374,Corporate,West,Surat,Mobile App,P003,Bluetooth Speaker,Electronics,4,2117.72,5.0,8470.88,423.54,71.42,143.51,5200,False,0,0.0,8047.34,2632.41,32.71,UPI,Delivered
ORD02441,2024-12-07,C0147,Consumer,South,Hyderabad,Mobile App,P002,Smart Watch,Electronics,3,3312.83,5.0,9938.49,496.92,120.26,305.9,5700,False,0,0.0,9441.57,3315.41,35.12,UPI,Delivered
ORD02442,2024-01-04,C0492,Corporate,North,Delhi,Website,P012,Sunglasses,Accessories,2,1577.85,0.0,3155.7,0.0,99.87,79.28,1700,False,0,0.0,3155.7,1276.55,40.45,UPI,Delivered
ORD02443,2025-01-17,C0579,Consumer,South,Hyderabad,Website,P001,Wireless Headphones,Electronics,1,1822.73,15.0,1822.73,273.41,198.63,35.08,1050,False,0,0.0,1549.32,265.61,17.14,UPI,Delivered
ORD02444,2025-12-13,C0284,Consumer,North,Jaipur,Website,P014,Air Fryer,Home & Kitchen,2,5516.45,10.0,11032.9,1103.29,73.02,211.98,7000,False,0,0.0,9929.61,2644.61,26.63,UPI,Delivered
ORD02445,2024-03-17,C0100,Consumer,West,Ahmedabad,Mobile App,P002,Smart Watch,Electronics,5,3420.16,5.0,17100.8,855.04,127.71,509.99,9500,False,0,0.0,16245.76,6108.06,37.6,Debit Card,Delivered
ORD02446,2024-01-30,C0478,Consumer,West,Ahmedabad,Mobile App,P001,Wireless Headphones,Electronics,2,1796.59,10.0,3593.18,359.32,84.54,108.45,2100,False,0,0.0,3233.86,940.87,29.09,UPI,Delivered
ORD02447,2024-02-12,C0199,Home Office,South,Chennai,Website,P010,Travel Bag,Accessories,4,2787.28,10.0,11149.12,1114.91,127.67,311.43,5800,False,0,0.0,10034.21,3795.11,37.82,UPI,Delivered
ORD02448,2024-03-26,C0225,Consumer,East,Ranchi,Website,P017,Notebook Set,Stationery,5,633.54,10.0,3167.7,316.77,236.46,69.21,1300,False,0,0.0,2850.93,1245.26,43.68,UPI,Delivered
ORD02449,2025-05-13,C0176,Consumer,South,Hyderabad,Website,P018,Premium Pen Set,Stationery,4,965.68,0.0,3862.72,0.0,199.0,125.68,1600,False,0,0.0,3862.72,1938.04,50.17,UPI,Delivered
ORD02450,2024-06-15,C0262,Home Office,East,Kolkata,Marketplace,P004,Laptop Stand,Electronics,1,1389.28,10.0,1389.28,138.93,158.93,37.86,850,False,0,0.0,1250.35,203.56,16.28,Net Banking,Delivered
ORD02451,2024-09-13,C0468,Home Office,East,Bhubaneswar,Mobile App,P007,Yoga Mat,Sports,1,1164.75,15.0,1164.75,174.71,167.84,15.57,650,False,0,0.0,990.04,156.63,15.82,UPI,Delivered
ORD02452,2024-03-01,C0061,Consumer,South,Kochi,Mobile App,P018,Premium Pen Set,Stationery,2,938.11,10.0,1876.22,187.62,193.71,43.81,800,False,0,0.0,1688.6,651.08,38.56,Credit Card,Delivered
ORD02453,2024-01-08,C0114,Corporate,East,Patna,Marketplace,P009,Office Backpack,Accessories,5,1703.23,5.0,8516.15,425.81,78.29,224.19,5000,False,0,0.0,8090.34,2787.86,34.46,UPI,Delivered
ORD02454,2024-10-18,C0137,Consumer,West,Pune,Website,P015,Electric Kettle,Home & Kitchen,3,1771.66,15.0,5314.98,797.25,130.66,75.24,3150,False,0,0.0,4517.73,1161.83,25.72,Debit Card,Delivered
ORD02455,2024-12-17,C0262,Home Office,North,Delhi,Mobile App,P010,Travel Bag,Accessories,2,2529.06,15.0,5058.12,758.72,210.18,89.83,2900,True,2,4299.4,0.0,-3200.01,0.0,Net Banking,Returned
ORD02456,2024-12-14,C0222,Consumer,North,Chandigarh,Marketplace,P020,Study Table Organizer,Stationery,1,965.85,10.0,965.85,96.58,185.31,19.84,450,False,0,0.0,869.27,214.12,24.63,Credit Card,Delivered
ORD02457,2024-11-25,C0419,Corporate,South,Kochi,Mobile App,P005,Mechanical Keyboard,Electronics,1,2980.71,5.0,2980.71,149.04,77.4,91.09,1650,False,0,0.0,2831.67,1013.18,35.78,UPI,Delivered
ORD02458,2025-05-19,C0284,Consumer,South,Hyderabad,Mobile App,P013,Coffee Maker,Home & Kitchen,1,4055.2,5.0,4055.2,202.76,108.66,67.64,2550,False,0,0.0,3852.44,1126.14,29.23,Credit Card,Delivered
ORD02459,2024-09-15,C0167,Consumer,South,Chennai,Marketplace,P003,Bluetooth Speaker,Electronics,2,2289.24,10.0,4578.48,457.85,196.52,122.89,2600,False,0,0.0,4120.63,1201.22,29.15,UPI,Delivered
ORD02460,2024-06-01,C0331,Consumer,South,Bengaluru,Marketplace,P020,Study Table Organizer,Stationery,4,990.68,10.0,3962.72,396.27,54.99,67.37,1800,False,0,0.0,3566.45,1644.09,46.1,COD,Delivered
ORD02461,2025-02-19,C0507,Home Office,West,Mumbai,Mobile App,P001,Wireless Headphones,Electronics,1,1939.58,5.0,1939.58,96.98,112.04,38.99,1050,False,0,0.0,1842.6,641.57,34.82,UPI,Delivered
ORD02462,2024-09-30,C0026,Corporate,East,Patna,Marketplace,P014,Air Fryer,Home & Kitchen,2,5557.9,5.0,11115.8,555.79,68.41,210.59,7000,False,0,0.0,10560.01,3281.01,31.07,COD,Delivered
ORD02463,2025-06-19,C0119,Home Office,North,Delhi,Website,P018,Premium Pen Set,Stationery,3,837.21,0.0,2511.63,0.0,182.49,53.69,1200,False,0,0.0,2511.63,1075.45,42.82,Net Banking,Cancelled
ORD02464,2024-04-09,C0477,Consumer,North,Lucknow,Website,P012,Sunglasses,Accessories,1,1712.65,15.0,1712.65,256.9,195.58,41.07,850,False,0,0.0,1455.75,369.1,25.35,COD,Delivered
ORD02465,2024-10-03,C0328,Consumer,East,Bhubaneswar,Mobile App,P015,Electric Kettle,Home & Kitchen,2,1780.92,0.0,3561.84,0.0,116.57,122.37,2100,False,0,0.0,3561.84,1222.9,34.33,UPI,Delivered
ORD02466,2024-08-19,C0504,Corporate,West,Pune,Marketplace,P014,Air Fryer,Home & Kitchen,2,5612.74,5.0,11225.48,561.27,222.06,242.64,7000,True,1,5332.1,5332.11,-2132.59,-40.0,Credit Card,Returned
ORD02467,2024-06-14,C0312,Consumer,West,Surat,Website,P007,Yoga Mat,Sports,1,1197.47,5.0,1197.47,59.87,78.06,23.51,650,False,0,0.0,1137.6,386.03,33.93,Credit Card,Delivered
ORD02468,2025-09-22,C0306,Home Office,North,Chandigarh,Website,P015,Electric Kettle,Home & Kitchen,2,1779.76,5.0,3559.52,177.98,97.56,87.95,2100,False,0,0.0,3381.54,1096.03,32.41,COD,Delivered
ORD02469,2024-01-18,C0276,Consumer,North,Delhi,Website,P006,Running Shoes,Sports,1,3519.7,5.0,3519.7,175.98,106.29,98.76,2100,False,0,0.0,3343.72,1038.67,31.06,UPI,Delivered
ORD02470,2025-03-23,C0026,Corporate,West,Mumbai,Mobile App,P009,Office Backpack,Accessories,1,1699.87,0.0,1699.87,0.0,205.98,29.15,1000,False,0,0.0,1699.87,464.74,27.34,UPI,Delivered
ORD02471,2025-03-09,C0202,Consumer,North,Delhi,Mobile App,P016,Desk Lamp,Home & Kitchen,3,1485.82,0.0,4457.46,0.0,236.34,113.39,2250,False,0,0.0,4457.46,1857.73,41.68,UPI,Delivered
ORD02472,2024-12-18,C0535,Corporate,East,Patna,Mobile App,P007,Yoga Mat,Sports,4,1220.86,10.0,4883.44,488.34,80.75,88.84,2600,True,3,3296.32,1098.78,-1670.81,-152.06,Net Banking,Returned
ORD02473,2025-11-01,C0253,Home Office,West,Surat,Website,P018,Premium Pen Set,Stationery,2,896.14,10.0,1792.28,179.23,184.82,50.25,800,False,0,0.0,1613.05,577.98,35.83,Credit Card,Delivered
ORD02474,2024-02-14,C0462,Corporate,North,Jaipur,Website,P017,Notebook Set,Stationery,3,573.13,0.0,1719.39,0.0,214.87,25.8,780,False,0,0.0,1719.39,698.72,40.64,UPI,Delivered
ORD02475,2025-12-21,C0465,Home Office,South,Kochi,Website,P010,Travel Bag,Accessories,1,2656.97,5.0,2656.97,132.85,157.99,43.2,1450,True,1,2524.12,0.0,-1651.19,0.0,UPI,Returned
ORD02476,2024-05-11,C0297,Corporate,South,Bengaluru,Mobile App,P009,Office Backpack,Accessories,4,1841.35,0.0,7365.4,0.0,217.12,200.45,4000,False,0,0.0,7365.4,2947.83,40.02,Credit Card,Delivered
ORD02477,2025-08-14,C0409,Home Office,South,Bengaluru,Mobile App,P003,Bluetooth Speaker,Electronics,5,2070.18,15.0,10350.9,1552.64,214.22,191.71,6500,False,0,0.0,8798.26,1892.33,21.51,COD,Delivered
ORD02478,2024-04-14,C0196,Consumer,North,Jaipur,Mobile App,P010,Travel Bag,Accessories,1,2789.31,5.0,2789.31,139.47,233.29,64.01,1450,False,0,0.0,2649.84,902.54,34.06,Net Banking,Delivered
ORD02479,2025-06-28,C0104,Consumer,South,Hyderabad,Website,P017,Notebook Set,Stationery,2,595.55,0.0,1191.1,0.0,94.71,18.4,520,False,0,0.0,1191.1,557.99,46.85,UPI,Delivered
ORD02480,2024-01-12,C0191,Consumer,North,Chandigarh,Mobile App,P008,Fitness Band,Sports,1,2056.03,10.0,2056.03,205.6,58.83,33.12,1200,False,0,0.0,1850.43,558.48,30.18,UPI,Delivered
ORD02481,2024-01-09,C0515,Consumer,West,Pune,Marketplace,P015,Electric Kettle,Home & Kitchen,1,1842.64,10.0,1842.64,184.26,191.44,38.38,1050,True,1,1658.38,0.0,-1279.82,0.0,Net Banking,Returned
ORD02482,2025-09-12,C0081,Home Office,West,Ahmedabad,Mobile App,P020,Study Table Organizer,Stationery,6,950.84,10.0,5705.04,570.5,141.51,164.37,2700,False,0,0.0,5134.54,2128.66,41.46,UPI,Delivered
ORD02483,2024-06-23,C0261,Consumer,West,Mumbai,Marketplace,P018,Premium Pen Set,Stationery,1,970.03,15.0,970.03,145.5,216.41,18.09,400,False,0,0.0,824.53,190.03,23.05,Debit Card,Delivered
ORD02484,2025-05-31,C0594,Consumer,South,Chennai,Mobile App,P007,Yoga Mat,Sports,2,1255.64,5.0,2511.28,125.56,54.12,50.18,1300,False,0,0.0,2385.72,981.42,41.14,Debit Card,Delivered
ORD02485,2024-02-19,C0095,Corporate,West,Mumbai,Marketplace,P004,Laptop Stand,Electronics,4,1454.49,0.0,5817.96,0.0,163.61,143.75,3400,False,0,0.0,5817.96,2110.6,36.28,COD,Delivered
ORD02486,2024-09-24,C0322,Corporate,West,Pune,Website,P003,Bluetooth Speaker,Electronics,2,2244.18,5.0,4488.36,224.42,88.0,99.21,2600,False,0,0.0,4263.94,1476.73,34.63,Debit Card,Delivered
ORD02487,2025-06-20,C0161,Consumer,North,Jaipur,Mobile App,P007,Yoga Mat,Sports,1,1252.28,5.0,1252.28,62.61,226.45,19.48,650,False,0,0.0,1189.67,293.74,24.69,COD,Delivered
ORD02488,2024-08-25,C0407,Consumer,East,Ranchi,Marketplace,P007,Yoga Mat,Sports,1,1259.27,20.0,1259.27,251.85,128.02,33.2,650,True,1,1007.42,0.0,-811.22,0.0,Net Banking,Returned
ORD02489,2025-11-02,C0548,Corporate,East,Bhubaneswar,Mobile App,P005,Mechanical Keyboard,Electronics,4,2586.26,10.0,10345.04,1034.5,186.44,190.87,6600,False,0,0.0,9310.54,2333.23,25.06,COD,Delivered
ORD02490,2025-10-11,C0561,Corporate,West,Pune,Website,P019,Planner,Stationery,2,725.02,15.0,1450.04,217.51,93.8,35.0,640,False,0,0.0,1232.53,463.73,37.62,Debit Card,Delivered
ORD02491,2025-04-17,C0318,Consumer,North,Delhi,Marketplace,P007,Yoga Mat,Sports,1,1256.31,20.0,1256.31,251.26,163.25,34.45,650,False,0,0.0,1005.05,157.35,15.66,Credit Card,Delivered
ORD02492,2024-05-21,C0336,Consumer,West,Pune,Mobile App,P019,Planner,Stationery,1,696.46,10.0,696.46,69.65,158.0,18.26,320,False,0,0.0,626.81,130.55,20.83,Credit Card,Delivered
ORD02493,2024-05-09,C0560,Corporate,East,Patna,Marketplace,P005,Mechanical Keyboard,Electronics,1,3013.88,15.0,3013.88,452.08,124.33,50.55,1650,False,0,0.0,2561.8,736.92,28.77,UPI,Delivered
ORD02494,2025-10-10,C0108,Corporate,East,Bhubaneswar,Marketplace,P018,Premium Pen Set,Stationery,2,842.49,10.0,1684.98,168.5,95.34,29.49,800,False,0,0.0,1516.48,591.65,39.01,Credit Card,Delivered
ORD02495,2025-08-03,C0063,Corporate,East,Bhubaneswar,Mobile App,P009,Office Backpack,Accessories,1,1914.25,5.0,1914.25,95.71,199.1,49.14,1000,False,0,0.0,1818.54,570.3,31.36,Credit Card,Delivered
ORD02496,2025-07-27,C0383,Corporate,North,Delhi,Website,P008,Fitness Band,Sports,3,2217.19,0.0,6651.57,0.0,80.37,168.46,3600,False,0,0.0,6651.57,2802.74,42.14,Debit Card,Delivered
ORD02497,2025-03-09,C0290,Consumer,North,Jaipur,Mobile App,P012,Sunglasses,Accessories,3,1555.4,15.0,4666.2,699.93,108.3,87.71,2550,False,0,0.0,3966.27,1220.26,30.77,COD,Delivered
ORD02498,2024-01-09,C0211,Consumer,North,Delhi,Website,P005,Mechanical Keyboard,Electronics,2,2850.81,0.0,5701.62,0.0,162.98,164.52,3300,False,0,0.0,5701.62,2074.12,36.38,UPI,Delivered
ORD02499,2024-01-08,C0159,Consumer,North,Chandigarh,Website,P010,Travel Bag,Accessories,1,2798.17,5.0,2798.17,139.91,153.44,49.31,1450,False,0,0.0,2658.26,1005.51,37.83,UPI,Cancelled
ORD02500,2024-09-21,C0381,Consumer,West,Pune,Marketplace,P013,Coffee Maker,Home & Kitchen,1,3916.63,10.0,3916.63,391.66,140.37,74.8,2550,False,0,0.0,3524.97,759.8,21.55,COD,Delivered
